cell_line,depmap_id,lineage,outer_fold,model,b2_fallback,b3_neighbor_cell_line,rmse_delta,nrmse_delta,pcc_delta,spearman_delta,signed_top50_overlap,pcc_context,rmse_gain_vs_b1,nrmse_gain_vs_b1,rmse_gain_vs_b4,nrmse_gain_vs_b4,rmse_gain_vs_cclr,outer_test_response_used_for_fit,report_order
22RV1_PROSTATE,ACH-000956,prostate,1,B1_MEAN_W5,False,,0.4145789406483807,0.965980148187969,0.2602854699118827,0.2341616199719117,0.05,,0.0,0.0,-0.001298046519249585,,-0.0014331514937107048,False,0
42MGBA_CENTRAL_NERVOUS_SYSTEM,ACH-000323,central_nervous_system,2,B1_MEAN_W5,False,,0.2139863223472762,0.8939403069081465,0.4816378635359932,0.3636395885878055,0.3,,0.0,0.0,-0.0019299392662188997,,-0.0018860738107593922,False,0
769P_KIDNEY,ACH-000411,kidney,3,B1_MEAN_W5,False,,0.2610065476149723,0.8919804709481189,0.4596861138909444,0.3322400559456493,0.36,,0.0,0.0,-0.0010730903606473996,,-0.00017861452676209977,False,0
786O_KIDNEY,ACH-000649,kidney,2,B1_MEAN_W5,False,,0.1932254810590707,0.9073329960687488,0.500984997572716,0.3708288202334598,0.35,,0.0,0.0,-0.005357096809018191,,-0.004829624715922687,False,0
8505C_THYROID,ACH-001307,thyroid,0,B1_MEAN_W5,False,,0.2874638794684673,0.8553022999549201,0.5146566721700961,0.4171050817671557,0.22,,0.0,0.0,-0.0025691743371397124,,-0.0018215997923023974,False,0
A2780_OVARY,ACH-000657,ovary,0,B1_MEAN_W5,False,,0.2732165350956175,0.8597529148063868,0.5073839858286764,0.4068573150773094,0.1699999999999999,,0.0,0.0,-0.0007190861766629975,,0.0009421274855684891,False,0
A375_SKIN,ACH-000219,skin,1,B1_MEAN_W5,False,,0.3921292507263841,0.827068563239286,0.622674375555083,0.4839402186531862,0.18,,0.0,0.0,-0.009000226937885714,,-0.008019094623962497,False,0
ACCMESO1_PLEURA,ACH-000086,mesothelioma,3,B1_MEAN_W5,False,,0.1922162736246278,0.8804956183207762,0.5122511137524574,0.3814871682910072,0.38,,0.0,0.0,-0.002350240749960486,,-0.0023669231667253765,False,0
AGS_STOMACH,ACH-000880,gastric,0,B1_MEAN_W5,False,,0.2839293639490524,0.8793951520861574,0.4716052444329574,0.3674491525875456,0.2,,0.0,0.0,-0.0006776936601716743,,-0.0003741920326956749,False,0
BEN_LUNG,ACH-000603,lung,0,B1_MEAN_W5,False,,0.2707240469956049,0.9967800805590544,0.27814248701452,0.2049877004100215,0.19,,0.0,0.0,0.0049025656889223335,,0.007481484754036705,False,0
CAL120_BREAST,ACH-000212,breast,1,B1_MEAN_W5,False,,0.2223777649860951,0.8944787906524142,0.46898490897623,0.3680277322139967,0.26,,0.0,0.0,-0.0025233638166966,,-4.3574948273811254e-05,False,0
CAL62_THYROID,ACH-000174,thyroid,3,B1_MEAN_W5,False,,0.2413345660255218,0.7845610071711038,0.636507894506891,0.4909167174659541,0.26,,0.0,0.0,-0.0015208333444768074,,-0.0007683545091388133,False,0
CAOV3_OVARY,ACH-000713,ovary,2,B1_MEAN_W5,False,,0.2942756974333648,0.898486113568903,0.4432175143403543,0.3496573072980076,0.23,,0.0,0.0,0.0006789652737770879,,0.0011703595577912118,False,0
CJM_SKIN,ACH-000458,skin,3,B1_MEAN_W5,False,,0.4384184229501841,0.9038273594089804,0.4263115608117719,0.3481960266135786,0.13,,0.0,0.0,-0.003393991503917282,,-0.0032363415973774567,False,0
COLO668_LUNG,ACH-000803,lung,1,B1_MEAN_W5,False,,0.4211966240576792,0.9713776287662133,0.2397688963762908,0.2122046853872579,0.12,,0.0,0.0,-0.0007373135232451311,,0.0009636991951147977,False,0
COLO680N_OESOPHAGUS,ACH-000717,esophagus,2,B1_MEAN_W5,False,,0.2744140087810622,0.8832538802367342,0.4784980761445584,0.3658441301423643,0.23,,0.0,0.0,-0.0005192665250359219,,0.00037196172320208554,False,0
COV434_OVARY,ACH-000123,ovary,1,B1_MEAN_W5,False,,0.3466689838485079,0.9792407350157196,0.2506629837448331,0.2159221034949832,0.08,,0.0,0.0,-0.0038121181227794287,,-0.0026337218084077074,False,0
DMS273_LUNG,ACH-000749,lung,0,B1_MEAN_W5,False,,0.2159228625454909,0.9508759969888808,0.3911919704739879,0.3081442331030939,0.28,,0.0,0.0,-0.005506940757293993,,-0.006738839805233404,False,0
EFM192A_BREAST,ACH-000117,breast,4,B1_MEAN_W5,False,,0.3760794096889303,0.952451553119782,0.3011906981025242,0.2541307293947564,0.11,,0.0,0.0,0.0007680644371510503,,5.539823023020807e-05,False,0
G401_SOFT_TISSUE,ACH-000096,rhabdoid,2,B1_MEAN_W5,False,,0.2914336281273836,0.914132533750478,0.4000376366210209,0.3574707652148932,0.11,,0.0,0.0,-0.0015092290543451958,,-0.0004697698002307793,False,0
GCIY_STOMACH,ACH-000047,gastric,1,B1_MEAN_W5,False,,0.2110173024773641,0.8472150039783788,0.5362146140340828,0.4224704273536441,0.27,,0.0,0.0,-0.001972639472618415,,-0.001205690633982709,False,0
GP2D_LARGE_INTESTINE,ACH-000982,colorectal,1,B1_MEAN_W5,False,,0.2620914362845322,0.9185664463856956,0.4080936368388609,0.3389256822141659,0.16,,0.0,0.0,0.0009868697142725869,,-0.00014807686165979606,False,0
HCC1143_BREAST,ACH-000374,breast,2,B1_MEAN_W5,False,,0.3004807173786026,0.9181042445662948,0.4208695056735776,0.3236521292988962,0.23,,0.0,0.0,0.0005504031534864784,,0.0008022766193364061,False,0
HCC1195_LUNG,ACH-000868,lung,0,B1_MEAN_W5,False,,0.3434771239467876,0.9009077008996582,0.4422815002451419,0.3454954365993317,0.18,,0.0,0.0,0.00014655890647780057,,-0.00032654818008348574,False,0
HCC1419_BREAST,ACH-000277,breast,3,B1_MEAN_W5,False,,0.4164359916397935,0.9475669184266786,0.2988995157264842,0.2403862092165172,0.05,,0.0,0.0,-0.00028914053965078956,,-0.0005432486353246224,False,0
HEC1B_ENDOMETRIUM,ACH-000941,uterus,4,B1_MEAN_W5,False,,0.2625146560815929,0.910829066604134,0.4305722574616079,0.3343834951723657,0.18,,0.0,0.0,-0.002549937590296425,,-0.0012882393909141032,False,0
HEP3B217_LIVER,ACH-000625,liver,3,B1_MEAN_W5,False,,0.4972080079700353,0.9606414354210048,0.2649757195820736,0.2063962442911006,0.08,,0.0,0.0,-0.0006137611951496091,,-0.0006215534681821011,False,0
HS766T_PANCREAS,ACH-000178,pancreas,2,B1_MEAN_W5,False,,0.5704641652579164,0.912061976512637,0.4269205992651434,0.3639619800440078,0.07,,0.0,0.0,-0.0018749928259701454,,-0.001811014342482431,False,0
HS852T_SKIN,ACH-000274,skin,4,B1_MEAN_W5,False,,0.5650596226113231,0.944833348651062,0.3103923920911358,0.2718929818529271,0.04,,0.0,0.0,-0.0037383788483511537,,-0.004106633036512264,False,0
HUCCT1_BILIARY_TRACT,ACH-000976,bile_duct,3,B1_MEAN_W5,False,,0.3637427822828422,0.8429418253554326,0.5675511373360357,0.4228635405115239,0.22,,0.0,0.0,-0.005070847880413676,,-0.0050168671493638906,False,0
IGR1_SKIN,ACH-000882,skin,2,B1_MEAN_W5,False,,0.2961199123768651,0.8661862286470604,0.4953404554946881,0.395487233799443,0.19,,0.0,0.0,-0.005383337456807802,,-0.004993175654301074,False,0
IGROV1_OVARY,ACH-000966,ovary,4,B1_MEAN_W5,False,,0.2160703371358782,0.877973806264133,0.4963484391408975,0.3885239098927897,0.2,,0.0,0.0,-0.002636687047383901,,-0.0013669054426153071,False,0
ISTMES1_PLEURA,ACH-000569,mesothelioma,0,B1_MEAN_W5,False,,0.310625844123413,0.8926796878140599,0.4469765140442047,0.3722392363843257,0.15,,0.0,0.0,-0.00042291464622118413,,0.0005106773345390225,False,0
J82_URINARY_TRACT,ACH-000396,urinary_tract,0,B1_MEAN_W5,False,,0.2176714249328222,0.8885321466349909,0.4681104433035181,0.3597691199854539,0.26,,0.0,0.0,-0.0006664447990861189,,0.0023206184850474987,False,0
JHH5_LIVER,ACH-000734,liver,4,B1_MEAN_W5,False,,0.3662182647086007,0.8825064480751819,0.4581430875787012,0.3616566721712451,0.18,,0.0,0.0,-0.0003453158991141847,,0.004313045070350796,False,0
KNS42_CENTRAL_NERVOUS_SYSTEM,ACH-000622,central_nervous_system,3,B1_MEAN_W5,False,,0.2892731568313366,0.9636092233026512,0.3231022133095741,0.2663124559099669,0.13,,0.0,0.0,-0.00117229988249401,,-0.001384686629808063,False,0
KNS60_CENTRAL_NERVOUS_SYSTEM,ACH-000445,central_nervous_system,4,B1_MEAN_W5,False,,0.2810285319584906,0.9421023260571296,0.3732006853678806,0.2918420344017937,0.2299999999999999,,0.0,0.0,-0.0015913011989208137,,-0.0024553686840665945,False,0
KNS81_CENTRAL_NERVOUS_SYSTEM,ACH-000479,central_nervous_system,0,B1_MEAN_W5,False,,0.3447097687361483,0.8965941521306219,0.4402263999170236,0.3537177777625183,0.16,,0.0,0.0,-0.0016124563438814077,,-0.0020065250300344006,False,0
KYSE270_OESOPHAGUS,ACH-000873,esophagus,3,B1_MEAN_W5,False,,0.2519306443314603,0.8743951382627067,0.4890074203372911,0.3874894456070514,0.26,,0.0,0.0,0.0009603414972680913,,0.0004992967518581137,False,0
LI7_LIVER,ACH-000471,liver,1,B1_MEAN_W5,False,,0.4258365832703424,0.965675128962173,0.2639220793735385,0.2143758080945214,0.11,,0.0,0.0,0.0015402634626571765,,0.0013027355495983106,False,0
LK2_LUNG,ACH-000769,lung,3,B1_MEAN_W5,False,,0.3095418633538979,0.9695834208885256,0.2876118567586503,0.2391822380969351,0.16,,0.0,0.0,-0.0010643756835972962,,-0.0009928011700083839,False,0
LMSU_STOMACH,ACH-000255,gastric,3,B1_MEAN_W5,False,,0.2430469768796793,0.8581400952793856,0.5074410700691312,0.3985499328772898,0.22,,0.0,0.0,-0.0036215943844356002,,-0.0033285436922068923,False,0
LN229_CENTRAL_NERVOUS_SYSTEM,ACH-000595,central_nervous_system,1,B1_MEAN_W5,False,,0.3139417423881623,0.8689835342014307,0.4872490212804649,0.3809606290037208,0.15,,0.0,0.0,-0.001547570558362521,,-0.001664229302815623,False,0
LNCAPCLONEFGC_PROSTATE,ACH-000977,prostate,4,B1_MEAN_W5,False,,0.2690688547675526,0.9995415727356084,0.2862263657657045,0.2351672919030315,0.15,,0.0,0.0,-0.0035155558159064015,,-0.001260850967730598,False,0
LOVO_LARGE_INTESTINE,ACH-000950,colorectal,0,B1_MEAN_W5,False,,0.2958571735802484,0.851924917844074,0.523825599996406,0.4006027217186064,0.21,,0.0,0.0,-0.005769939191988371,,-0.003954417868666682,False,0
LUDLU1_LUNG,ACH-000390,lung,2,B1_MEAN_W5,False,,0.3212658265732021,0.9312246821227724,0.371929365835909,0.2845418969731418,0.19,,0.0,0.0,0.00028500937135261806,,0.0005759464118443303,False,0
MALME3M_SKIN,ACH-000477,skin,0,B1_MEAN_W5,False,,0.6077221374061016,0.9354152763690908,0.3526512289540625,0.2711811251149014,0.04,,0.0,0.0,-0.00775438378175608,,-0.008763713798900619,False,0
MDAMB435S_SKIN,ACH-000884,skin,1,B1_MEAN_W5,False,,0.2701579492158599,0.8777809124911977,0.4868476288027714,0.3775736728900825,0.19,,0.0,0.0,0.0015371348766088921,,0.0014158432731228854,False,0
MDAMB468_BREAST,ACH-000849,breast,0,B1_MEAN_W5,False,,0.2612329693785642,0.9038885672556396,0.4539313881317348,0.322818954091028,0.31,,0.0,0.0,-0.0001937893928458112,,-0.0009307034264114389,False,0
MIAPACA2_PANCREAS,ACH-000601,pancreas,0,B1_MEAN_W5,False,,0.2626905482418977,0.7945846804750144,0.6320546859640325,0.4811699283029675,0.24,,0.0,0.0,-0.0011174862671902153,,0.0013190269185798242,False,0
MSTO211H_PLEURA,ACH-000335,mesothelioma,2,B1_MEAN_W5,False,,0.2364829470222949,0.8062709633740299,0.5788991331086513,0.4448024751730569,0.25,,0.0,0.0,-0.00033895705431888357,,0.0009942469349356053,False,0
NCIH1048_LUNG,ACH-000866,lung,4,B1_MEAN_W5,False,,0.4092242219014209,0.962357296614591,0.2716485081453028,0.2337552396142967,0.07,,0.0,0.0,-0.0005043392801443725,,-0.0020969109378936035,False,0
NCIH1299_LUNG,ACH-000510,lung,3,B1_MEAN_W5,False,,0.1803249936392556,0.8122203826127665,0.5934679418056715,0.4536910082833496,0.38,,0.0,0.0,-0.00299652058510802,,-0.002785789357306917,False,0
NCIH1355_LUNG,ACH-000666,lung,1,B1_MEAN_W5,False,,0.3312985620539369,0.8771949617557007,0.4632607310443521,0.3640794622279401,0.13,,0.0,0.0,0.0005539810157733083,,0.0017888335501991537,False,0
NCIH1573_LUNG,ACH-000916,lung,4,B1_MEAN_W5,False,,0.3730303038100609,0.9343130145660437,0.348662815946556,0.2887519265543903,0.14,,0.0,0.0,-0.0008583061533644076,,-0.0005300762820187321,False,0
NCIH1581_LUNG,ACH-000015,lung,2,B1_MEAN_W5,False,,0.2475628420836757,0.9046671709805794,0.4323018712512806,0.3616572754918131,0.19,,0.0,0.0,-0.0027837280959211175,,-0.002265320127350423,False,0
NCIH1650_LUNG,ACH-000035,lung,4,B1_MEAN_W5,False,,0.3507420084298522,0.9340217188984252,0.3545453492331122,0.2940092673246819,0.16,,0.0,0.0,0.0003265601159921916,,-0.0003840790560499241,False,0
NCIH1693_LUNG,ACH-000021,lung,3,B1_MEAN_W5,False,,0.2417759454680615,0.8322662446788116,0.544753024522131,0.440040300681751,0.3299999999999999,,0.0,0.0,0.0015389894575384977,,0.0016910932561383096,False,0
NCIH1793_LUNG,ACH-000888,lung,2,B1_MEAN_W5,False,,0.3202122005835032,0.9412537101222912,0.3515491123550077,0.2807192413206903,0.13,,0.0,0.0,-0.0006878127837570136,,-0.0005336308072281803,False,0
NCIH1915_LUNG,ACH-000434,lung,2,B1_MEAN_W5,False,,0.3435828997848396,0.8743107001408464,0.4876696520898689,0.3966521442266417,0.18,,0.0,0.0,-0.002089693699311057,,-0.001527128086878382,False,0
NCIH2126_LUNG,ACH-000785,lung,1,B1_MEAN_W5,False,,0.2865390357631427,0.9583255975572256,0.3355027065074381,0.2566693294418051,0.24,,0.0,0.0,0.0019449407789353113,,-0.00026095885899790616,False,0
NCIH2347_LUNG,ACH-000875,lung,0,B1_MEAN_W5,False,,0.4884189917421065,0.918858612681668,0.4011925009744616,0.3090487289324765,0.09,,0.0,0.0,-0.0020876350512258335,,-0.003517982113672935,False,0
NCIH23_LUNG,ACH-000900,lung,0,B1_MEAN_W5,False,,0.276792339607864,0.901454134769384,0.4393947426242342,0.3337637531898229,0.24,,0.0,0.0,-0.0028617972863635988,,-0.002305473874984365,False,0
NCIH2444_LUNG,ACH-000186,lung,2,B1_MEAN_W5,False,,0.3330935626315117,0.8640596522050316,0.5214797999858758,0.4018805975185522,0.2299999999999999,,0.0,0.0,-0.005193725722898779,,-0.00541618179791481,False,0
NCIH322_LUNG,ACH-000837,lung,4,B1_MEAN_W5,False,,0.3194247502337946,0.912415785702116,0.4042519626669819,0.3290531223275912,0.18,,0.0,0.0,-0.0006576724719646876,,-0.0003272543226092717,False,0
NCIH522_LUNG,ACH-000343,lung,1,B1_MEAN_W5,False,,0.3295688184766585,0.9777139978120688,0.2646424726699171,0.2356378043990665,0.13,,0.0,0.0,-0.005307872380030776,,-0.0043878223686596995,False,0
NCIH838_LUNG,ACH-000416,lung,4,B1_MEAN_W5,False,,0.2140449832002454,0.9157544205903692,0.4565827620359479,0.356912713028973,0.25,,0.0,0.0,0.00015157235577420436,,-0.00350003799674381,False,0
NCIH841_LUNG,ACH-000292,lung,1,B1_MEAN_W5,False,,0.2415335081095126,0.9129323174039748,0.429068679726105,0.3574828532167788,0.22,,0.0,0.0,-0.005084590378876208,,-0.004122940998655705,False,0
NUGC3_STOMACH,ACH-000911,gastric,4,B1_MEAN_W5,False,,0.3140992790296466,0.877868027215745,0.4777922931570275,0.3872092237944213,0.16,,0.0,0.0,-0.0018725573174049326,,-0.0014873899555602477,False,0
OAW42_OVARY,ACH-000704,ovary,3,B1_MEAN_W5,False,,0.1786166079137338,0.8186975789977748,0.5747991514959562,0.4321302808725818,0.37,,0.0,0.0,-0.002077421115250694,,-0.0010403327847022803,False,0
OSRC2_KIDNEY,ACH-000159,kidney,4,B1_MEAN_W5,False,,0.3069633198318272,0.914326189039664,0.4041943648270446,0.3405655821160004,0.12,,0.0,0.0,0.00022993655838410287,,0.0003190631665772048,False,0
PANC0403_PANCREAS,ACH-000235,pancreas,1,B1_MEAN_W5,False,,0.3824307710025416,0.8791719234261947,0.4788231437704506,0.3719082116499875,0.1699999999999999,,0.0,0.0,-0.006751089717121572,,-0.007784658574509495,False,0
PATU8988S_PANCREAS,ACH-000022,pancreas,3,B1_MEAN_W5,False,,0.334647906902758,0.9010102037750664,0.4492863564873834,0.340068783027812,0.24,,0.0,0.0,-0.003298933004032778,,-0.0024023140756200823,False,0
PC3_PROSTATE,ACH-000090,prostate,2,B1_MEAN_W5,False,,0.2699072555658868,1.045623256592234,0.2151097333393151,0.1817805668943344,0.1,,0.0,0.0,0.0017910048531111222,,0.0014730581076028981,False,0
QGP1_PANCREAS,ACH-000347,pancreas,4,B1_MEAN_W5,False,,0.4930841629209982,0.9311140733681162,0.3369156677112261,0.282611600616691,0.09,,0.0,0.0,0.003053042186085486,,0.001664079106029559,False,0
RCC10RGB_KIDNEY,ACH-000189,kidney,0,B1_MEAN_W5,False,,0.2841303911980397,0.884717921080951,0.4749779406275268,0.3543599078545706,0.26,,0.0,0.0,-0.003669882542031655,,-0.0006966345316044009,False,0
RH30_SOFT_TISSUE,ACH-000833,rhabdomyosarcoma,4,B1_MEAN_W5,False,,0.2577329242598603,0.9746975015052216,0.3360987576340289,0.2752686536433803,0.13,,0.0,0.0,-0.0008179823279546583,,-0.0013053984958517617,False,0
SKMEL24_SKIN,ACH-000822,skin,3,B1_MEAN_W5,False,,0.3948812403344318,0.8848435665423757,0.4719275583900289,0.3752008701002812,0.25,,0.0,0.0,-0.010175106471851159,,-0.009770647046274561,False,0
SKUT1_SOFT_TISSUE,ACH-000939,soft_tissue,1,B1_MEAN_W5,False,,0.2785783346670146,0.9188315851428576,0.4091074720252844,0.3119743581088812,0.23,,0.0,0.0,-0.0031566251623698083,,-0.0013994542268015997,False,0
SNB75_CENTRAL_NERVOUS_SYSTEM,ACH-000504,central_nervous_system,4,B1_MEAN_W5,False,,0.3419985647880625,0.9518409160384378,0.3226268847001681,0.2803555094456877,0.08,,0.0,0.0,0.0021090994540688968,,0.00012547878991198136,False,0
SNU1041_UPPER_AERODIGESTIVE_TRACT,ACH-000618,upper_aerodigestive,2,B1_MEAN_W5,False,,0.3598252095305904,0.8788718038566249,0.4803755760700408,0.3790173358174045,0.15,,0.0,0.0,-0.0022512350484285015,,-0.0016377364672650052,False,0
SNU1105_CENTRAL_NERVOUS_SYSTEM,ACH-000368,central_nervous_system,2,B1_MEAN_W5,False,,0.3391993055357907,0.9177927695343804,0.3902879804600339,0.3216407693756491,0.12,,0.0,0.0,-0.002624615111100792,,-0.0026849509964216867,False,0
SNU1214_UPPER_AERODIGESTIVE_TRACT,ACH-000715,upper_aerodigestive,1,B1_MEAN_W5,False,,0.5748991592755835,0.9316432895701644,0.3641045759969816,0.3090652078465891,0.06,,0.0,0.0,-0.0033678251740398846,,-0.0024247870045949194,False,0
SNU245_BILIARY_TRACT,ACH-000268,bile_duct,4,B1_MEAN_W5,False,,0.3541014708735376,0.9080302427813304,0.4001814029268966,0.3280546908090406,0.11,,0.0,0.0,-0.0022480976310317313,,-0.0013178713015224996,False,0
SNU685_ENDOMETRIUM,ACH-000407,uterus,0,B1_MEAN_W5,False,,0.2943606328404791,0.957324883958469,0.3247202990489484,0.2279368076146192,0.14,,0.0,0.0,-0.0021715787743712966,,-0.002037782648210973,False,0
SW480_LARGE_INTESTINE,ACH-000842,colorectal,3,B1_MEAN_W5,False,,0.4401068952687002,0.940444559863555,0.3561885514876006,0.2565472605182956,0.18,,0.0,0.0,-0.00014135846816143438,,-0.00015864352400934978,False,0
SW48_LARGE_INTESTINE,ACH-000958,colorectal,2,B1_MEAN_W5,False,,0.4277817407000384,0.9518007552676548,0.2852717041356722,0.2481338825910701,0.08,,0.0,0.0,0.00020672464270810043,,0.0004923195983863038,False,0
SW579_THYROID,ACH-000163,thyroid,2,B1_MEAN_W5,False,,0.3950079235908484,0.9270381428854793,0.3750115548674653,0.2961615932872534,0.12,,0.0,0.0,-0.0021090646324806173,,-0.0015864598388989348,False,0
SW900_LUNG,ACH-000669,lung,3,B1_MEAN_W5,False,,0.3818088514585502,0.8693256387412085,0.5055193697764893,0.3925172540201181,0.1699999999999999,,0.0,0.0,-0.0006741311062792299,,-0.000794718166828523,False,0
TE11_OESOPHAGUS,ACH-000488,esophagus,4,B1_MEAN_W5,False,,0.2888282213503972,0.9370009804280308,0.3792460440041836,0.2913347847775854,0.15,,0.0,0.0,0.005120158139330866,,0.006137960241310969,False,0
TE6_OESOPHAGUS,ACH-000605,esophagus,0,B1_MEAN_W5,False,,0.3480698044502381,0.9316513977566347,0.363366716743207,0.2842294620158081,0.2,,0.0,0.0,0.0011359908908211702,,2.3063729960692836e-05,False,0
TEN_ENDOMETRIUM,ACH-000397,uterus,1,B1_MEAN_W5,False,,0.3042336116558332,0.9394055885447198,0.3551632224240747,0.2839783083194985,0.16,,0.0,0.0,-0.0012136874859092761,,-0.0010636335450053824,False,0
TUHR4TKB_KIDNEY,ACH-000495,kidney,1,B1_MEAN_W5,False,,0.3285532169704673,0.9358561052497112,0.3621593460821815,0.2920966078107196,0.12,,0.0,0.0,-0.0024733594208892207,,-0.001645517192406909,False,0
UACC257_SKIN,ACH-000579,skin,0,B1_MEAN_W5,False,,0.3838640308876447,0.8656072658967552,0.5193736746516762,0.4045067931164763,0.08,,0.0,0.0,-0.010144767071968597,,-0.009043028597497005,False,0
22RV1_PROSTATE,ACH-000956,prostate,1,B4_DIRECT_RIDGE_W5,False,,0.4132808941291311,0.962955664679331,0.2627160288522447,0.2346214330664114,0.06,0.0840558215306248,0.0012980465192495,0.0030244835086379,0.0,,-0.0001351049744611199,False,1
42MGBA_CENTRAL_NERVOUS_SYSTEM,ACH-000323,central_nervous_system,2,B4_DIRECT_RIDGE_W5,False,,0.2120563830810573,0.8858778733795312,0.4990349356134704,0.3761732220617931,0.32,0.139189112930812,0.0019299392662188,0.0080624335286153,0.0,,4.3865455459507485e-05,False,1
769P_KIDNEY,ACH-000411,kidney,3,B4_DIRECT_RIDGE_W5,False,,0.2599334572543249,0.8883132233100552,0.4646850721460512,0.3308389990618587,0.35,0.1001041954235523,0.0010730903606473,0.0036672476380636,0.0,,0.0008944758338852998,False,1
786O_KIDNEY,ACH-000649,kidney,2,B4_DIRECT_RIDGE_W5,False,,0.1878683842500525,0.8821775627826446,0.5308396445376977,0.38640459166891,0.38,0.2156052127762888,0.0053570968090182,0.0251554332861041,0.0,,0.0005274720930955046,False,1
8505C_THYROID,ACH-001307,thyroid,0,B4_DIRECT_RIDGE_W5,False,,0.2848947051313276,0.8476581370652941,0.5277577693612379,0.4235505317738657,0.27,0.1370177066449724,0.0025691743371397,0.0076441628896259,0.0,,0.000747574544837315,False,1
A2780_OVARY,ACH-000657,ovary,0,B4_DIRECT_RIDGE_W5,False,,0.2724974489189545,0.8574901072637664,0.5142439333704409,0.4041699225642615,0.18,0.1096369301073702,0.0007190861766629,0.0022628075426204,0.0,,0.0016612136622314866,False,1
A375_SKIN,ACH-000219,skin,1,B4_DIRECT_RIDGE_W5,False,,0.3831290237884984,0.8080855244872529,0.6442164627522029,0.4979140558876483,0.21,0.2587676735289194,0.0090002269378857,0.0189830387520331,0.0,,0.0009811323139232164,False,1
ACCMESO1_PLEURA,ACH-000086,mesothelioma,3,B4_DIRECT_RIDGE_W5,False,,0.1898660328746673,0.8697297417208564,0.5234937466676323,0.3852555787511812,0.4,0.1411983891057049,0.0023502407499604,0.0107658765999197,0.0,,-1.6682416764890462e-05,False,1
AGS_STOMACH,ACH-000880,gastric,0,B4_DIRECT_RIDGE_W5,False,,0.2832516702888807,0.877296177499431,0.4765750032234029,0.3666484110859871,0.22,0.0918754057574141,0.0006776936601716,0.0020989745867263,0.0,,0.0003035016274759994,False,1
BEN_LUNG,ACH-000603,lung,0,B4_DIRECT_RIDGE_W5,False,,0.2756266126845272,1.0148308591159714,0.2769832177747335,0.2061468896990128,0.21,0.0676910565630592,-0.0049025656889223,-0.0180507785569169,0.0,,0.002578919065114371,False,1
CAL120_BREAST,ACH-000212,breast,1,B4_DIRECT_RIDGE_W5,False,,0.2198544011693985,0.88432896557761,0.4779342172019029,0.3719375727687278,0.29,0.1468446006512666,0.0025233638166965,0.0101498250748042,0.0,,0.0024797888684227887,False,1
CAL62_THYROID,ACH-000174,thyroid,3,B4_DIRECT_RIDGE_W5,False,,0.239813732681045,0.7796168893013248,0.6452218522371854,0.4986970115962506,0.27,0.1019561795768231,0.0015208333444768,0.0049441178697789,0.0,,0.0007524788353379941,False,1
CAOV3_OVARY,ACH-000713,ovary,2,B4_DIRECT_RIDGE_W5,False,,0.2949546627071419,0.9005591385431193,0.4426750687483055,0.3439661190076815,0.24,0.035847653457992,-0.0006789652737771,-0.0020730249742163,0.0,,0.0004913942840141239,False,1
CJM_SKIN,ACH-000458,skin,3,B4_DIRECT_RIDGE_W5,False,,0.4350244314462668,0.8968304308625021,0.4357331199383039,0.3479705125230303,0.12,0.1306992231225585,0.0033939915039173,0.0069969285464782,0.0,,0.00015764990653982514,False,1
COLO668_LUNG,ACH-000803,lung,1,B4_DIRECT_RIDGE_W5,False,,0.4204593105344341,0.9696772118564874,0.2412384451535286,0.2149383922056175,0.11,0.0844484171248439,0.0007373135232451,0.0017004169097257,0.0,,0.0017010127183599288,False,1
COLO680N_OESOPHAGUS,ACH-000717,esophagus,2,B4_DIRECT_RIDGE_W5,False,,0.2738947422560263,0.8815825217840362,0.4862151291265938,0.3640843935685627,0.25,0.0923451468004831,0.0005192665250358,0.001671358452698,0.0,,0.0008912282482380074,False,1
COV434_OVARY,ACH-000123,ovary,1,B4_DIRECT_RIDGE_W5,False,,0.3428568657257285,0.9684725915519576,0.2609113359713048,0.2210954789632822,0.0699999999999999,0.1507321390077209,0.0038121181227794,0.0107681434637619,0.0,,0.0011783963143717213,False,1
DMS273_LUNG,ACH-000749,lung,0,B4_DIRECT_RIDGE_W5,False,,0.2104159217881969,0.92662466148314,0.410977097309562,0.3182675273236163,0.31,0.2276741285778202,0.005506940757294,0.0242513355057408,0.0,,-0.001231899047939411,False,1
EFM192A_BREAST,ACH-000117,breast,4,B4_DIRECT_RIDGE_W5,False,,0.3768474741260813,0.9543967384907804,0.2977230316592703,0.2461321444267783,0.13,0.0653735920059011,-0.000768064437151,-0.0019451853709983,0.0,,-0.0007126662069208423,False,1
G401_SOFT_TISSUE,ACH-000096,rhabdoid,2,B4_DIRECT_RIDGE_W5,False,,0.2899243990730384,0.9093985729226788,0.4068264256593151,0.3613128262995767,0.12,0.1108873138214349,0.0015092290543451,0.0047339608277992,0.0,,0.0010394592541144165,False,1
GCIY_STOMACH,ACH-000047,gastric,1,B4_DIRECT_RIDGE_W5,False,,0.2090446630047457,0.8392950384636004,0.5441733109069062,0.4278578507011401,0.28,0.1338539937670658,0.0019726394726183,0.0079199655147783,0.0,,0.000766948838635706,False,1
GP2D_LARGE_INTESTINE,ACH-000982,colorectal,1,B4_DIRECT_RIDGE_W5,False,,0.2630783059988048,0.9220251836086124,0.4139901020869991,0.3339491001416099,0.18,0.0741274208842622,-0.0009868697142725,-0.0034587372229167,0.0,,-0.001134946575932383,False,1
HCC1143_BREAST,ACH-000374,breast,2,B4_DIRECT_RIDGE_W5,False,,0.3010311205320891,0.9197859746814488,0.4207666277350678,0.3226529818834655,0.2299999999999999,0.0276592814993406,-0.0005504031534865,-0.0016817301151539,0.0,,0.00025187346584992776,False,1
HCC1195_LUNG,ACH-000868,lung,0,B4_DIRECT_RIDGE_W5,False,,0.3436236828532654,0.901292110917898,0.4404073092415786,0.3399189932842173,0.19,0.0406066630020706,-0.0001465589064778,-0.0003844100182397,0.0,,-0.0004731070865612863,False,1
HCC1419_BREAST,ACH-000277,breast,3,B4_DIRECT_RIDGE_W5,False,,0.4161468511001427,0.9469090021666784,0.3002274578457161,0.2386156816000867,0.05,0.0399617000484707,0.0002891405396508,0.0006579162600003,0.0,,-0.00025410809567383286,False,1
HEC1B_ENDOMETRIUM,ACH-000941,uterus,4,B4_DIRECT_RIDGE_W5,False,,0.2599647184912965,0.9019817233360056,0.4419322972659967,0.3427936975946844,0.2,0.1355119051333974,0.0025499375902964,0.0088473432681281,0.0,,0.0012616981993823218,False,1
HEP3B217_LIVER,ACH-000625,liver,3,B4_DIRECT_RIDGE_W5,False,,0.4965942467748857,0.9594556048912,0.2676106279632133,0.2069747748354791,0.09,0.0498277588555507,0.0006137611951496,0.0011858305298046,0.0,,-7.79227303249197e-06,False,1
HS766T_PANCREAS,ACH-000178,pancreas,2,B4_DIRECT_RIDGE_W5,False,,0.5685891724319463,0.9090642252655834,0.4275639185391438,0.3623590746873545,0.07,0.0983922702707413,0.0018749928259701,0.0029977512470535,0.0,,6.39784834877144e-05,False,1
HS852T_SKIN,ACH-000274,skin,4,B4_DIRECT_RIDGE_W5,False,,0.561321243762972,0.9385824242096892,0.3236096798439791,0.276056894000359,0.07,0.1045434317405041,0.0037383788483511,0.0062509244413726,0.0,,-0.0003682541881611101,False,1
HUCCT1_BILIARY_TRACT,ACH-000976,bile_duct,3,B4_DIRECT_RIDGE_W5,False,,0.3586719344024285,0.8311905825085247,0.5836143192004174,0.4320845060153808,0.25,0.2062009216792368,0.0050708478804136,0.0117512428469078,0.0,,5.398073104978529e-05,False,1
IGR1_SKIN,ACH-000882,skin,2,B4_DIRECT_RIDGE_W5,False,,0.2907365749200573,0.850439321484288,0.5228647473085988,0.4094147611902619,0.2,0.1981752073918896,0.0053833374568078,0.0157469071627723,0.0,,0.0003901618025067277,False,1
IGROV1_OVARY,ACH-000966,ovary,4,B4_DIRECT_RIDGE_W5,False,,0.2134336500884943,0.8672599702346034,0.5073622253578808,0.3942202364460174,0.2,0.1527563761294176,0.0026366870473839,0.0107138360295295,0.0,,0.001269781604768594,False,1
ISTMES1_PLEURA,ACH-000569,mesothelioma,0,B4_DIRECT_RIDGE_W5,False,,0.3102029294771918,0.8914643114327864,0.4490990778787618,0.3728678520607824,0.15,0.0638135707984528,0.0004229146462212,0.0012153763812735,0.0,,0.0009335919807602067,False,1
J82_URINARY_TRACT,ACH-000396,urinary_tract,0,B4_DIRECT_RIDGE_W5,False,,0.2170049801337361,0.8858117269559793,0.4735931310482393,0.3612689257763654,0.28,0.0878382435051363,0.0006664447990861,0.0027204196790115,0.0,,0.0029870632841336175,False,1
JHH5_LIVER,ACH-000734,liver,4,B4_DIRECT_RIDGE_W5,False,,0.3658729488094865,0.8816743117866391,0.4516266984159943,0.3569424338103939,0.18,0.0884837105290074,0.0003453158991142,0.0008321362885427,0.0,,0.004658360969464981,False,1
KNS42_CENTRAL_NERVOUS_SYSTEM,ACH-000622,central_nervous_system,3,B4_DIRECT_RIDGE_W5,False,,0.2881008569488426,0.9597041289218876,0.3273490536364562,0.2718221111356881,0.14,0.0934898624687581,0.0011722998824939,0.0039050943807635,0.0,,-0.00021238674731405283,False,1
KNS60_CENTRAL_NERVOUS_SYSTEM,ACH-000445,central_nervous_system,4,B4_DIRECT_RIDGE_W5,False,,0.2794372307595698,0.936767748281296,0.3871469768400617,0.2957140742723357,0.2299999999999999,0.1024826558909264,0.0015913011989208,0.0053345777758334,0.0,,-0.0008640674851457808,False,1
KNS81_CENTRAL_NERVOUS_SYSTEM,ACH-000479,central_nervous_system,0,B4_DIRECT_RIDGE_W5,False,,0.3430973123922669,0.8924001342651269,0.4491391673808318,0.35832699278863,0.18,0.0994303848037762,0.0016124563438814,0.004194017865495,0.0,,-0.00039406868615299295,False,1
KYSE270_OESOPHAGUS,ACH-000873,esophagus,3,B4_DIRECT_RIDGE_W5,False,,0.2528909858287284,0.8777282696430178,0.4857227487839562,0.3799179588073956,0.25,0.0205503527120175,-0.0009603414972681,-0.0033331313803111,0.0,,-0.00046104474540997753,False,1
LI7_LIVER,ACH-000471,liver,1,B4_DIRECT_RIDGE_W5,False,,0.4273768467329996,0.9691680043429454,0.2613165831240249,0.2101338187409117,0.11,0.0295970105588522,-0.0015402634626571,-0.0034928753807723,0.0,,-0.0002375279130588659,False,1
LK2_LUNG,ACH-000769,lung,3,B4_DIRECT_RIDGE_W5,False,,0.3084774876703006,0.9662494582211468,0.2864701965647099,0.2345327799478022,0.16,0.08480348483608,0.0010643756835972,0.0033339626673789,0.0,,7.157451358891231e-05,False,1
LMSU_STOMACH,ACH-000255,gastric,3,B4_DIRECT_RIDGE_W5,False,,0.2394253824952437,0.8453531213781986,0.5279646715205194,0.4124459160317231,0.25,0.1788983156810693,0.0036215943844356,0.0127869739011869,0.0,,0.00029305069222870794,False,1
LN229_CENTRAL_NERVOUS_SYSTEM,ACH-000595,central_nervous_system,1,B4_DIRECT_RIDGE_W5,False,,0.3123941718297998,0.8646998944311921,0.4922396392456498,0.3752902545574302,0.22,0.1076091892447301,0.0015475705583625,0.0042836397702386,0.0,,-0.00011665874445310198,False,1
LNCAPCLONEFGC_PROSTATE,ACH-000977,prostate,4,B4_DIRECT_RIDGE_W5,False,,0.2655532989516462,0.986481926005753,0.288983369893043,0.2379223116447398,0.1699999999999999,0.1665907026240597,0.0035155558159064,0.0130596467298552,0.0,,0.0022547048481758036,False,1
LOVO_LARGE_INTESTINE,ACH-000950,colorectal,0,B4_DIRECT_RIDGE_W5,False,,0.29008723438826,0.8353102962933588,0.548486771018878,0.4174494589285958,0.24,0.2023054703308824,0.0057699391919884,0.0166146215507151,0.0,,0.0018155213233216894,False,1
LUDLU1_LUNG,ACH-000390,lung,2,B4_DIRECT_RIDGE_W5,False,,0.3215508359445547,0.9320508134423432,0.3767591783536642,0.285601242115888,0.2,0.0791555424876389,-0.0002850093713526,-0.0008261313195705,0.0,,0.0002909370404917122,False,1
MALME3M_SKIN,ACH-000477,skin,0,B4_DIRECT_RIDGE_W5,False,,0.5999677536243455,0.92347960938937,0.3730149495176203,0.2880562185486245,0.11,0.157070602216287,0.007754383781756,0.0119356669797208,0.0,,-0.0010093300171445385,False,1
MDAMB435S_SKIN,ACH-000884,skin,1,B4_DIRECT_RIDGE_W5,False,,0.2716950840924688,0.8827752784113125,0.4885122088203226,0.3759219140597232,0.19,0.0788682198217397,-0.0015371348766088,-0.0049943659201148,0.0,,-0.00012129160348600676,False,1
MDAMB468_BREAST,ACH-000849,breast,0,B4_DIRECT_RIDGE_W5,False,,0.2610391799857184,0.9032180392703498,0.4565229523657869,0.3211116753308875,0.3,0.0643838541237301,0.0001937893928457,0.0006705279852898,0.0,,-0.0007369140335656277,False,1
MIAPACA2_PANCREAS,ACH-000601,pancreas,0,B4_DIRECT_RIDGE_W5,False,,0.2615730619747075,0.7912045152026311,0.6369999411660446,0.481334446597536,0.26,0.0958746389956303,0.0011174862671902,0.0033801652723832,0.0,,0.0024365131857700395,False,1
MSTO211H_PLEURA,ACH-000335,mesothelioma,2,B4_DIRECT_RIDGE_W5,False,,0.236143989967976,0.8051153145876404,0.5855332299728822,0.4443504463236595,0.28,0.1113941626621692,0.0003389570543189,0.0011556487863895,0.0,,0.001333203989254489,False,1
NCIH1048_LUNG,ACH-000866,lung,4,B4_DIRECT_RIDGE_W5,False,,0.4087198826212765,0.9611712607930524,0.2722249473978137,0.2319776234780644,0.07,0.0595591682860088,0.0005043392801444,0.0011860358215386,0.0,,-0.001592571657749231,False,1
NCIH1299_LUNG,ACH-000510,lung,3,B4_DIRECT_RIDGE_W5,False,,0.1773284730541476,0.7987234455158913,0.6038016592114693,0.4609073273601575,0.39,0.1718939339449083,0.002996520585108,0.0134969370968752,0.0,,0.0002107312278011031,False,1
NCIH1355_LUNG,ACH-000666,lung,1,B4_DIRECT_RIDGE_W5,False,,0.3318525430697102,0.8786617636425906,0.4610908224375433,0.3629379881273328,0.15,0.0339694821756536,-0.0005539810157733,-0.0014668018868899,0.0,,0.0012348525344258454,False,1
NCIH1573_LUNG,ACH-000916,lung,4,B4_DIRECT_RIDGE_W5,False,,0.3721719976566965,0.9321632519291216,0.3542296609770404,0.2857169846604435,0.15,0.0750133579551531,0.0008583061533644,0.0021497626369219,0.0,,0.0003282298713456755,False,1
NCIH1581_LUNG,ACH-000015,lung,2,B4_DIRECT_RIDGE_W5,False,,0.2447791139877546,0.894494612772248,0.4434949005571194,0.3682880501259855,0.21,0.1545051503542431,0.0027837280959211,0.0101725582083314,0.0,,0.0005184079685706944,False,1
NCIH1650_LUNG,ACH-000035,lung,4,B4_DIRECT_RIDGE_W5,False,,0.3510685685458444,0.9348913445307472,0.3566440275869351,0.2919037410999652,0.1699999999999999,0.0517786349943776,-0.0003265601159921,-0.0008696256323219,0.0,,-0.0007106391720421157,False,1
NCIH1693_LUNG,ACH-000021,lung,3,B4_DIRECT_RIDGE_W5,False,,0.2433149349256,0.8375639138656541,0.5364401703209745,0.4324700863557864,0.33,0.0220886141910593,-0.0015389894575384,-0.0052976691868424,0.0,,0.00015210379859981193,False,1
NCIH1793_LUNG,ACH-000888,lung,2,B4_DIRECT_RIDGE_W5,False,,0.3195243877997462,0.9392319060392454,0.3566655357137991,0.2837112632745351,0.14,0.0732439916439312,0.000687812783757,0.0020218040830458,0.0,,0.00015418197652883325,False,1
NCIH1915_LUNG,ACH-000434,lung,2,B4_DIRECT_RIDGE_W5,False,,0.3414932060855285,0.8689930851999726,0.4981975631987763,0.4041871372991563,0.2,0.1126387553261364,0.0020896936993111,0.0053176149408737,0.0,,0.000562565612432675,False,1
NCIH2126_LUNG,ACH-000785,lung,1,B4_DIRECT_RIDGE_W5,False,,0.288483976542078,0.9648304234327736,0.3357982077593003,0.2541778177661937,0.25,0.0356075936508647,-0.0019449407789353,-0.0065048258755477,0.0,,-0.0022058996379332174,False,1
NCIH2347_LUNG,ACH-000875,lung,0,B4_DIRECT_RIDGE_W5,False,,0.4863313566908807,0.9149311621128172,0.4083226692407853,0.3156327994179856,0.1,0.0992660348207995,0.0020876350512258,0.0039274505688506,0.0,,-0.0014303470624471015,False,1
NCIH23_LUNG,ACH-000900,lung,0,B4_DIRECT_RIDGE_W5,False,,0.2739305423215004,0.8921338660064586,0.4538842412456091,0.3441468764120018,0.26,0.1392045355994267,0.0028617972863635,0.0093202687629253,0.0,,0.0005563234113792337,False,1
NCIH2444_LUNG,ACH-000186,lung,2,B4_DIRECT_RIDGE_W5,False,,0.3278998369086129,0.8505868945620362,0.5373048686527162,0.4082330486333305,0.27,0.1812581364252065,0.0051937257228987,0.0134727576429953,0.0,,-0.00022245607501603093,False,1
NCIH322_LUNG,ACH-000837,lung,4,B4_DIRECT_RIDGE_W5,False,,0.3187670777618299,0.9105371875508984,0.4088723509062558,0.330006265823537,0.19,0.0819467937346984,0.0006576724719646,0.0018785981512174,0.0,,0.0003304181493554159,False,1
NCIH522_LUNG,ACH-000343,lung,1,B4_DIRECT_RIDGE_W5,False,,0.3242609460966277,0.9619674197573136,0.2866645078281944,0.2475497654482645,0.12,0.1858792396295657,0.0053078723800307,0.0157465780547551,0.0,,0.0009200500113710763,False,1
NCIH838_LUNG,ACH-000416,lung,4,B4_DIRECT_RIDGE_W5,False,,0.2141965555560196,0.9164028966852734,0.4620261043001352,0.357814256883592,0.26,0.0757904570370918,-0.0001515723557742,-0.0006484760949041,0.0,,-0.0036516103525180144,False,1
NCIH841_LUNG,ACH-000292,lung,1,B4_DIRECT_RIDGE_W5,False,,0.2364489177306364,0.8937139202798258,0.452027409750203,0.3671782529172592,0.28,0.2035615489489375,0.0050845903788762,0.0192183971241489,0.0,,0.0009616493802205028,False,1
NUGC3_STOMACH,ACH-000911,gastric,4,B4_DIRECT_RIDGE_W5,False,,0.3122267217122417,0.8726344647473527,0.4859146172312099,0.3879725580188896,0.18,0.1067351285833585,0.0018725573174048,0.0052335624683922,0.0,,0.0003851673618446849,False,1
OAW42_OVARY,ACH-000704,ovary,3,B4_DIRECT_RIDGE_W5,False,,0.1765391867984831,0.8091756221233277,0.5832540004275966,0.4377664363651627,0.37,0.1520731699706401,0.0020774211152506,0.0095219568744471,0.0,,0.0010370883305484135,False,1
OSRC2_KIDNEY,ACH-000159,kidney,4,B4_DIRECT_RIDGE_W5,False,,0.3071932563902113,0.9150110820010232,0.4063191904206008,0.3364869446151345,0.13,0.0721750861741997,-0.0002299365583841,-0.000684892961359,0.0,,8.912660819310192e-05,False,1
PANC0403_PANCREAS,ACH-000235,pancreas,1,B4_DIRECT_RIDGE_W5,False,,0.37567968128542,0.8636518110768012,0.4996762449617434,0.3823110671312643,0.21,0.2009957980637364,0.0067510897171216,0.0155201123493934,0.0,,-0.0010335688573879231,False,1
PATU8988S_PANCREAS,ACH-000022,pancreas,3,B4_DIRECT_RIDGE_W5,False,,0.3313489738987252,0.8921281153564838,0.4685684887542694,0.3472444311344962,0.26,0.1545847312582351,0.0032989330040328,0.0088820884185826,0.0,,0.0008966189284126957,False,1
PC3_PROSTATE,ACH-000090,prostate,2,B4_DIRECT_RIDGE_W5,False,,0.2716982604189979,1.0525616263042905,0.2103197182357697,0.1757085001907652,0.1,-0.0623885652166841,-0.0017910048531111,-0.0069383697120561,0.0,,-0.0003179467455082241,False,1
QGP1_PANCREAS,ACH-000347,pancreas,4,B4_DIRECT_RIDGE_W5,False,,0.4961372051070837,0.9368792768766016,0.3196036741647197,0.2729180849141888,0.1,0.020763177220981,-0.0030530421860854,-0.0057652035084854,0.0,,-0.0013889630800559272,False,1
RCC10RGB_KIDNEY,ACH-000189,kidney,0,B4_DIRECT_RIDGE_W5,False,,0.280460508656008,0.873290734993932,0.4918410105943835,0.3652801559598985,0.29,0.1446290209427117,0.0036698825420316,0.011427186087019,0.0,,0.002973248010427254,False,1
RH30_SOFT_TISSUE,ACH-000833,rhabdomyosarcoma,4,B4_DIRECT_RIDGE_W5,False,,0.2569149419319056,0.9716040460081315,0.3384171311387132,0.2747753576378208,0.13,0.0837607259576581,0.0008179823279546,0.00309345549709,0.0,,-0.0004874161678971034,False,1
SKMEL24_SKIN,ACH-000822,skin,3,B4_DIRECT_RIDGE_W5,False,,0.3847061338625806,0.862043350728436,0.5022408137133272,0.3867037720321216,0.31,0.2285096880546226,0.0101751064718512,0.0228002158139397,0.0,,0.00040445942557659764,False,1
SKUT1_SOFT_TISSUE,ACH-000939,soft_tissue,1,B4_DIRECT_RIDGE_W5,False,,0.2754217095046448,0.9084201261716892,0.4247033665452153,0.3257296682812264,0.24,0.1484476713000484,0.0031566251623698,0.0104114589711685,0.0,,0.0017571709355682086,False,1
SNB75_CENTRAL_NERVOUS_SYSTEM,ACH-000504,central_nervous_system,4,B4_DIRECT_RIDGE_W5,False,,0.3441076642421314,0.957710903117539,0.3237228868655518,0.2813119491291613,0.08,0.0345479342138233,-0.0021090994540688,-0.0058699870791012,0.0,,-0.0019836206641569154,False,1
SNU1041_UPPER_AERODIGESTIVE_TRACT,ACH-000618,upper_aerodigestive,2,B4_DIRECT_RIDGE_W5,False,,0.3575739744821619,0.8733731701991923,0.4843719936177587,0.3755532673731048,0.1699999999999999,0.1164914588573064,0.0022512350484285,0.0054986336574326,0.0,,0.0006134985811634963,False,1
SNU1105_CENTRAL_NERVOUS_SYSTEM,ACH-000368,central_nervous_system,2,B4_DIRECT_RIDGE_W5,False,,0.3365746904246899,0.9106911843233668,0.4062347921499319,0.3338408156057926,0.13,0.1260270948030131,0.0026246151111008,0.0071015852110135,0.0,,-6.033588532089462e-05,False,1
SNU1214_UPPER_AERODIGESTIVE_TRACT,ACH-000715,upper_aerodigestive,1,B4_DIRECT_RIDGE_W5,False,,0.5715313341015437,0.9261856163883262,0.3718853447647019,0.3033155250173418,0.06,0.1098966202300877,0.0033678251740398,0.0054576731818383,0.0,,0.0009430381694449652,False,1
SNU245_BILIARY_TRACT,ACH-000268,bile_duct,4,B4_DIRECT_RIDGE_W5,False,,0.3518533732425059,0.9022653962454884,0.4141411806961205,0.3381393680830816,0.12,0.1145591244466258,0.0022480976310316,0.0057648465358419,0.0,,0.0009302263295092317,False,1
SNU685_ENDOMETRIUM,ACH-000407,uterus,0,B4_DIRECT_RIDGE_W5,False,,0.2921890540661078,0.9502624368570312,0.3356264029229305,0.230766025967197,0.15,0.1242264866524271,0.0021715787743712,0.0070624471014378,0.0,,0.00013379612616032377,False,1
SW480_LARGE_INTESTINE,ACH-000842,colorectal,3,B4_DIRECT_RIDGE_W5,False,,0.4399655368005388,0.9401424973332876,0.3574325600757321,0.2569222227357393,0.17,0.0431031760252197,0.0001413584681613,0.0003020625302674,0.0,,-1.7285055847915398e-05,False,1
SW48_LARGE_INTESTINE,ACH-000958,colorectal,2,B4_DIRECT_RIDGE_W5,False,,0.4279884653427465,0.9522607110169116,0.2921091485954925,0.2608210999880514,0.09,0.0549656158826768,-0.000206724642708,-0.0004599557492566,0.0,,0.00028559495567820337,False,1
SW579_THYROID,ACH-000163,thyroid,2,B4_DIRECT_RIDGE_W5,False,,0.3928988589583678,0.9220884108842916,0.3866313748074684,0.3045594861775342,0.14,0.101934198345531,0.0021090646324806,0.0049497320011875,0.0,,0.0005226047935816824,False,1
SW900_LUNG,ACH-000669,lung,3,B4_DIRECT_RIDGE_W5,False,,0.381134720352271,0.8677907359951805,0.504194711911877,0.3909306373323605,0.18,0.0590325604186954,0.0006741311062792,0.0015349027460279,0.0,,-0.00012058706054929313,False,1
TE11_OESOPHAGUS,ACH-000488,esophagus,4,B4_DIRECT_RIDGE_W5,False,,0.2939483794897281,0.9536115220644014,0.3831172158815524,0.2816860864522239,0.18,0.0672161621588599,-0.0051201581393308,-0.0166105416363704,0.0,,0.0010178021019801031,False,1
TE6_OESOPHAGUS,ACH-000605,esophagus,0,B4_DIRECT_RIDGE_W5,False,,0.3492057953410593,0.934692016298493,0.3624315007366079,0.2747960045648183,0.21,0.0541978113605745,-0.0011359908908211,-0.0030406185418582,0.0,,-0.0011129271608604774,False,1
TEN_ENDOMETRIUM,ACH-000397,uterus,1,B4_DIRECT_RIDGE_W5,False,,0.3030199241699239,0.935657992081579,0.3626189747029695,0.2896635282397365,0.17,0.0903028622078979,0.0012136874859092,0.0037475964631408,0.0,,0.00015005394090389368,False,1
TUHR4TKB_KIDNEY,ACH-000495,kidney,1,B4_DIRECT_RIDGE_W5,False,,0.3260798575495781,0.9288109497164324,0.377946811375426,0.2977196775026153,0.14,0.1209728703290595,0.0024733594208891,0.0070451555332786,0.0,,0.0008278422284823117,False,1
UACC257_SKIN,ACH-000579,skin,0,B4_DIRECT_RIDGE_W5,False,,0.3737192638156761,0.8427309779881951,0.5444300314742055,0.4252827203488833,0.12,0.2294646757399545,0.0101447670719685,0.0228762879085601,0.0,,0.001101738474471592,False,1
22RV1_PROSTATE,ACH-000956,prostate,1,CCLR_NESTED_W6,,,0.41314578915467,0.9626408664335572,0.2650001355175312,0.2370261904817318,0.05,0.0832549896445025,0.0014331514937107,0.0033392817544116,0.0001351049744611199,0.0003147982457737,0.0,False,2
42MGBA_CENTRAL_NERVOUS_SYSTEM,ACH-000323,central_nervous_system,2,CCLR_NESTED_W6,,,0.2121002485365168,0.8860611238708992,0.4963708660464797,0.3752651451321198,0.32,0.1296229223835668,0.0018860738107593,0.0078791830372473,-4.3865455459507485e-05,-0.000183250491368,0.0,False,2
769P_KIDNEY,ACH-000411,kidney,3,CCLR_NESTED_W6,,,0.2608279330882102,0.8913700622393901,0.459025408334676,0.3298351622260178,0.36,0.0612987816945692,0.000178614526762,0.0006104087087288,-0.0008944758338852998,-0.0030568389293348,0.0,False,2
786O_KIDNEY,ACH-000649,kidney,2,CCLR_NESTED_W6,,,0.188395856343148,0.8846544246952028,0.5262150683653377,0.3876988081304356,0.35,0.2047581083900742,0.0048296247159227,0.0226785713735458,-0.0005274720930955046,-0.0024768619125582,0.0,False,2
8505C_THYROID,ACH-001307,thyroid,0,CCLR_NESTED_W6,,,0.2856422796761649,0.8498824242653744,0.5213573088179421,0.4198903480646694,0.27,0.1137788762003739,0.0018215997923023,0.0054198756895457,-0.000747574544837315,-0.0022242872000802,0.0,False,2
A2780_OVARY,ACH-000657,ovary,0,CCLR_NESTED_W6,,,0.274158662581186,0.8627175847578349,0.5044956062689064,0.4019884411796126,0.16,0.0262240740879463,-0.0009421274855684,-0.002964669951448,-0.0016612136622314866,-0.0052274774940684,0.0,False,2
A375_SKIN,ACH-000219,skin,1,CCLR_NESTED_W6,,,0.3841101561024216,0.8101549026112285,0.6394860591833114,0.4917413238279886,0.21,0.2332553771071736,0.0080190946239624,0.0169136606280575,-0.0009811323139232164,-0.0020693781239755,0.0,False,2
ACCMESO1_PLEURA,ACH-000086,mesothelioma,3,CCLR_NESTED_W6,,,0.1898493504579024,0.8696533236601613,0.5230495993803613,0.38503713256202,0.4,0.1399218293719167,0.0023669231667253,0.0108422946606148,1.6682416764890462e-05,7.64180606950271e-05,0.0,False,2
AGS_STOMACH,ACH-000880,gastric,0,CCLR_NESTED_W6,,,0.2835551719163567,0.8782361924952048,0.4735602089630091,0.3664044610250815,0.21,0.0829200257163951,0.0003741920326956,0.0011589595909525,-0.0003035016274759994,-0.0009400149957737,0.0,False,2
BEN_LUNG,ACH-000603,lung,0,CCLR_NESTED_W6,,,0.2782055317496416,1.0243261927666305,0.2700364215701298,0.1999469163393505,0.21,0.0420909052902757,-0.0074814847540367,-0.027546112207576,-0.002578919065114371,-0.0094953336506591,0.0,False,2
CAL120_BREAST,ACH-000212,breast,1,CCLR_NESTED_W6,,,0.2223341900378213,0.8943035174319234,0.4715981870297585,0.3696124006719887,0.26,0.0718450053126111,4.357494827375574e-05,0.0001752732204908,-0.0024797888684227887,-0.0099745518543133,0.0,False,2
CAL62_THYROID,ACH-000174,thyroid,3,CCLR_NESTED_W6,,,0.240566211516383,0.7820631429095429,0.6415208917751957,0.4972217834150729,0.27,0.0641065790764862,0.0007683545091388,0.0024978642615608,-0.0007524788353379941,-0.0024462536082181,0.0,False,2
CAOV3_OVARY,ACH-000713,ovary,2,CCLR_NESTED_W6,,,0.295446056991156,0.90205946950597,0.4393398178302259,0.3426008954466264,0.24,0.0029907810509345,-0.0011703595577912,-0.003573355937067,-0.0004913942840141239,-0.0015003309628507,0.0,False,2
CJM_SKIN,ACH-000458,skin,3,CCLR_NESTED_W6,,,0.4351820813528066,0.8971554361343612,0.4353631914488881,0.3481366521169405,0.12,0.1286016167673009,0.0032363415973775,0.0066719232746191,-0.00015764990653982514,-0.000325005271859,0.0,False,2
COLO668_LUNG,ACH-000803,lung,1,CCLR_NESTED_W6,,,0.422160323252794,0.9736001438233765,0.2375850817166006,0.2147296245353749,0.09,0.0622451434432074,-0.0009636991951147,-0.0022225150571633,-0.0017010127183599288,-0.003922931966889,0.0,False,2
COLO680N_OESOPHAGUS,ACH-000717,esophagus,2,CCLR_NESTED_W6,,,0.2747859705042643,0.8844511100603033,0.4809609266126509,0.3590573167116233,0.25,0.0658069210241909,-0.0003719617232021,-0.001197229823569,-0.0008912282482380074,-0.0028685882762671,0.0,False,2
COV434_OVARY,ACH-000123,ovary,1,CCLR_NESTED_W6,,,0.3440352620401002,0.971801224128818,0.2563069668142802,0.2187409596577172,0.08,0.1286874892065043,0.0026337218084077,0.0074395108869017,-0.0011783963143717213,-0.0033286325768602,0.0,False,2
DMS273_LUNG,ACH-000749,lung,0,CCLR_NESTED_W6,,,0.2091840227402575,0.9211996535817546,0.4115543329948212,0.3171504157119105,0.31,0.2527770106673776,0.0067388398052334,0.0296763434071262,0.001231899047939411,0.0054250079013854,0.0,False,2
EFM192A_BREAST,ACH-000117,breast,4,CCLR_NESTED_W6,,,0.3761348079191605,0.952591853622983,0.2995281540353711,0.2457021790700398,0.13,0.0757407746028158,-5.539823023020807e-05,-0.0001403005032009,0.0007126662069208423,0.0018048848677973,0.0,False,2
G401_SOFT_TISSUE,ACH-000096,rhabdoid,2,CCLR_NESTED_W6,,,0.2909638583271528,0.9126590186296466,0.3993659661946362,0.3548627156380807,0.11,0.0753525112392416,0.0004697698002308,0.0014735151208314,-0.0010394592541144165,-0.0032604457069678,0.0,False,2
GCIY_STOMACH,ACH-000047,gastric,1,CCLR_NESTED_W6,,,0.2098116118433814,0.842374267302883,0.5398693125115159,0.4237337178237239,0.25,0.0990977650014017,0.0012056906339827,0.0048407366754957,-0.000766948838635706,-0.0030792288392825,0.0,False,2
GP2D_LARGE_INTESTINE,ACH-000982,colorectal,1,CCLR_NESTED_W6,,,0.2619433594228724,0.9180474731657572,0.4139763951273744,0.3326869551853938,0.1699999999999999,0.0903025502478781,0.0001480768616598,0.0005189732199383,0.001134946575932383,0.0039777104428552,0.0,False,2
HCC1143_BREAST,ACH-000374,breast,2,CCLR_NESTED_W6,,,0.301282993997939,0.9205555618286966,0.4192803788623671,0.3189480723244182,0.24,0.0143548837170501,-0.0008022766193364,-0.0024513172624017,-0.00025187346584992776,-0.0007695871472477,0.0,False,2
HCC1195_LUNG,ACH-000868,lung,0,CCLR_NESTED_W6,,,0.3431505757667041,0.9000511962021358,0.4421830072177123,0.3410205776844484,0.18,0.0579412868177285,0.0003265481800834,0.0008565046975224,0.0004731070865612863,0.0012409147157621,0.0,False,2
HCC1419_BREAST,ACH-000277,breast,3,CCLR_NESTED_W6,,,0.4158927430044689,0.9463307994416528,0.3014280037288568,0.2382998824338594,0.05,0.045307087716706,0.0005432486353246,0.0012361189850259,0.00025410809567383286,0.0005782027250257,0.0,False,2
HEC1B_ENDOMETRIUM,ACH-000941,uterus,4,CCLR_NESTED_W6,,,0.2612264166906788,0.9063593508956737,0.436564260515981,0.3431331523115859,0.17,0.0928726723517356,0.001288239390914,0.0044697157084602,-0.0012616981993823218,-0.004377627559668,0.0,False,2
HEP3B217_LIVER,ACH-000625,liver,3,CCLR_NESTED_W6,,,0.4965864545018532,0.9594405496623398,0.267634748823488,0.2085680073545521,0.09,0.0490974488651702,0.000621553468182,0.0012008857586648,7.79227303249197e-06,1.5055228860139104e-05,0.0,False,2
HS766T_PANCREAS,ACH-000178,pancreas,2,CCLR_NESTED_W6,,,0.568653150915434,0.9091665144989092,0.4283436907509597,0.3632589207777355,0.07,0.1008632496534757,0.0018110143424824,0.0028954620137278,-6.39784834877144e-05,-0.0001022892333257,0.0,False,2
HS852T_SKIN,ACH-000274,skin,4,CCLR_NESTED_W6,,,0.5609529895748109,0.9379666682366344,0.3249206694159263,0.27994544879174,0.06,0.1087609332755623,0.0041066330365122,0.0068666804144275,0.0003682541881611101,0.0006157559730547,0.0,False,2
HUCCT1_BILIARY_TRACT,ACH-000976,bile_duct,3,CCLR_NESTED_W6,,,0.3587259151334783,0.8313156780930463,0.5844352757919239,0.4355549370822851,0.25,0.2261333019678061,0.0050168671493638,0.0116261472623863,-5.398073104978529e-05,-0.0001250955845215,0.0,False,2
IGR1_SKIN,ACH-000882,skin,2,CCLR_NESTED_W6,,,0.291126736722564,0.8515805915108888,0.5211586980760258,0.4074727433096298,0.2,0.1917268987777998,0.0049931756543011,0.0146056371361715,-0.0003901618025067277,-0.0011412700266008,0.0,False,2
IGROV1_OVARY,ACH-000966,ovary,4,CCLR_NESTED_W6,,,0.2147034316932629,0.8724195631867903,0.4995810910404799,0.3885302759463375,0.19,0.1087517408354649,0.0013669054426152,0.0055542430773427,-0.001269781604768594,-0.0051595929521868,0.0,False,2
ISTMES1_PLEURA,ACH-000569,mesothelioma,0,CCLR_NESTED_W6,,,0.311136521457952,0.8941472774953256,0.4437201724778129,0.3713290917264037,0.14,0.0421661594002766,-0.0005106773345389,-0.0014675896812657,-0.0009335919807602067,-0.0026829660625392,0.0,False,2
J82_URINARY_TRACT,ACH-000396,urinary_tract,0,CCLR_NESTED_W6,,,0.2199920434178697,0.8980048834660951,0.4629264336219406,0.3555308404962502,0.26,0.0086402264142451,-0.0023206184850474,-0.0094727368311041,-0.0029870632841336175,-0.0121931565101157,0.0,False,2
JHH5_LIVER,ACH-000734,liver,4,CCLR_NESTED_W6,,,0.3705313097789515,0.8928999495802258,0.429077976813862,0.3408136726334191,0.18,0.0461824608808865,-0.0043130450703507,-0.0103935015050439,-0.004658360969464981,-0.0112256377935866,0.0,False,2
KNS42_CENTRAL_NERVOUS_SYSTEM,ACH-000622,central_nervous_system,3,CCLR_NESTED_W6,,,0.2878884702015285,0.958996639050166,0.3284622457147164,0.2707179051297902,0.13,0.098110873400319,0.001384686629808,0.0046125842524852,0.00021238674731405283,0.0007074898717216,0.0,False,2
KNS60_CENTRAL_NERVOUS_SYSTEM,ACH-000445,central_nervous_system,4,CCLR_NESTED_W6,,,0.278573163274424,0.9338711029408636,0.3884683230551244,0.2956629163930905,0.25,0.1226321597752315,0.0024553686840665,0.0082312231162657,0.0008640674851457808,0.0028966453404323,0.0,False,2
KNS81_CENTRAL_NERVOUS_SYSTEM,ACH-000479,central_nervous_system,0,CCLR_NESTED_W6,,,0.3427032437061139,0.8913751569897861,0.4522371871538948,0.3602124377992007,0.18,0.1059789170376726,0.0020065250300344,0.0052189951408357,0.00039406868615299295,0.0010249772753407,0.0,False,2
KYSE270_OESOPHAGUS,ACH-000873,esophagus,3,CCLR_NESTED_W6,,,0.2524299410833184,0.8761280860489264,0.4876704063004588,0.3816021105048039,0.25,0.0220327746938219,-0.0004992967518581,-0.0017329477862197,0.00046104474540997753,0.0016001835940913,0.0,False,2
LI7_LIVER,ACH-000471,liver,1,CCLR_NESTED_W6,,,0.4271393188199407,0.9686293592215852,0.2614745348925038,0.2092146411817227,0.11,0.0333397209033318,-0.0013027355495983,-0.0029542302594123,0.0002375279130588659,0.00053864512136,0.0,False,2
LK2_LUNG,ACH-000769,lung,3,CCLR_NESTED_W6,,,0.3085490621838895,0.9664736523284704,0.2859426599225698,0.2337759778989947,0.16,0.0816689716199993,0.0009928011700084,0.0031097685600554,-7.157451358891231e-05,-0.0002241941073234,0.0,False,2
LMSU_STOMACH,ACH-000255,gastric,3,CCLR_NESTED_W6,,,0.2397184331874724,0.8463878124991475,0.526350814081517,0.4124997072985462,0.24,0.1717996404596645,0.0033285436922068,0.0117522827802381,-0.00029305069222870794,-0.0010346911209488,0.0,False,2
LN229_CENTRAL_NERVOUS_SYSTEM,ACH-000595,central_nervous_system,1,CCLR_NESTED_W6,,,0.3122775130853467,0.8643769857052633,0.4927014738968726,0.3779505552590543,0.22,0.1135607264123469,0.0016642293028156,0.0046065484961673,0.00011665874445310198,0.0003229087259287,0.0,False,2
LNCAPCLONEFGC_PROSTATE,ACH-000977,prostate,4,CCLR_NESTED_W6,,,0.267808003799822,0.9948577420471424,0.283426063684856,0.2380296104866945,0.16,0.1398434438844416,0.0012608509677305,0.004683830688466,-0.0022547048481758036,-0.0083758160413892,0.0,False,2
LOVO_LARGE_INTESTINE,ACH-000950,colorectal,0,CCLR_NESTED_W6,,,0.2919027557115817,0.8405381156343542,0.5425771449618747,0.4135460991463226,0.25,0.1643028265195025,0.0039544178686666,0.0113868022097197,-0.0018155213233216894,-0.0052278193409953,0.0,False,2
LUDLU1_LUNG,ACH-000390,lung,2,CCLR_NESTED_W6,,,0.3218417729850464,0.9328941267693146,0.3738123100970405,0.2836713676277811,0.19,0.0627672446027388,-0.0005759464118443,-0.001669444646542,-0.0002909370404917122,-0.0008433133269714,0.0,False,2
MALME3M_SKIN,ACH-000477,skin,0,CCLR_NESTED_W6,,,0.598958423607201,0.9219260330773984,0.3770672167649317,0.287202923810277,0.11,0.1704143036274781,0.0087637137989006,0.0134892432916924,0.0010093300171445385,0.0015535763119715,0.0,False,2
MDAMB435S_SKIN,ACH-000884,skin,1,CCLR_NESTED_W6,,,0.2715737924889828,0.882381185049653,0.487990064379278,0.3751078174011868,0.2,0.0777183057635485,-0.0014158432731228,-0.0046002725584552,0.00012129160348600676,0.0003940933616595,0.0,False,2
MDAMB468_BREAST,ACH-000849,breast,0,CCLR_NESTED_W6,,,0.2603022659521528,0.9006682532629606,0.4552577621085654,0.3222549298084151,0.3,0.0735551569458947,0.0009307034264113,0.003220313992679,0.0007369140335656277,0.0025497860073891,0.0,False,2
MIAPACA2_PANCREAS,ACH-000601,pancreas,0,CCLR_NESTED_W6,,,0.2640095751604775,0.7985744646132414,0.624156388204319,0.4718668759444046,0.23,0.0233340188423253,-0.0013190269185798,-0.003989784138227,-0.0024365131857700395,-0.0073699494106103,0.0,False,2
MSTO211H_PLEURA,ACH-000335,mesothelioma,2,CCLR_NESTED_W6,,,0.2374771939572305,0.8096607741158027,0.5791501326299096,0.4412698324553844,0.27,0.0678379767516558,-0.0009942469349356,-0.0033898107417728,-0.001333203989254489,-0.0045454595281623,0.0,False,2
NCIH1048_LUNG,ACH-000866,lung,4,CCLR_NESTED_W6,,,0.4071273109635273,0.9574260695917708,0.2794197998711138,0.2383289023700527,0.09,0.1068671712918903,0.0020969109378936,0.0049312270228203,0.001592571657749231,0.0037451912012816,0.0,False,2
NCIH1299_LUNG,ACH-000510,lung,3,CCLR_NESTED_W6,,,0.1775392042819487,0.7996726217505264,0.6019950833814769,0.4592887394926478,0.39,0.1651592227320258,0.0027857893573068,0.01254776086224,-0.0002107312278011031,-0.0009491762346351,0.0,False,2
NCIH1355_LUNG,ACH-000666,lung,1,CCLR_NESTED_W6,,,0.333087395604136,0.881931341436693,0.4541485608476355,0.3611046255074935,0.14,0.0119996245542133,-0.0017888335501991,-0.0047363796809923,-0.0012348525344258454,-0.0032695777941024,0.0,False,2
NCIH1573_LUNG,ACH-000916,lung,4,CCLR_NESTED_W6,,,0.3725002275280422,0.9329853552205576,0.3508931119935745,0.2885344702655923,0.15,0.0646811448829672,0.0005300762820186,0.0013276593454858,-0.0003282298713456755,-0.000822103291436,0.0,False,2
NCIH1581_LUNG,ACH-000015,lung,2,CCLR_NESTED_W6,,,0.2452975219563253,0.8963890274040777,0.4381395770748394,0.3662354437920636,0.19,0.1355796668509572,0.0022653201273504,0.0082781435765016,-0.0005184079685706944,-0.0018944146318297,0.0,False,2
NCIH1650_LUNG,ACH-000035,lung,4,CCLR_NESTED_W6,,,0.3503579293738023,0.9329989210256224,0.3569298448732174,0.2968092503506812,0.1699999999999999,0.057838651224757,0.0003840790560499,0.0010227978728027,0.0007106391720421157,0.0018924235051246,0.0,False,2
NCIH1693_LUNG,ACH-000021,lung,3,CCLR_NESTED_W6,,,0.2434670387241998,0.8380875013425513,0.5357547716040514,0.4310136094836412,0.32,-0.0050453026651735,-0.0016910932561383,-0.0058212566637396,-0.00015210379859981193,-0.0005235874768971,0.0,False,2
NCIH1793_LUNG,ACH-000888,lung,2,CCLR_NESTED_W6,,,0.319678569776275,0.9396851191185014,0.3545743147249369,0.2830699280664656,0.15,0.0624492443293649,0.0005336308072281,0.0015685910037899,-0.00015418197652883325,-0.0004532130792559,0.0,False,2
NCIH1915_LUNG,ACH-000434,lung,2,CCLR_NESTED_W6,,,0.3420557716979612,0.8704246382102919,0.495745742879234,0.404911671753049,0.18,0.0967340945348715,0.0015271280868783,0.0038860619305545,-0.000562565612432675,-0.0014315530103192,0.0,False,2
NCIH2126_LUNG,ACH-000785,lung,1,CCLR_NESTED_W6,,,0.2862780769041448,0.9574528244852392,0.3390006631205887,0.2530407247792436,0.24,0.0742459058222205,0.0002609588589979,0.0008727730719864,0.0022058996379332174,0.0073775989475343,0.0,False,2
NCIH2347_LUNG,ACH-000875,lung,0,CCLR_NESTED_W6,,,0.4849010096284336,0.912240262005175,0.4124493748544176,0.3162472002837529,0.12,0.1298632374143027,0.0035179821136729,0.0066183506764929,0.0014303470624471015,0.0026909001076421,0.0,False,2
NCIH23_LUNG,ACH-000900,lung,0,CCLR_NESTED_W6,,,0.2744868657328796,0.8939456937476717,0.4495397041265583,0.3407270888670932,0.25,0.1232444275518344,0.0023054738749843,0.0075084410217122,-0.0005563234113792337,-0.0018118277412131,0.0,False,2
NCIH2444_LUNG,ACH-000186,lung,2,CCLR_NESTED_W6,,,0.3276773808335969,0.8500098335186141,0.540005326733896,0.4117819309997633,0.27,0.2004373012823521,0.0054161817979148,0.0140498186864174,0.00022245607501603093,0.000577061043422,0.0,False,2
NCIH322_LUNG,ACH-000837,lung,4,CCLR_NESTED_W6,,,0.3190974959111853,0.911481005257991,0.4054380498525502,0.3278718450613865,0.19,0.0693192000371759,0.0003272543226093,0.0009347804441248,-0.0003304181493554159,-0.0009438177070926,0.0,False,2
NCIH522_LUNG,ACH-000343,lung,1,CCLR_NESTED_W6,,,0.3251809961079988,0.9646968823896176,0.279943180149035,0.2429257819698429,0.14,0.1913828838348188,0.0043878223686596,0.013017115422451,-0.0009200500113710763,-0.002729462632304,0.0,False,2
NCIH838_LUNG,ACH-000416,lung,4,CCLR_NESTED_W6,,,0.2105449452035016,0.9007801136954778,0.4665508804314903,0.3632564174246419,0.26,0.1752120883514661,0.0035000379967437,0.0149743068948914,0.0036516103525180144,0.0156227829897955,0.0,False,2
NCIH841_LUNG,ACH-000292,lung,1,CCLR_NESTED_W6,,,0.2374105671108569,0.8973486987587471,0.4439932890484088,0.3625310944396152,0.25,0.1857577701157448,0.0041229409986557,0.0155836186452276,-0.0009616493802205028,-0.0036347784789213,0.0,False,2
NUGC3_STOMACH,ACH-000911,gastric,4,CCLR_NESTED_W6,,,0.3126118890740864,0.8737109591383462,0.4840990541312876,0.3894193478636579,0.1699999999999999,0.097261494679619,0.0014873899555601,0.0041570680773987,-0.0003851673618446849,-0.0010764943909934,0.0,False,2
OAW42_OVARY,ACH-000704,ovary,3,CCLR_NESTED_W6,,,0.1775762751290315,0.8139291650068479,0.5772403516697768,0.4330029521667896,0.37,0.1093849341213101,0.0010403327847022,0.0047684139909269,-0.0010370883305484135,-0.0047535428835201,0.0,False,2
OSRC2_KIDNEY,ACH-000159,kidney,4,CCLR_NESTED_W6,,,0.3072823829984044,0.9152765560389504,0.4053324567346588,0.3435310187504244,0.14,0.0485100558469133,-0.0003190631665772,-0.0009503669992861,-8.912660819310192e-05,-0.000265474037927,0.0,False,2
PANC0403_PANCREAS,ACH-000235,pancreas,1,CCLR_NESTED_W6,,,0.3746461124280321,0.8612757347010405,0.5000996979467264,0.3826507346661716,0.22,0.2036140357096372,0.0077846585745094,0.0178961887251541,0.0010335688573879231,0.0023760763757607,0.0,False,2
PATU8988S_PANCREAS,ACH-000022,pancreas,3,CCLR_NESTED_W6,,,0.3322455928271379,0.8945421833567134,0.4647816329203372,0.3490122366933512,0.25,0.1403758891574283,0.00240231407562,0.006468020418353,-0.0008966189284126957,-0.0024140680002295,0.0,False,2
PC3_PROSTATE,ACH-000090,prostate,2,CCLR_NESTED_W6,,,0.2713803136734897,1.051329897610061,0.2107539419475765,0.1762108882245506,0.1,-0.068403735612305,-0.0014730581076028,-0.0057066410178268,0.0003179467455082241,0.0012317286942296,0.0,False,2
QGP1_PANCREAS,ACH-000347,pancreas,4,CCLR_NESTED_W6,,,0.4947482420270278,0.9342564324040324,0.3248150906678653,0.2750453804186533,0.08,0.025593587268619,-0.0016640791060295,-0.003142359035916,0.0013889630800559272,0.0026228444725692,0.0,False,2
RCC10RGB_KIDNEY,ACH-000189,kidney,0,CCLR_NESTED_W6,,,0.2834337566664353,0.8825487583526859,0.4756185451274969,0.3545015822585278,0.25,0.0608172665800636,0.0006966345316043,0.0021691627282651,-0.002973248010427254,-0.0092580233587539,0.0,False,2
RH30_SOFT_TISSUE,ACH-000833,rhabdomyosarcoma,4,CCLR_NESTED_W6,,,0.2564275257640085,0.969760729627786,0.338560130195345,0.2727937873404855,0.14,0.0986896992543544,0.0013053984958517,0.0049367718774356,0.0004874161678971034,0.0018433163803456,0.0,False,2
SKMEL24_SKIN,ACH-000822,skin,3,CCLR_NESTED_W6,,,0.3851105932881572,0.8629496569392496,0.5006961714657877,0.3879382599438092,0.29,0.2246628661151403,0.0097706470462746,0.021893909603126,-0.00040445942557659764,-0.0009063062108136,0.0,False,2
SKUT1_SOFT_TISSUE,ACH-000939,soft_tissue,1,CCLR_NESTED_W6,,,0.277178880440213,0.9142157820256338,0.4155651860526335,0.3183118753664594,0.21,0.0935118715895217,0.0013994542268016,0.0046158031172238,-0.0017571709355682086,-0.0057956558539445,0.0,False,2
SNB75_CENTRAL_NERVOUS_SYSTEM,ACH-000504,central_nervous_system,4,CCLR_NESTED_W6,,,0.3421240435779745,0.952190145124844,0.3286095689685321,0.2864537285567416,0.09,0.0579503612303807,-0.0001254787899119,-0.0003492290864063,0.0019836206641569154,0.0055207579926949,0.0,False,2
SNU1041_UPPER_AERODIGESTIVE_TRACT,ACH-000618,upper_aerodigestive,2,CCLR_NESTED_W6,,,0.3581874730633254,0.8748716383176268,0.4819244084848807,0.3773211756792814,0.16,0.101959253022787,0.001637736467265,0.004000165538998,-0.0006134985811634963,-0.0014984681184345,0.0,False,2
SNU1105_CENTRAL_NERVOUS_SYSTEM,ACH-000368,central_nervous_system,2,CCLR_NESTED_W6,,,0.336514354539369,0.9105279297459334,0.4062609208861635,0.3347262270629098,0.13,0.1256839399570528,0.0026849509964217,0.0072648397884469,6.033588532089462e-05,0.0001632545774333,0.0,False,2
SNU1214_UPPER_AERODIGESTIVE_TRACT,ACH-000715,upper_aerodigestive,1,CCLR_NESTED_W6,,,0.5724743722709886,0.9277138412399316,0.3690539164266684,0.3039754606640849,0.08,0.0907891454046467,0.0024247870045949,0.003929448330233,-0.0009430381694449652,-0.0015282248516053,0.0,False,2
SNU245_BILIARY_TRACT,ACH-000268,bile_duct,4,CCLR_NESTED_W6,,,0.3527835995720151,0.9046507962206484,0.4094624993384685,0.3361917155133971,0.13,0.0965689565088291,0.0013178713015224,0.0033794465606821,-0.0009302263295092317,-0.0023853999751599,0.0,False,2
SNU685_ENDOMETRIUM,ACH-000407,uterus,0,CCLR_NESTED_W6,,,0.2923228501922681,0.9506975709974717,0.3355703957137655,0.2326348014589091,0.15,0.1168029947349145,0.0020377826482109,0.0066273129609973,-0.00013379612616032377,-0.0004351341404404,0.0,False,2
SW480_LARGE_INTESTINE,ACH-000842,colorectal,3,CCLR_NESTED_W6,,,0.4399482517446909,0.9401055616776232,0.357952918791406,0.258661660257293,0.19,0.046186849428052,0.0001586435240092,0.0003389981859317,1.7285055847915398e-05,3.6935655664316336e-05,0.0,False,2
SW48_LARGE_INTESTINE,ACH-000958,colorectal,2,CCLR_NESTED_W6,,,0.4282740602984247,0.9528961507018084,0.2899226426226752,0.2543021386734825,0.08,0.0401167150061528,-0.0004923195983862,-0.0010953954341536,-0.00028559495567820337,-0.0006354396848968,0.0,False,2
SW579_THYROID,ACH-000163,thyroid,2,CCLR_NESTED_W6,,,0.3934214637519495,0.9233149041984025,0.383563552131921,0.303811237134968,0.13,0.0874032232899295,0.0015864598388989,0.0037232386870768,-0.0005226047935816824,-0.0012264933141107,0.0,False,2
SW900_LUNG,ACH-000669,lung,3,CCLR_NESTED_W6,,,0.3810141332917217,0.8675161760339971,0.5056241410428586,0.3918047133601679,0.1699999999999999,0.063903043276743,0.0007947181668285,0.0018094627072113,0.00012058706054929313,0.0002745599611834,0.0,False,2
TE11_OESOPHAGUS,ACH-000488,esophagus,4,CCLR_NESTED_W6,,,0.2949661815917082,0.956913420898865,0.378474616590255,0.2780390840184575,0.18,0.0574703256893697,-0.0061379602413109,-0.019912440470834,-0.0010178021019801031,-0.0033018988344636,0.0,False,2
TE6_OESOPHAGUS,ACH-000605,esophagus,0,CCLR_NESTED_W6,,,0.3480928681801988,0.931713130650384,0.3639960222456839,0.2805468747979424,0.2,0.0529087861838979,-2.3063729960748347e-05,-6.173289374911128e-05,0.0011129271608604774,0.0029788856481091,0.0,False,2
TEN_ENDOMETRIUM,ACH-000397,uterus,1,CCLR_NESTED_W6,,,0.3031699781108278,0.9361213252087148,0.3592710444374837,0.2884720766512896,0.16,0.0847609018261739,0.0010636335450053,0.0032842633360049,-0.00015005394090389368,-0.0004633331271358,0.0,False,2
TUHR4TKB_KIDNEY,ACH-000495,kidney,1,CCLR_NESTED_W6,,,0.3269076997780604,0.9311689884258154,0.3709257352898689,0.2989820882581015,0.12,0.0968585686192333,0.0016455171924068,0.0046871168238956,-0.0008278422284823117,-0.002358038709383,0.0,False,2
UACC257_SKIN,ACH-000579,skin,0,CCLR_NESTED_W6,,,0.3748210022901477,0.8452153806721752,0.5408599314763997,0.4192735152525832,0.13,0.2174760388101755,0.0090430285974969,0.02039188522458,-0.001101738474471592,-0.00248440268398,0.0,False,2
22RV1_PROSTATE,ACH-000956,prostate,1,FIXED_FULL_D20_R20,,,0.4130490747662454,0.9624155192919099,0.2653168176990109,0.23839176568519396,0.05,0.08537557182302269,0.001529865888518056,0.0035646289109311224,0.00023181936288568794,,9.671438842456803e-05,False,3
42MGBA_CENTRAL_NERVOUS_SYSTEM,ACH-000323,central_nervous_system,2,FIXED_FULL_D20_R20,,,0.21130536927505605,0.8827404695264967,0.49605625185293084,0.37457567829117433,0.31,0.15254940821148932,0.002680953049988055,0.01119983728877405,0.0007510138060012328,,0.0007948792614607403,False,3
769P_KIDNEY,ACH-000411,kidney,3,FIXED_FULL_D20_R20,,,0.26042645980671,0.8899980417671912,0.46158874840774233,0.3342596749230419,0.33999999999999997,0.07836717034736744,0.0005800877544626104,0.001982428997069019,-0.0004930025523851023,,0.00040147328150019757,False,3
786O_KIDNEY,ACH-000649,kidney,2,FIXED_FULL_D20_R20,,,0.1866948545908993,0.8766669946330455,0.5315482847180799,0.3902826327518821,0.35,0.2433295968522317,0.006530626448254362,0.030666001342178006,0.0011735296591532107,,0.0017010017522487153,False,3
8505C_THYROID,ACH-001307,thyroid,0,FIXED_FULL_D20_R20,,,0.2853059727420771,0.8488817973527062,0.523030712867134,0.420907105194463,0.24,0.12233300609980371,0.002157906751442895,0.006420502676753981,-0.00041126761074949947,,0.00033630693408781553,False,3
A2780_OVARY,ACH-000657,ovary,0,FIXED_FULL_D20_R20,,,0.27432917011880936,0.8632541348330959,0.503932756781305,0.40204610055433787,0.16999999999999998,0.029225570288179372,-0.001112635002728457,-0.0035012199623153384,-0.0018317211998548633,,-0.00017050753762337667,False,3
A375_SKIN,ACH-000219,skin,1,FIXED_FULL_D20_R20,,,0.3842541693094215,0.8104586514286917,0.6401054877996177,0.49231147609281223,0.21000000000000002,0.23218309650377572,0.00787508141154225,0.016609911799161825,-0.001125145520923132,,-0.0001440132069999156,False,3
ACCMESO1_PLEURA,ACH-000086,mesothelioma,3,FIXED_FULL_D20_R20,,,0.18915785876149574,0.8664857697516908,0.524536892880546,0.38453034813842124,0.39,0.1612068778360571,0.003058414873289228,0.014009848615612941,0.0007081741131715613,,0.0006914916964066709,False,3
AGS_STOMACH,ACH-000880,gastric,0,FIXED_FULL_D20_R20,,,0.28348895030622306,0.8780310887958025,0.473986362809233,0.36630509250107585,0.22,0.08556844129254279,0.00044041365109320774,0.0013640633159500704,-0.00023728001734235615,,6.622161013364325e-05,False,3
BEN_LUNG,ACH-000603,lung,0,FIXED_FULL_D20_R20,,,0.27855778995835273,1.0256231738422066,0.2691695730615951,0.19992332818593042,0.21000000000000002,0.03756134714001368,-0.00783374298381534,-0.028843093360720773,-0.002931177273825525,,-0.00035225820871115365,False,3
CAL120_BREAST,ACH-000212,breast,1,FIXED_FULL_D20_R20,,,0.22221140188956515,0.8938096218557827,0.47203749596495026,0.3699387161016368,0.26,0.07268570536111904,0.0001663631278101263,0.0006691689224508357,-0.0023570007201666465,,0.00012278814825614215,False,3
CAL62_THYROID,ACH-000174,thyroid,3,FIXED_FULL_D20_R20,,,0.23914060367643386,0.7774285961839684,0.6425407904725202,0.4970494669234675,0.27,0.12588923500494922,0.0021939623127658348,0.007132410869054584,0.0006731290046111393,,0.0014256078399491334,False,3
CAOV3_OVARY,ACH-000713,ovary,2,FIXED_FULL_D20_R20,,,0.29681261171179263,0.9062318508838174,0.43420121965671554,0.33797773834499484,0.24000000000000002,-0.006110276806150378,-0.0025369142617447937,-0.007745737263977537,-0.0018579490046507496,,-0.0013665547206366258,False,3
CJM_SKIN,ACH-000458,skin,3,FIXED_FULL_D20_R20,,,0.4341600406751446,0.8950484345154881,0.4329920497295191,0.3444503661173938,0.12,0.1354516102074639,0.004258382298102048,0.008778924941037047,0.0008643907711222143,,0.0010220406776620394,False,3
COLO668_LUNG,ACH-000803,lung,1,FIXED_FULL_D20_R20,,,0.4224882423438319,0.9743564017107519,0.23634297598952417,0.21370312699697835,0.09,0.059515686878467845,-0.0012916182944236465,-0.0029787729636135962,-0.002028931809397838,,-0.0003279190910379093,False,3
COLO680N_OESOPHAGUS,ACH-000717,esophagus,2,FIXED_FULL_D20_R20,,,0.2751213585179777,0.8855306204169832,0.47959211082329756,0.359809259196228,0.25,0.05872659240542422,-0.0007073497610338153,-0.0022767402578783846,-0.0012266162619514187,,-0.0003353880137134113,False,3
COV434_OVARY,ACH-000123,ovary,1,FIXED_FULL_D20_R20,,,0.34404679343362427,0.9718337970176437,0.25643732782124146,0.21808546358704414,0.08,0.12783845648094538,0.0026221903822761794,0.007406937905969024,-0.001189927707895777,,-1.1531393524055744e-05,False,3
DMS273_LUNG,ACH-000749,lung,0,FIXED_FULL_D20_R20,,,0.20960020059472526,0.9230324077775189,0.41116929447149503,0.31753476933089375,0.31000000000000005,0.24642942994110317,0.006322661949237224,0.027843589204630814,0.0008157211934716468,,-0.0004161778544677641,False,3
EFM192A_BREAST,ACH-000117,breast,4,FIXED_FULL_D20_R20,,,0.3759137985189853,0.9520321294237108,0.30065394699436543,0.24629439941865794,0.13,0.07940895955822946,0.0001656112248369923,0.0004194238350898605,0.0009336756070960073,,0.00022100940017516502,False,3
G401_SOFT_TISSUE,ACH-000096,rhabdoid,2,FIXED_FULL_D20_R20,,,0.29142111172212676,0.9140932738568122,0.3969496113085448,0.3540778087567467,0.11000000000000001,0.0568674982643162,1.2516455972388929e-05,3.926005274390576e-05,-0.0014967126490883498,,-0.00045725339497393325,False,3
GCIY_STOMACH,ACH-000047,gastric,1,FIXED_FULL_D20_R20,,,0.2096609203261482,0.841769254761857,0.5403889704997066,0.4244074776593304,0.26,0.10589721038909337,0.001356382169550252,0.005445749290132196,-0.0006162573214024969,,0.00015069151723320906,False,3
GP2D_LARGE_INTESTINE,ACH-000982,colorectal,1,FIXED_FULL_D20_R20,,,0.2618467768606101,0.9177089748834104,0.4144120012333865,0.332270797735686,0.16999999999999998,0.09147154211445556,0.00024465938945711363,0.000857471381493502,0.001231529138194687,,9.6582562262304e-05,False,3
HCC1143_BREAST,ACH-000374,breast,2,FIXED_FULL_D20_R20,,,0.3006320765642021,0.9185667152098865,0.42154648185653754,0.32437804633972417,0.22999999999999998,0.029874424102139405,-0.0001513592078343784,-0.00046247071152938357,0.0003990439678869806,,0.0006509174337369084,False,3
HCC1195_LUNG,ACH-000868,lung,0,FIXED_FULL_D20_R20,,,0.3433883408763666,0.9006748313829559,0.440773421541065,0.34015280568297257,0.17,0.043820017226094445,8.878308293280845e-05,0.0002328695495196209,0.0002353419768987841,,-0.0002377651096625022,False,3
HCC1419_BREAST,ACH-000277,breast,3,FIXED_FULL_D20_R20,,,0.41589899133409425,0.9463450170178642,0.3002053696676696,0.2392609423513402,0.05,0.06823255209024262,0.000537000257226028,0.0012219012985172917,0.0002478597660484638,,-6.248329625369031e-06,False,3
HEC1B_ENDOMETRIUM,ACH-000941,uterus,4,FIXED_FULL_D20_R20,,,0.26117763196583754,0.9061900858875594,0.4364627382432295,0.34254738761699655,0.17,0.09237706121172735,0.0013370240784029708,0.0046389805869754275,-0.0012129134745410552,,4.87847248412665e-05,False,3
HEP3B217_LIVER,ACH-000625,liver,3,FIXED_FULL_D20_R20,,,0.4980105687062991,0.9621920401685925,0.26182860667879587,0.2036471903733717,0.08,0.04400091910596021,-0.0008025607354419928,-0.001550604745999995,-0.0014163219314134445,,-0.0014241142044459365,False,3
HS766T_PANCREAS,ACH-000178,pancreas,2,FIXED_FULL_D20_R20,,,0.5651470040783858,0.903560863155856,0.43446378239226624,0.36755514940969913,0.08,0.15263499297570066,0.005317161169913542,0.008501113341405131,0.003442168353560482,,0.0035061468370481963,False,3
HS852T_SKIN,ACH-000274,skin,4,FIXED_FULL_D20_R20,,,0.5611944306882839,0.9383703807062859,0.32392663761031726,0.2788024253251673,0.06,0.1052821254280335,0.003865191915341848,0.006462967931905261,0.00012681307468809244,,-0.00024144111347301767,False,3
HUCCT1_BILIARY_TRACT,ACH-000976,bile_duct,3,FIXED_FULL_D20_R20,,,0.3543067910318625,0.8210747476385372,0.5894254082778467,0.43813814458376493,0.27,0.26679563199203543,0.00943599127076128,0.021867077762737663,0.0043651433705659826,,0.004419124101615768,False,3
IGR1_SKIN,ACH-000882,skin,2,FIXED_FULL_D20_R20,,,0.29257909608368277,0.8558289166827762,0.5157614457465173,0.40112885840484214,0.2,0.18168374004315158,0.00354081626420355,0.010357311879517717,-0.001842521163625488,,-0.0014523593611187602,False,3
IGROV1_OVARY,ACH-000966,ovary,4,FIXED_FULL_D20_R20,,,0.21508361981401689,0.8739644083325857,0.49774068262912763,0.387023894691376,0.19,0.09167500959287633,0.0009867173142293073,0.004009397900535672,-0.0016499697255225876,,-0.00038018812075399366,False,3
ISTMES1_PLEURA,ACH-000569,mesothelioma,0,FIXED_FULL_D20_R20,,,0.3108082049429524,0.8932037581788916,0.445690095570734,0.3723377276298558,0.14,0.0513512057643768,-0.00018236081469291676,-0.0005240703509039601,-0.000605275465760613,,0.0003283165149995937,False,3
J82_URINARY_TRACT,ACH-000396,urinary_tract,0,FIXED_FULL_D20_R20,,,0.21859426204283558,0.8922991566529922,0.46788488526794053,0.3570608128307508,0.25,0.03799118136749037,-0.0009228370886420756,-0.003767009930764176,-0.001589281909099488,,0.0013977813750341295,False,3
JHH5_LIVER,ACH-000734,liver,4,FIXED_FULL_D20_R20,,,0.3702187248697672,0.8921466878658063,0.4304042100615723,0.3412433916297753,0.17,0.04989777014142867,-0.004000460185258792,-0.009640239848681786,-0.004345776060280693,,0.00031258490918428805,False,3
KNS42_CENTRAL_NERVOUS_SYSTEM,ACH-000622,central_nervous_system,3,FIXED_FULL_D20_R20,,,0.28886210546692115,0.9622399538884386,0.32516258990820424,0.2671823792770639,0.12,0.07982334038840216,0.0004110513853292641,0.0013692694838793873,-0.0007612485180785722,,-0.000973635265392625,False,3
KNS60_CENTRAL_NERVOUS_SYSTEM,ACH-000445,central_nervous_system,4,FIXED_FULL_D20_R20,,,0.278645975745002,0.9341151948749438,0.3883487218237738,0.29546735548063163,0.24,0.12050860880793149,0.002382556237025435,0.007987131261088964,0.0007912550145677821,,-7.281247057799867e-05,False,3
KNS81_CENTRAL_NERVOUS_SYSTEM,ACH-000479,central_nervous_system,0,FIXED_FULL_D20_R20,,,0.34286045259677406,0.8917840591585456,0.45100559555186126,0.35894795042469246,0.16999999999999998,0.10175717207365251,0.0018493161767077493,0.0048100930691810095,0.00023685979549281644,,-0.00015720889066017651,False,3
KYSE270_OESOPHAGUS,ACH-000873,esophagus,3,FIXED_FULL_D20_R20,,,0.25516422639053143,0.8856181811725058,0.47686375477465004,0.3689581006342948,0.22999999999999998,0.02520005005003393,-0.0032335820528747727,-0.0112230428882929,-0.0022732405618030582,,-0.0027342853072130358,False,3
LI7_LIVER,ACH-000471,liver,1,FIXED_FULL_D20_R20,,,0.4272117280135713,0.9687935624867445,0.2613194693085158,0.20932544287817897,0.11,0.033541870480996536,-0.001375144726571853,-0.003118433486798078,0.00016511871942825884,,-7.240919363060705e-05,False,3
LK2_LUNG,ACH-000769,lung,3,FIXED_FULL_D20_R20,,,0.30976005660578837,0.9702668714476537,0.2775955611682874,0.22671949689557705,0.15,0.07115202777319192,-0.00021819321295846184,-0.0006834504371806549,-0.0012825689354877823,,-0.00121099442189887,False,3
LMSU_STOMACH,ACH-000255,gastric,3,FIXED_FULL_D20_R20,,,0.23889207255251216,0.843470132949605,0.5304504067487257,0.4135851124110064,0.29000000000000004,0.1833255505428102,0.00415490428255702,0.01466996217227301,0.0005333099427315413,,0.0008263606349602493,False,3
LN229_CENTRAL_NERVOUS_SYSTEM,ACH-000595,central_nervous_system,1,FIXED_FULL_D20_R20,,,0.3122709295350214,0.8643587625891345,0.4928163702952702,0.37862723955247335,0.22,0.11220973812161855,0.001670812866363669,0.004624771648896409,0.00012324229477839177,,6.583550325289789e-06,False,3
LNCAPCLONEFGC_PROSTATE,ACH-000977,prostate,4,FIXED_FULL_D20_R20,,,0.26855269413019583,0.9976241303928535,0.2816217756869479,0.23742663321078428,0.16,0.12968196476506655,0.0005161606301698485,0.0019174423160565057,-0.0029993951785496353,,-0.0007446903303738317,False,3
LOVO_LARGE_INTESTINE,ACH-000950,colorectal,0,FIXED_FULL_D20_R20,,,0.29191610959848374,0.8405765683406524,0.5428278170921651,0.4141979490613616,0.25,0.16356697074095414,0.003941063975710646,0.01134834948598884,-0.001828875210223735,,-1.3353886902045531e-05,False,3
LUDLU1_LUNG,ACH-000390,lung,2,FIXED_FULL_D20_R20,,,0.32181707674642457,0.9328225419785959,0.3728282491289078,0.2854925945070948,0.19,0.06131110614000979,-0.0005512501883559451,-0.0015978598996894133,-0.000266240801869877,,2.469623862183523e-05,False,3
MALME3M_SKIN,ACH-000477,skin,0,FIXED_FULL_D20_R20,,,0.5996885755993862,0.923049894272379,0.37281266307351707,0.28655055517006184,0.11000000000000001,0.15819196723228782,0.008033561816719992,0.012365382112111023,0.00027917802495935895,,-0.0007301519921851796,False,3
MDAMB435S_SKIN,ACH-000884,skin,1,FIXED_FULL_D20_R20,,,0.2714501305720233,0.8819793902084344,0.488305362358165,0.3763835738648438,0.18000000000000002,0.07869015951639934,-0.0012921813576321495,-0.004198477722009097,0.0002449535204455122,,0.00012366191695950546,False,3
MDAMB468_BREAST,ACH-000849,breast,0,FIXED_FULL_D20_R20,,,0.26070567778149895,0.9020640929278737,0.4555340490228125,0.32088836824360006,0.31,0.06576161178740621,0.0005272915622083207,0.0018244742071579223,0.0003335022042194602,,-0.0004034118293461675,False,3
MIAPACA2_PANCREAS,ACH-000601,pancreas,0,FIXED_FULL_D20_R20,,,0.26334823308924976,0.7965740413705014,0.6269108137108996,0.4746356564568241,0.22000000000000003,0.04602115212479713,-0.0006576848808531044,-0.001989360996820788,-0.0017751711145422844,,0.0006613420712277551,False,3
MSTO211H_PLEURA,ACH-000335,mesothelioma,2,FIXED_FULL_D20_R20,,,0.2362981738661932,0.8056409930846216,0.5831249651376305,0.44440429349493754,0.27,0.08780289720971285,0.00018477319408827242,0.0006299704189207667,-0.00015418389821719725,,0.0011790200910372917,False,3
NCIH1048_LUNG,ACH-000866,lung,4,FIXED_FULL_D20_R20,,,0.4070497306337001,0.9572436268318185,0.27941612475578037,0.2380281860204561,0.09,0.11129365601014436,0.0021744913504349594,0.005113669977288127,0.0016701519875764181,,7.75803298271871e-05,False,3
NCIH1299_LUNG,ACH-000510,lung,3,FIXED_FULL_D20_R20,,,0.1782433137150299,0.8028440735919861,0.598348221112363,0.45506445201788864,0.41000000000000003,0.13974250573060296,0.002081679912474932,0.009376308967852576,-0.0009148406608823212,,-0.0007041094330812181,False,3
NCIH1355_LUNG,ACH-000666,lung,1,FIXED_FULL_D20_R20,,,0.3333348244072197,0.8825864704481582,0.4528131722943989,0.3607405029920871,0.14,0.010266989762266804,-0.002036262354410734,-0.005391508695444025,-0.0014822813375094945,,-0.0002474288030836491,False,3
NCIH1573_LUNG,ACH-000916,lung,4,FIXED_FULL_D20_R20,,,0.3725941523230051,0.9332206046290586,0.3503740164515868,0.28814221075130786,0.14,0.060515052831302416,0.00043615148633963097,0.0010924099351909966,-0.0004221546663085718,,-9.39247949628963e-05,False,3
NCIH1581_LUNG,ACH-000015,lung,2,FIXED_FULL_D20_R20,,,0.24538795491413298,0.8967194959324508,0.43679434062978545,0.3641016413701855,0.19,0.13366033550101394,0.0021748872179982726,0.007947675225199125,-0.00060884092637839,,-9.043295780769567e-05,False,3
NCIH1650_LUNG,ACH-000035,lung,4,FIXED_FULL_D20_R20,,,0.35039041776251045,0.9330854372111267,0.3568405088117754,0.2970602632305405,0.16999999999999998,0.05721462412900634,0.0003515906716832218,0.0009362816988598421,0.0006781507833339417,,-3.248838870817394e-05,False,3
NCIH1693_LUNG,ACH-000021,lung,3,FIXED_FULL_D20_R20,,,0.2431687623633705,0.8370607435059794,0.5376326066792053,0.43222986248841794,0.33999999999999997,0.04250612661313451,-0.001392816847065076,-0.0047944986610976015,0.00014617256222948516,,0.0002982763608292971,False,3
NCIH1793_LUNG,ACH-000888,lung,2,FIXED_FULL_D20_R20,,,0.31960971400129273,0.9394827197297606,0.355395580966503,0.28132274309593636,0.14,0.07200144747430963,0.0006024865815527636,0.001770990390597471,-8.53262015465539e-05,,6.885577498227935e-05,False,3
NCIH1915_LUNG,ACH-000434,lung,2,FIXED_FULL_D20_R20,,,0.34135678516455303,0.8686459367504816,0.4943261109416236,0.40181184554037,0.18,0.11429184399193473,0.0022261146245162178,0.00566476340112787,0.00013642092097548852,,0.0006989865334081635,False,3
NCIH2126_LUNG,ACH-000785,lung,1,FIXED_FULL_D20_R20,,,0.2863092984113401,0.9575572443575959,0.3391599301563073,0.2520192693074472,0.26,0.07488081902495772,0.00022973737741976974,0.0007683532853060004,0.002174678130737906,,-3.122150719531147e-05,False,3
NCIH2347_LUNG,ACH-000875,lung,0,FIXED_FULL_D20_R20,,,0.4851762128996458,0.9127579996449205,0.41115542081859374,0.3163987998503223,0.1,0.13266659690258467,0.0032427788199412833,0.006100612994381804,0.0011551437912348805,,-0.000275203271212221,False,3
NCIH23_LUNG,ACH-000900,lung,0,FIXED_FULL_D20_R20,,,0.27428964543194595,0.8933033889209231,0.4501452012894466,0.3407812961028105,0.27,0.13260010303916409,0.0025026941908936062,0.008150745897233191,-0.00035910311044556886,,0.00019722030093366483,False,3
NCIH2444_LUNG,ACH-000186,lung,2,FIXED_FULL_D20_R20,,,0.32851871759619,0.8521922988437629,0.5358464967786083,0.40872580963448835,0.27,0.17885818899967,0.004574845033639197,0.011867353356904031,-0.0006188806875770947,,-0.0008413367625931256,False,3
NCIH322_LUNG,ACH-000837,lung,4,FIXED_FULL_D20_R20,,,0.31946797155722856,0.9125392445691923,0.40319809355728,0.3245500440923954,0.19,0.062474733616407346,-4.32213146014937e-05,-0.00012345884184716827,-0.0007008937953986716,,-0.00037047564604325567,False,3
NCIH522_LUNG,ACH-000343,lung,1,FIXED_FULL_D20_R20,,,0.3251885306573192,0.9647192347297808,0.27950546278913657,0.24272583599561112,0.14,0.19212261658644197,0.004380287808139982,0.01299476304906344,-0.0009275845606914745,,-7.5345493203982095e-06,False,3
NCIH838_LUNG,ACH-000416,lung,4,FIXED_FULL_D20_R20,,,0.21081934667171945,0.9019540928926537,0.4660564993888927,0.3617320133774675,0.26,0.1659961578862948,0.0032256364838107177,0.013800327506409138,0.0033772088843001535,,-0.0002744014682178608,False,3
NCIH841_LUNG,ACH-000292,lung,1,FIXED_FULL_D20_R20,,,0.2373108893736756,0.896971943465824,0.4440871485362483,0.3624458318826919,0.25,0.1903030018071259,0.004222618760351099,0.0159603740308073,-0.0008619716430391944,,9.967773718130846e-05,False,3
NUGC3_STOMACH,ACH-000911,gastric,4,FIXED_FULL_D20_R20,,,0.3125134602655753,0.8734358629833476,0.48454950984162354,0.388826396865354,0.16999999999999998,0.09942980372383609,0.0015858187451519012,0.004432164179519971,-0.00028673855333360976,,9.842880851107516e-05,False,3
OAW42_OVARY,ACH-000704,ovary,3,FIXED_FULL_D20_R20,,,0.17799022945756593,0.815826544038648,0.5741531773991919,0.4275032830701811,0.39,0.09694488558177851,0.0006263784440972142,0.0028710349038004734,-0.0014510426590828296,,-0.00041395432853441605,False,3
OSRC2_KIDNEY,ACH-000159,kidney,4,FIXED_FULL_D20_R20,,,0.30745821876501483,0.915800303457599,0.4043069461060726,0.3425993191269761,0.14,0.04048714319333448,-0.0004948989139099136,-0.0014741143605138118,-0.0002649623748035568,,-0.00017583576661045486,False,3
PANC0403_PANCREAS,ACH-000235,pancreas,1,FIXED_FULL_D20_R20,,,0.37468101472974163,0.8613559717689038,0.5002463622668277,0.38263235519226413,0.22,0.20473664793872146,0.007749756211470449,0.01781595151630011,0.0009986665556783736,,-3.4902301709549555e-05,False,3
PATU8988S_PANCREAS,ACH-000022,pancreas,3,FIXED_FULL_D20_R20,,,0.33275920973834716,0.8959250519427268,0.463593815315794,0.34591465568852403,0.26,0.13704489167630804,0.0018886971737087643,0.00508515185737346,-0.001410235839621965,,-0.0005136169112092692,False,3
PC3_PROSTATE,ACH-000090,prostate,2,FIXED_FULL_D20_R20,,,0.2752687117684629,1.066393588545188,0.20429437520149515,0.1688273895446896,0.1,-0.15425865988712714,-0.0053614561851396125,-0.02077033188540489,-0.003570451349464987,,-0.003888398094973211,False,3
QGP1_PANCREAS,ACH-000347,pancreas,4,FIXED_FULL_D20_R20,,,0.49498869503841636,0.9347104911626049,0.3234630469719218,0.27380733071425634,0.08,0.022546732929363034,-0.0019045321293227335,-0.0035964178169686223,0.001148510068667341,,-0.0002404530113885861,False,3
RCC10RGB_KIDNEY,ACH-000189,kidney,0,FIXED_FULL_D20_R20,,,0.2829026472962643,0.880895003624573,0.47844784072972835,0.35720802805875634,0.25,0.07557112685854886,0.001227743895535982,0.0038229174369499574,-0.002442138640256275,,0.000531109370170979,False,3
RH30_SOFT_TISSUE,ACH-000833,rhabdomyosarcoma,4,FIXED_FULL_D20_R20,,,0.256195593219827,0.9688836043168435,0.338783203674712,0.2731086640520066,0.15,0.10641936155054667,0.001537331060870173,0.005813897267179291,0.0007193487120786268,,0.00023193254418152343,False,3
SKMEL24_SKIN,ACH-000822,skin,3,FIXED_FULL_D20_R20,,,0.3864523243125423,0.8659561863554153,0.49191484982539524,0.37883581296861424,0.31,0.20136369036619134,0.008428916021504917,0.01888738018609859,-0.0017461904499616598,,-0.0013417310243850622,False,3
SKUT1_SOFT_TISSUE,ACH-000939,soft_tissue,1,FIXED_FULL_D20_R20,,,0.27738772022937536,0.9149045958012862,0.4146416838675241,0.3174563036546979,0.21,0.08689132493612824,0.0011906144464434165,0.003926989370609979,-0.0019660107247305714,,-0.0002088397891623628,False,3
SNB75_CENTRAL_NERVOUS_SYSTEM,ACH-000504,central_nervous_system,4,FIXED_FULL_D20_R20,,,0.3421371364112893,0.9522265847352371,0.3281964825476358,0.28624241257921396,0.09,0.0578172468923686,-0.00013857158770513855,-0.0003856685979366503,0.001970527830842117,,-1.309283331479838e-05,False,3
SNU1041_UPPER_AERODIGESTIVE_TRACT,ACH-000618,upper_aerodigestive,2,FIXED_FULL_D20_R20,,,0.3581749782842786,0.8748411198639199,0.48030361811900146,0.3767566533087169,0.16,0.10664902540534911,0.0016502312952437759,0.004030684112220961,-0.0006010038021166952,,1.2494779046801074e-05,False,3
SNU1105_CENTRAL_NERVOUS_SYSTEM,ACH-000368,central_nervous_system,2,FIXED_FULL_D20_R20,,,0.3365448941551406,0.9106105626938259,0.4057066044989971,0.33489959702515143,0.13,0.12452153701927196,0.0026544113979627415,0.007182206887398235,2.979626954929815e-05,,-3.053961577159647e-05,False,3
SNU1214_UPPER_AERODIGESTIVE_TRACT,ACH-000715,upper_aerodigestive,1,FIXED_FULL_D20_R20,,,0.5722333345625463,0.9273232315826021,0.37010564854066136,0.3049687842552972,0.08,0.09595608475198378,0.002665824725502919,0.004320058007763472,-0.0007020004610026609,,0.00024103770844230432,False,3
SNU245_BILIARY_TRACT,ACH-000268,bile_duct,4,FIXED_FULL_D20_R20,,,0.35235339447080366,0.9035476117533964,0.4114008068247764,0.33775287343366156,0.13,0.1054884357792359,0.0017480764118305014,0.004482631051260566,-0.0005000212282977867,,0.00043020510121144495,False,3
SNU685_ENDOMETRIUM,ACH-000407,uterus,0,FIXED_FULL_D20_R20,,,0.29227358928828917,0.9505373638096751,0.335442609463359,0.23313995156059591,0.14,0.11992243993796597,0.0020870435835210754,0.006787520250689738,-8.45352221813811e-05,,4.926090397894267e-05,False,3
SW480_LARGE_INTESTINE,ACH-000842,colorectal,3,FIXED_FULL_D20_R20,,,0.43928628589398594,0.9386910367296993,0.3607027805603147,0.2592396311565763,0.19,0.07013327610686428,0.0008206094085301263,0.001753523206115215,0.0006792509065528529,,0.0006619658507049375,False,3
SW48_LARGE_INTESTINE,ACH-000958,colorectal,2,FIXED_FULL_D20_R20,,,0.42817805872907505,0.9526825502660715,0.29092949117768013,0.25366564683755466,0.09,0.05263235323890196,-0.00039631802602135835,-0.0008817949917078183,-0.00018959338632856815,,9.600156934963522e-05,False,3
SW579_THYROID,ACH-000163,thyroid,2,FIXED_FULL_D20_R20,,,0.3936168255593074,0.9237733958798792,0.3825314369864438,0.30232001990164353,0.12,0.08326446670433661,0.0013910980522534033,0.003264747054209427,-0.0007179666009395902,,-0.00019536180735790776,False,3
SW900_LUNG,ACH-000669,lung,3,FIXED_FULL_D20_R20,,,0.3773769495671991,0.8592348146866606,0.513209382839208,0.396187814849905,0.19,0.159392019434596,0.004431901880754596,0.010090824030420942,0.00375777078507189,,0.003637183724522597,False,3
TE11_OESOPHAGUS,ACH-000488,esophagus,4,FIXED_FULL_D20_R20,,,0.29531268000183847,0.9580375124038116,0.3761465258824162,0.2766692847984279,0.18,0.05216223299443203,-0.0064844586039704555,-0.021036531821778448,-0.0013643005121103946,,-0.0003464984101302915,False,3
TE6_OESOPHAGUS,ACH-000605,esophagus,0,FIXED_FULL_D20_R20,,,0.34824275646697744,0.9321143249800822,0.3632382294975954,0.2803832116963132,0.2,0.04754134863430573,-0.00017295195907301997,-0.00046292706909645265,0.0009630388740818341,,-0.0001498882867786433,False,3
TEN_ENDOMETRIUM,ACH-000397,uterus,1,FIXED_FULL_D20_R20,,,0.30328307997100046,0.9364705585460265,0.358788111283026,0.28733441388238773,0.16,0.08088126631240905,0.0009505317096894506,0.0029350300754453773,-0.00026315580107655334,,-0.00011310186017265966,False,3
TUHR4TKB_KIDNEY,ACH-000495,kidney,1,FIXED_FULL_D20_R20,,,0.32673031548167775,0.9306637242306391,0.3718921222678905,0.29961304539302686,0.13,0.10267987323851638,0.0018229014806582233,0.005192380995910573,-0.0006504579320996684,,0.0001773842963826433,False,3
UACC257_SKIN,ACH-000579,skin,0,FIXED_FULL_D20_R20,,,0.3748774801203541,0.8453427372783038,0.5388255295594667,0.4181695572848303,0.12,0.2142085376375156,0.008986550722871078,0.020264528518286085,-0.0011582163046779947,,-5.6477830206402846e-05,False,3
22RV1_PROSTATE,ACH-000956,prostate,1,CONTROL_D05_R20,,,0.41299271226797335,0.9622841931460426,0.26587412642024794,0.23865729300881103,0.05,0.0847826148541346,0.0015862283867901228,0.003695955056798428,0.0002881818611577547,,0.00015307688669663477,False,4
42MGBA_CENTRAL_NERVOUS_SYSTEM,ACH-000323,central_nervous_system,2,CONTROL_D05_R20,,,0.21526191403507805,0.8992691653715043,0.48739095154156176,0.3686177277558447,0.29000000000000004,0.04970008550403408,-0.001275591710033941,-0.005328858556233551,-0.0032055309540207633,,-0.0031616654985612558,False,4
769P_KIDNEY,ACH-000411,kidney,3,CONTROL_D05_R20,,,0.26078933807519605,0.8912381651732083,0.45933344582475194,0.32832314829013454,0.36,0.06257407714734677,0.00021720948597653278,0.0007423055910519283,-0.0008558808208711799,,3.859501301411994e-05,False,4
786O_KIDNEY,ACH-000649,kidney,2,CONTROL_D05_R20,,,0.18862851960485855,0.8857469465156474,0.5260644695530998,0.3892071573398871,0.35,0.20159749651800563,0.00459696143429511,0.021586049459576095,-0.0007601353548060408,,-0.0002326632617105362,False,4
8505C_THYROID,ACH-001307,thyroid,0,CONTROL_D05_R20,,,0.2851866507272749,0.8485267739880864,0.5249826066018026,0.4217712284852568,0.22,0.13635722794703775,0.0022772287662450874,0.0067755260413737695,-0.0002919455959473072,,0.0004556289488900078,False,4
A2780_OVARY,ACH-000657,ovary,0,CONTROL_D05_R20,,,0.27360429620079435,0.8609731145293196,0.5091482052100444,0.40630819750487424,0.16,0.061048818314876,-0.00038776108471344495,-0.001220199658539034,-0.0011068472818398511,,0.0005543663803916354,False,4
A375_SKIN,ACH-000219,skin,1,CONTROL_D05_R20,,,0.38438950455460635,0.8107440969204098,0.6423981991247459,0.495135669119722,0.21000000000000002,0.25456460215624493,0.00773974616635742,0.016324466307443664,-0.0012604807661079631,,-0.0002793484521847467,False,4
ACCMESO1_PLEURA,ACH-000086,mesothelioma,3,CONTROL_D05_R20,,,0.18987488094025498,0.8697702725397807,0.5225277387379725,0.3841561272603025,0.38,0.13875350518791596,0.0023413926945299868,0.010725345827523047,-8.84806558767992e-06,,-2.5530482352570383e-05,False,4
AGS_STOMACH,ACH-000880,gastric,0,CONTROL_D05_R20,,,0.28370048633855355,0.8786862649943318,0.47383009630999673,0.36488028592345767,0.22,0.06152672766461902,0.00022887761876272394,0.0007088871174207867,-0.00044881604967283995,,-0.00014531442219684054,False,4
BEN_LUNG,ACH-000603,lung,0,CONTROL_D05_R20,,,0.2719980686805693,1.001470906704223,0.27986852222039843,0.2086730231650672,0.2,0.07799704221304966,-0.0012740217060319137,-0.004690826222737088,0.003628544003957901,,0.006207463069072272,False,4
CAL120_BREAST,ACH-000212,breast,1,CONTROL_D05_R20,,,0.2201536448332131,0.8855326250825787,0.4763961818001812,0.37275463208419934,0.27,0.1371032446039664,0.0022241201841621816,0.008946165695654873,-0.0002992436638145912,,0.0021805452046081975,False,4
CAL62_THYROID,ACH-000174,thyroid,3,CONTROL_D05_R20,,,0.24070469999050312,0.7825133588008122,0.6411219480404967,0.4957740561526716,0.27,0.05501896249207354,0.0006298659986965771,0.002047648252210821,-0.0008909673094581183,,-0.00013848847412012422,False,4
CAOV3_OVARY,ACH-000713,ovary,2,CONTROL_D05_R20,,,0.2937015522704234,0.8967331266230734,0.44679053832393095,0.3505440517597395,0.24000000000000002,0.06267740406794975,0.0005741451796244523,0.0017529869967665146,0.0012531104367184964,,0.0017445047207326203,False,4
CJM_SKIN,ACH-000458,skin,3,CONTROL_D05_R20,,,0.4354809777685747,0.8977716300351161,0.43371509221339183,0.3474376629839279,0.12,0.12112935186628793,0.002937445204671929,0.006055729421409084,-0.0004565463223079047,,-0.00029889641576807957,False,4
COLO668_LUNG,ACH-000803,lung,1,CONTROL_D05_R20,,,0.4187586349306314,0.9657550573543748,0.24720490074416834,0.22278914038512915,0.1,0.10193618270260901,0.002437989118776851,0.0056225713927634535,0.0017006756038026594,,0.003401688322162588,False,4
COLO680N_OESOPHAGUS,ACH-000717,esophagus,2,CONTROL_D05_R20,,,0.27399780327698553,0.8819142433570991,0.48336216420897715,0.3621381055753535,0.27,0.07635437918682375,0.00041620547995835366,0.0013396368020056615,-0.00010306102095924974,,0.0007881672272787577,False,4
COV434_OVARY,ACH-000123,ovary,1,CONTROL_D05_R20,,,0.3438000052344878,0.9711366909343916,0.2576483958716148,0.21736499569428466,0.08,0.13814723783557772,0.0028689785814126623,0.008104043989221155,-0.0009431395087592942,,0.00023525680561242712,False,4
DMS273_LUNG,ACH-000749,lung,0,CONTROL_D05_R20,,,0.21097987690299028,0.9291081936840115,0.40747436113390506,0.3154615726562985,0.29000000000000004,0.225744511201129,0.004942985640972203,0.02176780329813821,-0.0005639551147933741,,-0.001795854162732785,False,4
EFM192A_BREAST,ACH-000117,breast,4,CONTROL_D05_R20,,,0.37685702135041954,0.9544209176093779,0.2982106382448593,0.24821484562580884,0.11,0.0018689704891945134,-0.0007776116065972283,-0.001969364350577152,-9.547224338213312e-06,,-0.0007222134312590556,False,4
G401_SOFT_TISSUE,ACH-000096,rhabdoid,2,CONTROL_D05_R20,,,0.2907609000264813,0.9120224044309672,0.40003405014474863,0.35647378529143714,0.11000000000000001,0.08194796042454398,0.0006727281516178407,0.002110129478588907,-0.000836500953442898,,0.00020295830067151854,False,4
GCIY_STOMACH,ACH-000047,gastric,1,CONTROL_D05_R20,,,0.20939581285358194,0.840704872714565,0.5416450330187281,0.4259786443019246,0.26,0.1273000885429175,0.0016214896421165026,0.006510131337424285,-0.00035114984883624634,,0.0004157989897994596,False,4
GP2D_LARGE_INTESTINE,ACH-000982,colorectal,1,CONTROL_D05_R20,,,0.2626498713637096,0.9205236248936578,0.4131339860736954,0.33689990717913343,0.16,0.05597280914291003,-0.0005584351136423971,-0.001957178628753886,0.0004284346350951762,,-0.0007065119408372067,False,4
HCC1143_BREAST,ACH-000374,breast,2,CONTROL_D05_R20,,,0.3008348962671418,0.9191864209659667,0.4210829524962996,0.3215479072750514,0.24,0.023544390665038824,-0.00035417891077410557,-0.0010821764676095524,0.00019622426494725342,,0.0004480977307971812,False,4
HCC1195_LUNG,ACH-000868,lung,0,CONTROL_D05_R20,,,0.3447524016438185,0.9042526325353928,0.4355484915153632,0.3363664207088056,0.18000000000000002,-0.010909313803544275,-0.0012752776845190716,-0.003344931602917267,-0.001128718790553096,,-0.0016018258771143823,False,4
HCC1419_BREAST,ACH-000277,breast,3,CONTROL_D05_R20,,,0.4159202910337572,0.946393482787342,0.3013389401107482,0.2380247265111246,0.05,0.04454864361170173,0.0005157005575630591,0.0011734355290394793,0.00022656006638549497,,-2.7548029288337883e-05,False,4
HEC1B_ENDOMETRIUM,ACH-000941,uterus,4,CONTROL_D05_R20,,,0.26118169878996045,0.9062041962678148,0.43380399707110245,0.3377061324476036,0.18000000000000002,0.10098026873620787,0.001332957254280065,0.004624870206720089,-0.001216980298663961,,4.471790071836068e-05,False,4
HEP3B217_LIVER,ACH-000625,liver,3,CONTROL_D05_R20,,,0.496640330748362,0.9595446424242255,0.26730424869481273,0.20732687340903735,0.09,0.04725772394623614,0.0005676772224951221,0.0010967929983669578,-4.608397347632964e-05,,-5.387624650882161e-05,False,4
HS766T_PANCREAS,ACH-000178,pancreas,2,CONTROL_D05_R20,,,0.5677362817485935,0.9077006178564199,0.43073882973932776,0.3651765178831895,0.07,0.13229187259812528,0.0027278834997058743,0.004361358640841306,0.0008528906833528138,,0.0009168691668405282,False,4
HS852T_SKIN,ACH-000274,skin,4,CONTROL_D05_R20,,,0.5612853058126074,0.9385223325439112,0.32317721861454074,0.27701634520603086,0.06,0.1033803339438578,0.0037743167910183617,0.006311016094279975,3.593795036460623e-05,,-0.0003323162377965039,False,4
HUCCT1_BILIARY_TRACT,ACH-000976,bile_duct,3,CONTROL_D05_R20,,,0.3588983813233091,0.8317153532809789,0.5832735001095968,0.4344262628513296,0.25,0.21906786082139976,0.004844400979314711,0.011226472120295927,-0.00022644692088058527,,-0.00017246618983079998,False,4
IGR1_SKIN,ACH-000882,skin,2,CONTROL_D05_R20,,,0.29160983328638085,0.8529937068509755,0.5178499614528227,0.4045781541143532,0.2,0.17900880441020753,0.0045100790615054676,0.01319252171131835,-0.0008732583663235705,,-0.00048309656381684274,False,4
IGROV1_OVARY,ACH-000966,ovary,4,CONTROL_D05_R20,,,0.2143894427339397,0.8711437097522274,0.49910684657376975,0.38789024792247045,0.2,0.12181335547432609,0.0016808943943064925,0.0068300964808939435,-0.0009557926454454024,,0.0003139889593231915,False,4
ISTMES1_PLEURA,ACH-000569,mesothelioma,0,CONTROL_D05_R20,,,0.3099209043639387,0.8906538248141826,0.45064612922811403,0.3778333955130593,0.15,0.0643755973979306,0.0007049397643207889,0.0020258630138050293,0.00028202511325309265,,0.0012156170940132993,False,4
J82_URINARY_TRACT,ACH-000396,urinary_tract,0,CONTROL_D05_R20,,,0.21768937681802783,0.8886054260151519,0.47159109607809296,0.36215509910377075,0.26,0.044518305340856074,-1.7951863834325676e-05,-7.327929292388902e-05,-0.0006843966842917382,,0.0023026665998418794,False,4
JHH5_LIVER,ACH-000734,liver,4,CONTROL_D05_R20,,,0.3672131358438045,0.8849038713509428,0.45540922060122363,0.36094932599415885,0.16,0.0030019017296908524,-0.0009948711592960846,-0.002397423333818316,-0.0013401870343179856,,0.003318173935146995,False,4
KNS42_CENTRAL_NERVOUS_SYSTEM,ACH-000622,central_nervous_system,3,CONTROL_D05_R20,,,0.28786058017271,0.9589037334750269,0.32883869269754795,0.2711765530622694,0.13,0.09935463034838453,0.0014125766795404227,0.004705489897291137,0.00024027677613258636,,2.789002881853353e-05,False,4
KNS60_CENTRAL_NERVOUS_SYSTEM,ACH-000445,central_nervous_system,4,CONTROL_D05_R20,,,0.28022563324083904,0.9394107390349278,0.38349374893064214,0.2940022635566395,0.24000000000000002,0.07732329853104586,0.0008028987411883848,0.002691587101104953,-0.000788402481269268,,-0.0016524699664150488,False,4
KNS81_CENTRAL_NERVOUS_SYSTEM,ACH-000479,central_nervous_system,0,CONTROL_D05_R20,,,0.34320860582207935,0.8926896097816064,0.44757398750133814,0.35830377865714286,0.18,0.09404038900484099,0.0015011629514024571,0.0039045424461202627,-0.0001112934298124757,,-0.0005053621159654687,False,4
KYSE270_OESOPHAGUS,ACH-000873,esophagus,3,CONTROL_D05_R20,,,0.25265988135964756,0.876926157519138,0.4863598523052632,0.3802883203428521,0.26,0.011692454703633073,-0.0007292370219909028,-0.002531019234925158,0.00023110446908081173,,-0.0002299402763291658,False,4
LI7_LIVER,ACH-000471,liver,1,CONTROL_D05_R20,,,0.42521028478606004,0.9642548637868952,0.266950699443535,0.2157655217762924,0.11,0.054380589791791535,0.0006262985009394262,0.001420265213051275,0.002166561946939538,,0.0019290340338806722,False,4
LK2_LUNG,ACH-000769,lung,3,CONTROL_D05_R20,,,0.308565443948389,0.966524965217433,0.28601891613584096,0.23333507451320773,0.16,0.08122330815779907,0.0009764194444409346,0.0030584557930399825,-8.79562780883858e-05,,-1.6381764499473483e-05,False,4
LMSU_STOMACH,ACH-000255,gastric,3,CONTROL_D05_R20,,,0.23975978519573643,0.8465338164394853,0.5261306841246727,0.41257489061248453,0.24000000000000002,0.17029392388957326,0.0032871916393327483,0.011606278682392723,-0.0003344027004927308,,-4.1352008264022855e-05,False,4
LN229_CENTRAL_NERVOUS_SYSTEM,ACH-000595,central_nervous_system,1,CONTROL_D05_R20,,,0.3123713583124556,0.8646367471390272,0.4923609338421814,0.378231142738457,0.22,0.10530022633411656,0.0015703840889294551,0.004346787099003713,2.2813517344177914e-05,,-9.384522710892407e-05,False,4
LNCAPCLONEFGC_PROSTATE,ACH-000977,prostate,4,CONTROL_D05_R20,,,0.2655046228013104,0.9863011030119383,0.2937374883433793,0.2397530478760239,0.16,0.16547913782112791,0.0035642319590553084,0.01324046969697168,4.867615033582462e-05,,0.0023033809985116283,False,4
LOVO_LARGE_INTESTINE,ACH-000950,colorectal,0,CONTROL_D05_R20,,,0.2917092044096787,0.8399807819216814,0.5426400564332587,0.4150835184848739,0.22,0.1794133701072157,0.004147969164515708,0.011944135904959907,-0.0016219700214186727,,0.00019355130190301661,False,4
LUDLU1_LUNG,ACH-000390,lung,2,CONTROL_D05_R20,,,0.32179066466089873,0.9327459836150427,0.37339751649129677,0.2829752609985143,0.2,0.027256272359035726,-0.0005248381028301052,-0.001521301536136166,-0.00023982871634403713,,5.110832414767508e-05,False,4
MALME3M_SKIN,ACH-000477,skin,0,CONTROL_D05_R20,,,0.6035993060355022,0.9290693508077594,0.36633483075611023,0.27957079512325844,0.06999999999999999,0.1336331565876307,0.004122831380603986,0.006345925576730638,-0.0036315524111566466,,-0.004640882428301185,False,4
MDAMB435S_SKIN,ACH-000884,skin,1,CONTROL_D05_R20,,,0.27173712103277053,0.8829118623020455,0.4872531449208821,0.3754934426702481,0.18000000000000002,0.06386379324296373,-0.0015791718183794101,-0.005130949815620234,-4.203694030174843e-05,,-0.0001633285437877552,False,4
MDAMB468_BREAST,ACH-000849,breast,0,CONTROL_D05_R20,,,0.2613283364196449,0.9042185454292635,0.45755455442880466,0.3197021583722484,0.29,0.04479407871524989,-9.536707593765792e-05,-0.00032997829423186964,-0.00028915643392651846,,-0.0010260704674921461,False,4
MIAPACA2_PANCREAS,ACH-000601,pancreas,0,CONTROL_D05_R20,,,0.26266005294397227,0.794492438494021,0.6328961988381827,0.47773234233375905,0.24,0.04415089237951146,3.0495264424390545e-05,9.224187965961583e-05,-0.0010869909692647894,,0.00134952221650525,False,4
MSTO211H_PLEURA,ACH-000335,mesothelioma,2,CONTROL_D05_R20,,,0.23605146637662003,0.8047998623062953,0.5838087432425415,0.4481729322320038,0.26,0.08134112456283699,0.0004314806836614449,0.0014711011972470267,9.252359135597521e-05,,0.0014257275806104641,False,4
NCIH1048_LUNG,ACH-000866,lung,4,CONTROL_D05_R20,,,0.40782114123182844,0.9590577242827106,0.27683688278068547,0.2382911430645285,0.07,0.08858727050108957,0.001403080752306607,0.0032995725263960107,0.0008987413894480656,,-0.0006938302683011655,False,4
NCIH1299_LUNG,ACH-000510,lung,3,CONTROL_D05_R20,,,0.17767050981785013,0.8002640485431003,0.6010174737699059,0.4581921708277011,0.4,0.1600677489718178,0.0026544838096547174,0.011956334016738346,-0.00034203676370253566,,-0.00013130553590143257,False,4
NCIH1355_LUNG,ACH-000666,lung,1,CONTROL_D05_R20,,,0.33250406355000656,0.8803868254093954,0.4586697765462892,0.36195499526604746,0.13,-0.03323222068696002,-0.0012055014971976141,-0.0031918636566812264,-0.0006515204802963748,,0.0005833320541294706,False,4
NCIH1573_LUNG,ACH-000916,lung,4,CONTROL_D05_R20,,,0.3728458355869008,0.9338509849134604,0.35104508619879987,0.2863589960109539,0.14,0.04486539479122144,0.00018446822244388983,0.00046202965078923075,-0.0006738379302043129,,-0.00034560805885863743,False,4
NCIH1581_LUNG,ACH-000015,lung,2,CONTROL_D05_R20,,,0.24492366709567942,0.8950228521885599,0.4382588827105892,0.3673031393838701,0.19,0.1466842341230041,0.002639175036451835,0.009644318969090016,-0.00014455310792482745,,0.0003738548606458669,False,4
NCIH1650_LUNG,ACH-000035,lung,4,CONTROL_D05_R20,,,0.3520979325029786,0.937632528276939,0.35203567610520475,0.2906889317570966,0.16999999999999998,0.0007455482735579246,-0.0013559240687849305,-0.003610809366952461,-0.0010293639571342106,,-0.0017400031291763263,False,4
NCIH1693_LUNG,ACH-000021,lung,3,CONTROL_D05_R20,,,0.24339109539010126,0.8378260813185027,0.5361844050273983,0.43071420038082375,0.31000000000000005,-0.0008781767522517495,-0.0016151498737958236,-0.005559836473620905,-7.616046450126257e-05,,7.594333409854936e-05,False,4
NCIH1793_LUNG,ACH-000888,lung,2,CONTROL_D05_R20,,,0.31909899156457805,0.9379814671618559,0.3575521266055244,0.2865073074958228,0.14,0.0804584813240422,0.001113209018267447,0.0032722429585021473,0.0004253962351681295,,0.0005795782116969628,False,4
NCIH1915_LUNG,ACH-000434,lung,2,CONTROL_D05_R20,,,0.3430582710853936,0.8729756846735054,0.49266439414122326,0.4010831492635121,0.18,0.055579539158589104,0.0005246287036756447,0.0013350154781041068,-0.0015650649998650845,,-0.0010024993874324095,False,4
NCIH2126_LUNG,ACH-000785,lung,1,CONTROL_D05_R20,,,0.2884152877182006,0.9646006946699452,0.3387227068041322,0.2574219833457747,0.25,0.0037549115631815896,-0.0018762519294406865,-0.006275097027043319,6.868882387744968e-05,,-0.0021372108140557677,False,4
NCIH2347_LUNG,ACH-000875,lung,0,CONTROL_D05_R20,,,0.4870638698666359,0.9163092330965945,0.40509032702966713,0.30965694275742717,0.1,0.08173199617024479,0.0013551218529511688,0.0025493795427078414,-0.0007325131757552339,,-0.0021628602382023354,False,4
NCIH23_LUNG,ACH-000900,lung,0,CONTROL_D05_R20,,,0.2744479599061385,0.893818985694869,0.44879332190992255,0.33890474816574584,0.25,0.12810934000192495,0.0023443797167010394,0.0076351491232873325,-0.0005174175846381357,,3.890582674109799e-05,False,4
NCIH2444_LUNG,ACH-000186,lung,2,CONTROL_D05_R20,,,0.33078588166320616,0.8580734241941343,0.5290392539891803,0.40291834281403716,0.26,0.12434174900433834,0.002307680966623038,0.00598622800653259,-0.0028860447545932533,,-0.003108500829609284,False,4
NCIH322_LUNG,ACH-000837,lung,4,CONTROL_D05_R20,,,0.3198903155384416,0.9137456423676504,0.40353968982252747,0.3248991989239738,0.18,0.03214872109236183,-0.00046556529581454065,-0.0013298566403052714,-0.0011232377766117185,,-0.0007928196272563026,False,4
NCIH522_LUNG,ACH-000343,lung,1,CONTROL_D05_R20,,,0.3248174139116527,0.9636182627423892,0.2815740989854171,0.24141576889048025,0.13,0.19325561528820262,0.00475140455380646,0.014095735036455115,-0.0005564678150249969,,0.00036358219634607947,False,4
NCIH838_LUNG,ACH-000416,lung,4,CONTROL_D05_R20,,,0.21310766211416196,0.9117442545249939,0.46197975873910585,0.35919924489097704,0.26,0.08686378314699073,0.0009373210413682054,0.004010165874068994,0.0010888934418576413,,-0.002562716910660373,False,4
NCIH841_LUNG,ACH-000292,lung,1,CONTROL_D05_R20,,,0.23677853379762723,0.894959781205073,0.4463803475988332,0.3648039356790888,0.25,0.2091470091057299,0.004754974336399459,0.01797253629155826,-0.00032961606699083434,,0.0006320333132296685,False,4
NUGC3_STOMACH,ACH-000911,gastric,4,CONTROL_D05_R20,,,0.31268655921598415,0.8739196528047632,0.48399980572572143,0.3859034754324671,0.16999999999999998,0.09494965908264917,0.0014127197947430559,0.003948374358104356,-0.00045983750374245513,,-7.467014189777021e-05,False,4
OAW42_OVARY,ACH-000704,ovary,3,CONTROL_D05_R20,,,0.17752354000835663,0.813687451114008,0.5772481401744893,0.43403987998001575,0.36,0.1110778016373519,0.0010930678933065152,0.005010127828440458,-0.0009843532098735286,,5.273512067488495e-05,False,4
OSRC2_KIDNEY,ACH-000159,kidney,4,CONTROL_D05_R20,,,0.30681939568043104,0.9138974941033151,0.407035399744017,0.34552532009895914,0.12000000000000001,0.06013233830144633,0.0001439241706738814,0.0004286949937700735,0.0003738607097802382,,0.00046298731797334014,False,4
PANC0403_PANCREAS,ACH-000235,pancreas,1,CONTROL_D05_R20,,,0.3770337554125784,0.8667646985458578,0.4955591804633357,0.38108720740884267,0.2,0.18850290816074763,0.005397015528633697,0.012407224739346079,-0.0013540741271583778,,-0.002387642984546301,False,4
PATU8988S_PANCREAS,ACH-000022,pancreas,3,CONTROL_D05_R20,,,0.3321068012504207,0.8941684991822697,0.465494847414407,0.3493376703175955,0.25,0.1440306560507886,0.0025411056616352345,0.006841704617830513,-0.0007578273516954948,,0.000138791576717201,False,4
PC3_PROSTATE,ACH-000090,prostate,2,CONTROL_D05_R20,,,0.27010922145708666,1.0464056743617534,0.21390847508738853,0.18028227681035394,0.1,0.00712522167212609,-0.0002019658737633656,-0.0007824177019701839,0.00158903896191126,,0.0012710922164030358,False,4
QGP1_PANCREAS,ACH-000347,pancreas,4,CONTROL_D05_R20,,,0.4949535549403323,0.9346441344585651,0.3258299195565597,0.2713303401008923,0.1,0.018987186691372285,-0.001869392031238648,-0.0035300611129288617,0.0011836501667514265,,-0.00020531291330450063,False,4
RCC10RGB_KIDNEY,ACH-000189,kidney,0,CONTROL_D05_R20,,,0.28227055118058525,0.8789267989597044,0.4837042743150261,0.35958724390708074,0.27,0.10408840631654237,0.0018598400112150304,0.0057911221018185355,-0.0018100425245772267,,0.0011632054858500274,False,4
RH30_SOFT_TISSUE,ACH-000833,rhabdomyosarcoma,4,CONTROL_D05_R20,,,0.25643340487091576,0.9697829633056522,0.3393730191377141,0.2770166631030009,0.15,0.09970165906423502,0.0012995194097814022,0.004914538278370628,0.00048153706098985616,,-5.879106907247245e-06,False,4
SKMEL24_SKIN,ACH-000822,skin,3,CONTROL_D05_R20,,,0.3854551553411644,0.8637217460757703,0.49916888995932057,0.387609535168622,0.29,0.2205537899544671,0.009426084992882777,0.021121820465743513,-0.0007490214785838001,,-0.00034456205300720244,False,4
SKUT1_SOFT_TISSUE,ACH-000939,soft_tissue,1,CONTROL_D05_R20,,,0.2759735978213256,0.9102404127975092,0.420387151233264,0.32323234682820673,0.23,0.14672881384981534,0.002604736854493195,0.008591172374387002,-0.0005518883166807931,,0.0012052826188874155,False,4
SNB75_CENTRAL_NERVOUS_SYSTEM,ACH-000504,central_nervous_system,4,CONTROL_D05_R20,,,0.34393014693371776,0.9572168418703585,0.32345167149999476,0.2833921441280067,0.08,0.014796886556312344,-0.0019315821101336117,-0.005375925733058007,0.00017751730841364388,,-0.0018061033557432715,False,4
SNU1041_UPPER_AERODIGESTIVE_TRACT,ACH-000618,upper_aerodigestive,2,CONTROL_D05_R20,,,0.3570410240745592,0.8720714407102913,0.4885274491651534,0.38269123412501643,0.16,0.12872084527382927,0.002784185504963177,0.0068003632658495405,0.0005329504076027058,,0.0011464489887662022,False,4
SNU1105_CENTRAL_NERVOUS_SYSTEM,ACH-000368,central_nervous_system,2,CONTROL_D05_R20,,,0.33728208157087497,0.9126052167774598,0.4032571929063359,0.3337878851164575,0.12000000000000001,0.10756782717299126,0.0019172239822283776,0.0051875528037643726,-0.0007073911461850657,,-0.0007677270315059603,False,4
SNU1214_UPPER_AERODIGESTIVE_TRACT,ACH-000715,upper_aerodigestive,1,CONTROL_D05_R20,,,0.5720740551207222,0.9270651139271007,0.3725120271414728,0.3092195014930646,0.05,0.12004265756851815,0.002825104167327064,0.004578175663264905,-0.0005427210191785159,,0.0004003171502664493,False,4
SNU245_BILIARY_TRACT,ACH-000268,bile_duct,4,CONTROL_D05_R20,,,0.3511304902693051,0.9004116914302028,0.4162921821384979,0.3395586623575691,0.11000000000000001,0.12382313875067943,0.002970980613329066,0.007618551374454108,0.000722882973200778,,0.0016531093027100097,False,4
SNU685_ENDOMETRIUM,ACH-000407,uterus,0,CONTROL_D05_R20,,,0.2930490772331237,0.9530594194923119,0.3309722410346735,0.23053811733298293,0.13,0.09501812799104965,0.0013115556386865679,0.00426546456805299,-0.0008600231670158887,,-0.0007262270408555649,False,4
SW480_LARGE_INTESTINE,ACH-000842,colorectal,3,CONTROL_D05_R20,,,0.4398956255120637,0.9399931070564563,0.35819549055595795,0.25853025496440246,0.19,0.04804565780079801,0.00021126979045238414,0.0004514528793582162,6.991128847511074e-05,,5.2626232627195346e-05,False,4
SW48_LARGE_INTESTINE,ACH-000958,colorectal,2,CONTROL_D05_R20,,,0.4277180501610355,0.951659045845866,0.2891312224986893,0.2570437999363036,0.08,0.03738480114144266,6.369054201821323e-05,0.00014170942849767165,0.00027041518171100343,,0.0005560101373892068,False,4
SW579_THYROID,ACH-000163,thyroid,2,CONTROL_D05_R20,,,0.3943682796963678,0.925536972269313,0.3787804639966274,0.2994023748351177,0.13,0.0633990177261183,0.000639643915193,0.0015011706647756196,-0.0014694207379999935,,-0.0009468159444183111,False,4
SW900_LUNG,ACH-000669,lung,3,CONTROL_D05_R20,,,0.3810340715539482,0.8675615726833393,0.5052485444849578,0.39225979607233613,0.16,0.06252176933508606,0.000774779894005484,0.0017640660337422398,0.00010064879832277773,,-1.9938262226515402e-05,False,4
TE11_OESOPHAGUS,ACH-000488,esophagus,4,CONTROL_D05_R20,,,0.29336034122427396,0.9517038399525787,0.37622217297770916,0.2828684560973045,0.16,-0.03886535381938847,-0.004532119826405945,-0.014702859370545496,0.0005880382654541161,,0.0016058403674342192,False,4
TE6_OESOPHAGUS,ACH-000605,esophagus,0,CONTROL_D05_R20,,,0.3481949597354748,0.9319863911830585,0.364526954669683,0.28449134818515226,0.2,0.022360759679161377,-0.00012515522757039488,-0.00033499327207275886,0.0010108356055844592,,-0.00010209155527601821,False,4
TEN_ENDOMETRIUM,ACH-000397,uterus,1,CONTROL_D05_R20,,,0.3036935333829504,0.9377379472047761,0.3601604677568951,0.28769459125323943,0.16,0.06167081147954121,0.0005400782977394991,0.001667641416695731,-0.0006736092130265048,,-0.0005235552721226111,False,4
TUHR4TKB_KIDNEY,ACH-000495,kidney,1,CONTROL_D05_R20,,,0.3283167498080705,0.9351825484978988,0.366612785914539,0.29657684457544575,0.12,0.05387109737240343,0.00023646715426545173,0.0006735567286508815,-0.00223689225849244,,-0.0014090500300101283,False,4
UACC257_SKIN,ACH-000579,skin,0,CONTROL_D05_R20,,,0.3805608928499731,0.8581587423165259,0.5317282698087346,0.4139132014516007,0.09,0.1420055275103806,0.0033031379932521032,0.007448523480063973,-0.00684162903429697,,-0.005739890559825378,False,4
22RV1_PROSTATE,ACH-000956,prostate,1,CONTROL_D10_R20,,,0.41315238040604724,0.9626562242275932,0.26357489227356035,0.23588585182316665,0.05,0.08466459264588451,0.0014265602487162354,0.0033239239752478333,0.00012851372308386733,,-6.591251377252583e-06,False,5
42MGBA_CENTRAL_NERVOUS_SYSTEM,ACH-000323,central_nervous_system,2,CONTROL_D10_R20,,,0.2120317887350654,0.8857751290687591,0.4963039213647916,0.3757677182099339,0.32,0.1315838465543718,0.001954533589978713,0.008165177746511598,2.4594345991890698e-05,,6.845980145139818e-05,False,5
769P_KIDNEY,ACH-000411,kidney,3,CONTROL_D10_R20,,,0.25979960583167505,0.8878557908965649,0.46408389705251685,0.33481224591348746,0.37,0.09445364398252476,0.0012069417294975349,0.00412467986769538,0.0001338514226498222,,0.001028327256535122,False,5
786O_KIDNEY,ACH-000649,kidney,2,CONTROL_D10_R20,,,0.1882289229153259,0.883870551852037,0.5266452457215327,0.38766612007585777,0.36,0.20950923873551738,0.004996558123827766,0.023462444123186543,-0.0003605386652733855,,0.00016693342782211906,False,5
8505C_THYROID,ACH-001307,thyroid,0,CONTROL_D10_R20,,,0.28537957630271293,0.8491007928481163,0.5250224934219618,0.42141492707245726,0.26,0.1241407606414561,0.0020843031908070464,0.006201507181343824,-0.0004848711713853482,,0.0002627033734519668,False,5
A2780_OVARY,ACH-000657,ovary,0,CONTROL_D10_R20,,,0.2746773271316713,0.8643497091053982,0.5025668327668887,0.39776814933806715,0.16,0.03659876036841638,-0.0014607920155904064,-0.004596794234617674,-0.0021798782127168126,,-0.000518664550485326,False,5
A375_SKIN,ACH-000219,skin,1,CONTROL_D10_R20,,,0.38320360712478946,0.8082428336721035,0.6446490866506909,0.49724516588306433,0.22,0.26347740186265445,0.008925643596174315,0.018825729555750015,-7.45833362910675e-05,,0.0009065489776321489,False,5
ACCMESO1_PLEURA,ACH-000086,mesothelioma,3,CONTROL_D10_R20,,,0.18961275811102227,0.868569552131206,0.5232964064000327,0.3819749104510863,0.4,0.14672178553300044,0.0026035155237627006,0.01192606623609771,0.0002532747636450339,,0.0002365923468801434,False,5
AGS_STOMACH,ACH-000880,gastric,0,CONTROL_D10_R20,,,0.2835705188798167,0.8782837256037155,0.4746370899345202,0.36393853587312375,0.21,0.07922562835519545,0.00035884507749955885,0.0011114265080370833,-0.00031884859093600504,,-1.5346963460005636e-05,False,5
BEN_LUNG,ACH-000603,lung,0,CONTROL_D10_R20,,,0.2750760859183418,1.0128038721510597,0.27576013740042876,0.20568120278913857,0.21000000000000002,0.05989045672366963,-0.004352038943804426,-0.016023791669573906,0.0005505267661853885,,0.0031294458312997597,False,5
CAL120_BREAST,ACH-000212,breast,1,CONTROL_D10_R20,,,0.22023343247516622,0.8858535580386577,0.47539748033078677,0.371519575022057,0.27,0.13409089773384508,0.0021443325422090542,0.008625232739575828,-0.0003790313057677186,,0.00210075756265507,False,5
CAL62_THYROID,ACH-000174,thyroid,3,CONTROL_D10_R20,,,0.23916581679887275,0.7775105621992822,0.643065993261879,0.4978569489776544,0.28,0.12268173022048733,0.0021687491903269462,0.007050444853740845,0.0006479158821722508,,0.001400394717510245,False,5
CAOV3_OVARY,ACH-000713,ovary,2,CONTROL_D10_R20,,,0.2952914299272208,0.9015873602868281,0.44022087268970783,0.34271123309536045,0.24000000000000002,0.008824941302416192,-0.0010157324771729592,-0.003101246666988189,-0.00033676722007891513,,0.00015462706393520875,False,5
CJM_SKIN,ACH-000458,skin,3,CONTROL_D10_R20,,,0.4356372127061843,0.8980937182588656,0.43048442694445754,0.34265348254411315,0.12,0.1124631604731252,0.0027812102670623506,0.005733641197659511,-0.0006127812599174831,,-0.000455131353377658,False,5
COLO668_LUNG,ACH-000803,lung,1,CONTROL_D10_R20,,,0.42002589865856216,0.9686776630087122,0.2428061631775848,0.21855774853014387,0.09,0.08380636589393739,0.0011707253908461168,0.0026999657384261244,0.0004334118758719252,,0.002134424594231854,False,5
COLO680N_OESOPHAGUS,ACH-000717,esophagus,2,CONTROL_D10_R20,,,0.2747048360455418,0.8841899633141662,0.4813899797414385,0.3588743014709164,0.25,0.0674671982871487,-0.00029082728859791684,-0.0009360831550614401,-0.0008100937895155202,,8.113445872248715e-05,False,5
COV434_OVARY,ACH-000123,ovary,1,CONTROL_D10_R20,,,0.3429600606419507,0.9687640876774244,0.2582667284408503,0.21825702331145877,0.08,0.15528291046608406,0.0037089231739497186,0.010476647246188353,-0.00010319491622223786,,0.0010752013981494835,False,5
DMS273_LUNG,ACH-000749,lung,0,CONTROL_D10_R20,,,0.21044995847333076,0.9267745514323991,0.4090392300514056,0.3165336266326521,0.31000000000000005,0.23478923078637762,0.005472904070631723,0.02410144554975069,-3.4036685133853606e-05,,-0.0012659357330732646,False,5
EFM192A_BREAST,ACH-000117,breast,4,CONTROL_D10_R20,,,0.3754379503806719,0.9508270054878892,0.30340155518542267,0.24748783313562436,0.13,0.07913878806680162,0.0006414593631504095,0.0016245477709114775,0.0014095237454094245,,0.0006968575384885822,False,5
G401_SOFT_TISSUE,ACH-000096,rhabdoid,2,CONTROL_D10_R20,,,0.2911031629198036,0.9130959718428402,0.3986119365427096,0.35479294699612457,0.11000000000000001,0.07135319161181891,0.0003304652582955536,0.0010365620667158737,-0.001178763846765185,,-0.00013930459265076856,False,5
GCIY_STOMACH,ACH-000047,gastric,1,CONTROL_D10_R20,,,0.2094220590074103,0.8408102486010873,0.5421702145638089,0.4259354657761061,0.27,0.1267978109590988,0.001595243488288156,0.006404755450901911,-0.00037739600266459283,,0.0003895528359711131,False,5
GP2D_LARGE_INTESTINE,ACH-000982,colorectal,1,CONTROL_D10_R20,,,0.2633111439474946,0.9228412237285936,0.41130293125230577,0.3310739407416537,0.16999999999999998,0.057138368805069104,-0.001219707697427408,-0.00427477746368965,-0.00023283794868983465,,-0.0013677845246222176,False,5
HCC1143_BREAST,ACH-000374,breast,2,CONTROL_D10_R20,,,0.3011160228662273,0.9200453896416693,0.4200672489662078,0.3203265367983459,0.24,0.01947092889364304,-0.0006353055098595739,-0.0019411451433121174,-8.490233413821491e-05,,0.00016697113171171285,False,5
HCC1195_LUNG,ACH-000868,lung,0,CONTROL_D10_R20,,,0.3435283734288933,0.9010421233979184,0.4414910353534256,0.34299837226511265,0.19,0.03442223821953076,-5.124946959389476e-05,-0.00013442246544292935,9.53094243720809e-05,,-0.0003777976621892054,False,5
HCC1419_BREAST,ACH-000277,breast,3,CONTROL_D10_R20,,,0.4166924524845903,0.9481504746448726,0.2946283322943762,0.2387484936611078,0.05,0.0570108685386061,-0.0002564608932700274,-0.0005835563284910528,-0.0005456013844475915,,-0.0007997094801214244,False,5
HEC1B_ENDOMETRIUM,ACH-000941,uterus,4,CONTROL_D10_R20,,,0.26083839917471346,0.9050130731785813,0.43579244030349584,0.34101887510074397,0.18000000000000002,0.11621428966707785,0.0016762568695270486,0.005815993295953614,-0.0008736806834169775,,0.0003880175159653443,False,5
HEP3B217_LIVER,ACH-000625,liver,3,CONTROL_D10_R20,,,0.4969575387141296,0.9601575109031667,0.2660582406994892,0.20867411911521597,0.09,0.049126752717961165,0.00025046925672750353,0.0004839245194258046,-0.0003632919392439482,,-0.0003710842122764402,False,5
HS766T_PANCREAS,ACH-000178,pancreas,2,CONTROL_D10_R20,,,0.568616031746611,0.9091071681200391,0.4285257696461311,0.3638750925733649,0.07,0.10212218469222988,0.0018481335016883316,0.0029548083772220624,-2.6859314664728906e-05,,3.711916882298549e-05,False,5
HS852T_SKIN,ACH-000274,skin,4,CONTROL_D10_R20,,,0.5612627838774255,0.9384846737295409,0.32320220622527046,0.27688843685141223,0.06,0.10305849060165934,0.003796838726200291,0.006348674908650209,5.8459885546535695e-05,,-0.0003097943026145744,False,5
HUCCT1_BILIARY_TRACT,ACH-000976,bile_duct,3,CONTROL_D10_R20,,,0.35719654713896876,0.8277715026159652,0.5846569121328866,0.4369110184474065,0.27,0.2385528256645042,0.006546235163655045,0.015170322785309609,0.0014753872634597487,,0.001529367994509534,False,5
IGR1_SKIN,ACH-000882,skin,2,CONTROL_D10_R20,,,0.29135390172623526,0.8522450763684968,0.5202099456470388,0.40752328313432395,0.2,0.18869945157286122,0.004766010621651051,0.013941152193797102,-0.0006173268061779869,,-0.00022716500367125914,False,5
IGROV1_OVARY,ACH-000966,ovary,4,CONTROL_D10_R20,,,0.21448102155330126,0.8715158284135571,0.4996534487057319,0.3891720603573189,0.19,0.11830600086649075,0.0015893155749449328,0.006457977819564253,-0.001047371464806962,,0.00022241013996163184,False,5
ISTMES1_PLEURA,ACH-000569,mesothelioma,0,CONTROL_D10_R20,,,0.3102663704283146,0.8916466286788054,0.44869031492396283,0.37395936202213476,0.15,0.0557974470223729,0.0003594736999448789,0.0010330591491822805,-6.344095112281734e-05,,0.0008701510296373893,False,5
J82_URINARY_TRACT,ACH-000396,urinary_tract,0,CONTROL_D10_R20,,,0.21744083094936995,0.8875908647594244,0.4710860818902309,0.3603198957086216,0.28,0.06429859921671323,0.00023059400482355885,0.0009412819628036306,-0.00043585081563385364,,0.002551212468499764,False,5
JHH5_LIVER,ACH-000734,liver,4,CONTROL_D10_R20,,,0.36663255707159437,0.8835048026548507,0.4483049366581561,0.3524230048794391,0.19,0.0737570871329934,-0.00041429238708595717,-0.0009983546377261288,-0.0007596082621078581,,0.0038987527073571226,False,5
KNS42_CENTRAL_NERVOUS_SYSTEM,ACH-000622,central_nervous_system,3,CONTROL_D10_R20,,,0.2873277061562735,0.9571286558192874,0.33032125998633477,0.27029316032007367,0.12,0.11795040784185569,0.0019454506959769025,0.006480567553030614,0.0007731507925690662,,0.0005607640452550133,False,5
KNS60_CENTRAL_NERVOUS_SYSTEM,ACH-000445,central_nervous_system,4,CONTROL_D10_R20,,,0.2798138103198156,0.9380301698481767,0.38533206093103606,0.29534199926259275,0.25,0.08972383175760092,0.001214721662211815,0.004072156287856066,-0.0003765795602458377,,-0.0012406470453916185,False,5
KNS81_CENTRAL_NERVOUS_SYSTEM,ACH-000479,central_nervous_system,0,CONTROL_D10_R20,,,0.3432600853696459,0.8928235086887123,0.4485204962557239,0.35912042894240304,0.16999999999999998,0.09112169003619514,0.0014496834038358886,0.003770643539014351,-0.00016277297737904428,,-0.0005568416635320372,False,5
KYSE270_OESOPHAGUS,ACH-000873,esophagus,3,CONTROL_D10_R20,,,0.2555096899317818,0.8868172081575633,0.4779910811349778,0.3713749476365098,0.24,0.012638950823671816,-0.003579045594125141,-0.012422069873350372,-0.0026187041030534264,,-0.003079748848463404,False,5
LI7_LIVER,ACH-000471,liver,1,CONTROL_D10_R20,,,0.42725379268762154,0.9688889530922821,0.26152571005768355,0.2098261085097821,0.11,0.026367565914390798,-0.001417209400622066,-0.0032138240923356154,0.00012305404537804598,,-0.00011447386768081991,False,5
LK2_LUNG,ACH-000769,lung,3,CONTROL_D10_R20,,,0.3095377544999877,0.9695705506531817,0.28227047823778495,0.2316437219478905,0.17,0.06538869617805192,4.108892842191736e-06,1.2870357291361323e-05,-0.0010602668296871287,,-0.0009886923160982164,False,5
LMSU_STOMACH,ACH-000255,gastric,3,CONTROL_D10_R20,,,0.2398108327303729,0.8467140529386146,0.5261422680564268,0.41108883307032285,0.26,0.16242468254339337,0.0032361441046962758,0.011426042183263485,-0.0003854502351292033,,-9.239954290049535e-05,False,5
LN229_CENTRAL_NERVOUS_SYSTEM,ACH-000595,central_nervous_system,1,CONTROL_D10_R20,,,0.31216978425687014,0.8640787947817092,0.4934828407559855,0.3786236192158167,0.22,0.11033238597850814,0.001771958144514918,0.0049047394563216384,0.00022438757292964073,,0.00010772882847653875,False,5
LNCAPCLONEFGC_PROSTATE,ACH-000977,prostate,4,CONTROL_D10_R20,,,0.26465997256881346,0.9831633819162328,0.2913825664179778,0.2385979234059271,0.16,0.18102814733466885,0.004408882191552221,0.016378190792677216,0.0008933263828327376,,0.003148031231008541,False,5
LOVO_LARGE_INTESTINE,ACH-000950,colorectal,0,CONTROL_D10_R20,,,0.29036141780828234,0.836099811331139,0.5479064047941816,0.41815825311704347,0.25,0.20378908532894704,0.005495755765912047,0.015825106495502284,-0.00027418342002233365,,0.0015413379032993557,False,5
LUDLU1_LUNG,ACH-000390,lung,2,CONTROL_D10_R20,,,0.32184374228497353,0.9328998350038883,0.373908354429683,0.28410399811519144,0.19,0.0635294507734082,-0.0005779157269049096,-0.001675152924981771,-0.00029290634041884145,,-1.969299927129242e-06,False,5
MALME3M_SKIN,ACH-000477,skin,0,CONTROL_D10_R20,,,0.6003482310770674,0.9240652461461766,0.3716066546770575,0.28515654060018314,0.11000000000000001,0.1525380673618684,0.007373906339038783,0.011350030238313491,-0.0003804774527218502,,-0.0013898074698663887,False,5
MDAMB435S_SKIN,ACH-000884,skin,1,CONTROL_D10_R20,,,0.2718860055951675,0.8833956090413734,0.48744030304797226,0.376095213768308,0.18000000000000002,0.07171217470230576,-0.0017280563807763882,-0.005614696554948062,-0.00019092150269872654,,-0.0003122131061847333,False,5
MDAMB468_BREAST,ACH-000849,breast,0,CONTROL_D10_R20,,,0.2612882969347919,0.9040800053641118,0.454619413108647,0.3198594468948256,0.29000000000000004,0.04942875504286951,-5.53275910846196e-05,-0.00019143822908018748,-0.00024911694907348014,,-0.0009860309826391078,False,5
MIAPACA2_PANCREAS,ACH-000601,pancreas,0,CONTROL_D10_R20,,,0.26283532574832713,0.795022602545131,0.6322920130086412,0.47598240051729734,0.26,0.0403257459625967,-0.00014477753993047404,-0.00043792217145044443,-0.001262263773619654,,0.0011742494121503855,False,5
MSTO211H_PLEURA,ACH-000335,mesothelioma,2,CONTROL_D10_R20,,,0.23776064040703093,0.8106271636378511,0.5777848505487847,0.44030327884381176,0.26,0.05948862319603856,-0.0012776933467494589,-0.004356200134308819,-0.0016166504390549286,,-0.00028344644980043965,False,5
NCIH1048_LUNG,ACH-000866,lung,4,CONTROL_D10_R20,,,0.4078214558740341,0.9590584642150173,0.2762493457139278,0.23473449069299937,0.08,0.08546257006733542,0.0014027661101009281,0.0032988325940893626,0.0008984267472423868,,-0.0006941449105068442,False,5
NCIH1299_LUNG,ACH-000510,lung,3,CONTROL_D10_R20,,,0.1783726518923214,0.8034266390019497,0.5998883903634098,0.4579801110742829,0.39,0.131288195054993,0.0019523417351834382,0.008793743557888978,-0.0010441788381738148,,-0.0008334476103727118,False,5
NCIH1355_LUNG,ACH-000666,lung,1,CONTROL_D10_R20,,,0.3315928863332685,0.8779742581503226,0.4625150435676343,0.36543730826775356,0.15000000000000002,0.02976162477512102,-0.00029432428045955694,-0.0007792963976084311,0.0002596567364416824,,0.0014945092708675278,False,5
NCIH1573_LUNG,ACH-000916,lung,4,CONTROL_D10_R20,,,0.37269018912994784,0.9334611439034487,0.35057433547309824,0.28564737934110623,0.14,0.05451142904241715,0.00034011467939687456,0.0008518706608009463,-0.0005181914732513282,,-0.0001899616019056527,False,5
NCIH1581_LUNG,ACH-000015,lung,2,CONTROL_D10_R20,,,0.24549230030113248,0.897100804554,0.43708702355640794,0.36554086361650195,0.19,0.1301638244550262,0.002070541830998779,0.007566366603649954,-0.0007131863133778837,,-0.00019477834480718936,False,5
NCIH1650_LUNG,ACH-000035,lung,4,CONTROL_D10_R20,,,0.3516353541731346,0.9364006877891108,0.35228105292747003,0.2910485598565876,0.16,0.02409727712153936,-0.0008933457389408983,-0.0023789688791242547,-0.0005667856272901783,,-0.001277424799332294,False,5
NCIH1693_LUNG,ACH-000021,lung,3,CONTROL_D10_R20,,,0.242509863665361,0.834792614044405,0.5409859300771738,0.4353933055184246,0.33999999999999997,0.04908291767648917,-0.0007339181490555735,-0.002526369199523204,0.0008050712602389876,,0.0009571750588387995,False,5
NCIH1793_LUNG,ACH-000888,lung,2,CONTROL_D10_R20,,,0.3195643600944465,0.9393494033445331,0.35552776262483066,0.2831383311114797,0.14,0.06821920281809567,0.0006478404883989985,0.001904306775824982,-3.997229470031893e-05,,0.00011420968182851432,False,5
NCIH1915_LUNG,ACH-000434,lung,2,CONTROL_D10_R20,,,0.342055986450561,0.8704251846882918,0.49558719951861185,0.40468445476857073,0.18,0.09692029107068366,0.00152691333850824,0.0038855154633177236,-0.0005627803650324892,,-2.1475259981418304e-07,False,5
NCIH2126_LUNG,ACH-000785,lung,1,CONTROL_D10_R20,,,0.2881840000111315,0.9638271563298921,0.33559452026026226,0.2538730649488981,0.25,0.030038010494847903,-0.0016449642223715921,-0.0055015586869902044,0.0002999765309465441,,-0.0019059231069866733,False,5
NCIH2347_LUNG,ACH-000875,lung,0,CONTROL_D10_R20,,,0.4863071671083397,0.914885654451095,0.4093341388916049,0.31399028533425644,0.1,0.10861512396124776,0.0021118246112473704,0.0039729581882073095,2.4189582540967702e-05,,-0.0014061574799061338,False,5
NCIH23_LUNG,ACH-000900,lung,0,CONTROL_D10_R20,,,0.2747433100357262,0.8947808786283898,0.44821381964983964,0.3392341137771173,0.24000000000000002,0.11968561203714653,0.002049029587113338,0.006673256189766441,-0.0008127677142258372,,-0.00025644430284660347,False,5
NCIH2444_LUNG,ACH-000186,lung,2,CONTROL_D10_R20,,,0.32792124396878647,0.8506424254369715,0.5386928794281501,0.41048217682422516,0.26,0.19292882454090246,0.00517231866104273,0.013417226763695389,-2.1407060173561643e-05,,-0.00024386313518959257,False,5
NCIH322_LUNG,ACH-000837,lung,4,CONTROL_D10_R20,,,0.31948369673713045,0.912584162511102,0.40414281990354783,0.3263326196995133,0.19,0.0565500106617362,-5.894649450338685e-05,-0.0001683767837568073,-0.0007166189753005647,,-0.0003862008259451488,False,5
NCIH522_LUNG,ACH-000343,lung,1,CONTROL_D10_R20,,,0.32441178432735723,0.9624149033823456,0.28299193862788813,0.24344464289378437,0.13,0.20390313581332106,0.005157034138101924,0.01529909439649868,-0.00015083823072953306,,0.0007692117806415433,False,5
NCIH838_LUNG,ACH-000416,lung,4,CONTROL_D10_R20,,,0.21384896152094834,0.9149157757566341,0.4603958780640582,0.36044429009906703,0.26,0.053836350438490305,0.0001960216345818222,0.0008386446424287763,0.0003475940350712581,,-0.0033040163174467563,False,5
NCIH841_LUNG,ACH-000292,lung,1,CONTROL_D10_R20,,,0.23763908559441757,0.8982124377504901,0.4427556267022809,0.36087513283428113,0.25,0.18180497689705694,0.003894422539609116,0.014719879746141196,-0.0011901678637811774,,-0.0002285184835606746,False,5
NUGC3_STOMACH,ACH-000911,gastric,4,CONTROL_D10_R20,,,0.3124644162906041,0.8732987912342886,0.48485203811552424,0.3866559990467135,0.16999999999999998,0.1003412749856063,0.001634862720123087,0.004569235928579052,-0.00023769457836242402,,0.0001474727834822609,False,5
OAW42_OVARY,ACH-000704,ovary,3,CONTROL_D10_R20,,,0.17735743203920826,0.8129260874660111,0.5771794997128463,0.4312862355126051,0.39,0.12315722031266922,0.0012591758624548866,0.005771491476437296,-0.0008182452407251573,,0.0002188430898232563,False,5
OSRC2_KIDNEY,ACH-000159,kidney,4,CONTROL_D10_R20,,,0.3071237538963129,0.9148040606852201,0.40557672228955943,0.341623969781123,0.13,0.051015428506485334,-0.0001604340452079911,-0.00047787158813494823,6.950249389836571e-05,,0.00015862910209146763,False,5
PANC0403_PANCREAS,ACH-000235,pancreas,1,CONTROL_D10_R20,,,0.37612629583409607,0.8646785353928397,0.4980623565850918,0.38245135112133266,0.22,0.1999363163637583,0.006304475107116014,0.014493387892364207,-0.0004466145486760609,,-0.001480183406063984,False,5
PATU8988S_PANCREAS,ACH-000022,pancreas,3,CONTROL_D10_R20,,,0.33251653799677705,0.895271679515132,0.46469291382021044,0.3461953713454119,0.26,0.13929783697625128,0.002131368915278875,0.005738524284968238,-0.0011675640980518542,,-0.0002709451696391585,False,5
PC3_PROSTATE,ACH-000090,prostate,2,CONTROL_D10_R20,,,0.2714458860388562,1.051583925572641,0.21061532358713722,0.17646662977747143,0.1,-0.07072134406905645,-0.00153863045553293,-0.005960668912857736,0.00025237438014169555,,-6.557236536652855e-05,False,5
QGP1_PANCREAS,ACH-000347,pancreas,4,CONTROL_D10_R20,,,0.49643269450408894,0.9374372634370557,0.31907178235469486,0.26921722953920485,0.08,0.00471400195793714,-0.0033485315949953187,-0.006323190091419462,-0.0002954893970052441,,-0.0016844524770611713,False,5
RCC10RGB_KIDNEY,ACH-000189,kidney,0,CONTROL_D10_R20,,,0.2822835119881987,0.8789671559898655,0.482048067575341,0.35802104571109217,0.25,0.09241141363072804,0.0018468792036016035,0.005750765071657393,-0.0018230033321906536,,0.0011502446782366005,False,5
RH30_SOFT_TISSUE,ACH-000833,rhabdomyosarcoma,4,CONTROL_D10_R20,,,0.25656644025968045,0.9702860781537574,0.3396374458695135,0.2764226817402691,0.14,0.09455414647253539,0.0011664840210167116,0.004411423430265349,0.0003485016722251655,,-0.00013891449567193792,False,5
SKMEL24_SKIN,ACH-000822,skin,3,CONTROL_D10_R20,,,0.3862271077380896,0.8654515246581049,0.4964383278820958,0.3835567843244297,0.29,0.20892125629916014,0.008654132595957598,0.019392041883408928,-0.0015209738755089797,,-0.001116514449932382,False,5
SKUT1_SOFT_TISSUE,ACH-000939,soft_tissue,1,CONTROL_D10_R20,,,0.27590830704689034,0.9100250650180731,0.42097641791378404,0.32334853382755513,0.22,0.14141129074174486,0.0026700276289284286,0.008806520153823105,-0.0004865975422455593,,0.0012705733933226493,False,5
SNB75_CENTRAL_NERVOUS_SYSTEM,ACH-000504,central_nervous_system,4,CONTROL_D10_R20,,,0.34374205004890324,0.956693335839692,0.3237956447746101,0.2830185069231929,0.08,0.020926646060794075,-0.0017434852253190858,-0.004852419702391475,0.0003656141932281698,,-0.0016180064709287456,False,5
SNU1041_UPPER_AERODIGESTIVE_TRACT,ACH-000618,upper_aerodigestive,2,CONTROL_D10_R20,,,0.35832887318821954,0.8752170076234445,0.48122809680201856,0.3769505370194993,0.16,0.09908253860175564,0.0014963363913028105,0.003654796352696388,-0.0007548987060576606,,-0.00014140012489416431,False,5
SNU1105_CENTRAL_NERVOUS_SYSTEM,ACH-000368,central_nervous_system,2,CONTROL_D10_R20,,,0.33651289654706484,0.9105239847649945,0.4062369244059216,0.3353527328996377,0.12000000000000001,0.12579316369127932,0.0026864090060385037,0.007268784816229612,6.179387762506039e-05,,1.4579923041657672e-06,False,5
SNU1214_UPPER_AERODIGESTIVE_TRACT,ACH-000715,upper_aerodigestive,1,CONTROL_D10_R20,,,0.5721994723844562,0.9272683567919907,0.3701981338208028,0.30322275352077077,0.06999999999999999,0.09859076625414707,0.0026996869035930127,0.004374932798374864,-0.000668138282912567,,0.00027489988653239816,False,5
SNU245_BILIARY_TRACT,ACH-000268,bile_duct,4,CONTROL_D10_R20,,,0.3521247604720297,0.9029613205275998,0.41209875074682434,0.33871162308206787,0.13,0.10372041199531827,0.0019767104106044875,0.005068922277057131,-0.0002713872295238007,,0.000658839099985431,False,5
SNU685_ENDOMETRIUM,ACH-000407,uterus,0,CONTROL_D10_R20,,,0.29254139767753506,0.9514083350149072,0.3334020941629263,0.23124624617032355,0.16,0.11415035804812582,0.0018192351942751817,0.005916549045457686,-0.0003523436114272749,,-0.00021854748526695111,False,5
SW480_LARGE_INTESTINE,ACH-000842,colorectal,3,CONTROL_D10_R20,,,0.4395516480156226,0.9392580770700572,0.36092228536304916,0.2609622137001576,0.19,0.0712879063088287,0.0005552472868934899,0.001186482865757399,0.0004138887849162165,,0.0003966037290683011,False,5
SW48_LARGE_INTESTINE,ACH-000958,colorectal,2,CONTROL_D10_R20,,,0.42808181779025156,0.952468417240875,0.29143612219086795,0.25570426996034956,0.08,0.047718928851037554,-0.00030007708719786974,-0.000667661966511357,-9.335244750507954e-05,,0.00019224250817312383,False,5
SW579_THYROID,ACH-000163,thyroid,2,CONTROL_D10_R20,,,0.3934875238065621,0.9234699395450108,0.3832179709939915,0.30419466666227174,0.13,0.08558419227663581,0.0015203998049986844,0.0035682033890778175,-0.0005886648481943091,,-6.606005461262665e-05,False,5
SW900_LUNG,ACH-000669,lung,3,CONTROL_D10_R20,,,0.37903994946269504,0.8630212340974623,0.5102987992359475,0.3948377212944348,0.19,0.1287738911760114,0.0027689019852586427,0.0063044046196192305,0.0020947708895759365,,0.0019741838290266434,False,5
TE11_OESOPHAGUS,ACH-000488,esophagus,4,CONTROL_D10_R20,,,0.29383289474458707,0.9532368726658222,0.379492304014127,0.2784864752019518,0.18,0.05676133301475131,-0.005004673346719057,-0.01623589208378906,0.00011548474514100349,,0.0011332868471211066,False,5
TE6_OESOPHAGUS,ACH-000605,esophagus,0,CONTROL_D10_R20,,,0.3491777316311204,0.934616900346875,0.36095674112863285,0.28037815764795143,0.2,0.037196134221443355,-0.0011079271232160015,-0.0029655024358892224,2.8063709938852544e-05,,-0.0010848634509216248,False,5
TEN_ENDOMETRIUM,ACH-000397,uterus,1,CONTROL_D10_R20,,,0.3034600235554949,0.9370169208997011,0.359191084436202,0.2867881559651976,0.16,0.07096771270336977,0.0007735881251950127,0.0023886677217707097,-0.00044009938557099115,,-0.0002900454446670975,False,5
TUHR4TKB_KIDNEY,ACH-000495,kidney,1,CONTROL_D10_R20,,,0.3270775853941755,0.9316528932632155,0.3712941744796986,0.29866202542462233,0.13,0.0950341762647385,0.001475631568160496,0.004203211963334175,-0.0009977278445973958,,-0.00016988561611508413,False,5
UACC257_SKIN,ACH-000579,skin,0,CONTROL_D10_R20,,,0.3751011014424685,0.8458469997922571,0.5391167050787444,0.4204109562025416,0.1,0.21198935868922777,0.00876292940075668,0.019760266004332783,-0.0013818376267923926,,-0.00028009915232080074,False,5
22RV1_PROSTATE,ACH-000956,prostate,1,CONTROL_D30_R20,,,0.41263011698286467,0.9614393363216855,0.2658562671884509,0.23770125293767955,0.05,0.09419390188965766,0.0019488236718988028,0.004540811881155515,0.0006507771462664347,,0.0005156721718053148,False,6
42MGBA_CENTRAL_NERVOUS_SYSTEM,ACH-000323,central_nervous_system,2,CONTROL_D30_R20,,,0.20977793453483942,0.8763595220646515,0.5011998223578907,0.37766981841493147,0.31,0.1877567517280356,0.004208387790204687,0.017580784750619194,0.002278448546217865,,0.0023223140016773725,False,6
769P_KIDNEY,ACH-000411,kidney,3,CONTROL_D30_R20,,,0.25981172061958174,0.8878971927476724,0.46334213905921307,0.3375288621042924,0.33999999999999997,0.09324515123541222,0.001194826941590843,0.00408327801658781,0.00012173663474313035,,0.0010162124686284302,False,6
786O_KIDNEY,ACH-000649,kidney,2,CONTROL_D30_R20,,,0.18714131823525476,0.8787634634520052,0.5303921544071944,0.3897509464907744,0.35,0.236249449275709,0.006084162803898896,0.028569532523218366,0.0007270660147977448,,0.0012545381078932494,False,6
8505C_THYROID,ACH-001307,thyroid,0,CONTROL_D30_R20,,,0.2857512917500504,0.8502067720675729,0.5207684206481709,0.4193829456257418,0.25,0.1105827495291324,0.0017125877434696068,0.005095527961887281,-0.0008565866187227877,,-0.00010901207388547274,False,6
A2780_OVARY,ACH-000657,ovary,0,CONTROL_D30_R20,,,0.2742699317823501,0.8630677246935291,0.504388731238962,0.39942068527915436,0.16,0.026201115076215177,-0.0010533966662691907,-0.0033148098227485656,-0.001772482863395597,,-0.00011126920116411032,False,6
A375_SKIN,ACH-000219,skin,1,CONTROL_D30_R20,,,0.3844751305240432,0.8109246969327448,0.6398719636260722,0.4926299782154817,0.2,0.22511021082143504,0.0076541201969205774,0.016143866295108666,-0.0013461067355448053,,-0.0003649744216215889,False,6
ACCMESO1_PLEURA,ACH-000086,mesothelioma,3,CONTROL_D30_R20,,,0.19002047046594026,0.8704371824586027,0.5206749540050717,0.380801239377491,0.39,0.137199931385435,0.002195803168844712,0.010058435908701036,-0.00015443759127295453,,-0.000171120008037845,False,6
AGS_STOMACH,ACH-000880,gastric,0,CONTROL_D30_R20,,,0.2834046681818121,0.8777700474910792,0.474415443204007,0.36711585669398067,0.22,0.08709125572284451,0.0005246957755041803,0.0016251046206733344,-0.00015299789293138355,,0.00015050373454461585,False,6
BEN_LUNG,ACH-000603,lung,0,CONTROL_D30_R20,,,0.27826938428494924,1.0245612917022227,0.26939973324732175,0.19921222614092526,0.21000000000000002,0.0419120201724494,-0.007545337310411848,-0.027781211220736846,-0.0026427716004220336,,-6.385253530766244e-05,False,6
CAL120_BREAST,ACH-000212,breast,1,CONTROL_D30_R20,,,0.22187736162195215,0.8924659986089966,0.4720376146690455,0.3697660157735365,0.28,0.08997349901412544,0.0005004033954231213,0.0020127921692369988,-0.0020229604525536515,,0.00045682841586913714,False,6
CAL62_THYROID,ACH-000174,thyroid,3,CONTROL_D30_R20,,,0.23964779023235977,0.7790774225485216,0.6412524596440985,0.4961803024855118,0.28,0.10074070352296145,0.0016867757568399255,0.005483584504501371,0.00016594244868523012,,0.0009184212840232242,False,6
CAOV3_OVARY,ACH-000713,ovary,2,CONTROL_D30_R20,,,0.2971304627712285,0.9072023175773879,0.4329564951501684,0.33628227381598935,0.25,-0.012310365150580128,-0.0028547653211806745,-0.008716203957548019,-0.0021758000640866304,,-0.0016844057800725065,False,6
CJM_SKIN,ACH-000458,skin,3,CONTROL_D30_R20,,,0.4345566841192346,0.8958661401088944,0.4292221005987075,0.342073211762013,0.12,0.13070470501206274,0.003861738854012031,0.007961219347630721,0.00046774732703219746,,0.0006253972335720226,False,6
COLO668_LUNG,ACH-000803,lung,1,CONTROL_D30_R20,,,0.4219838023761031,0.9731930455209828,0.2387376257801188,0.21503755631564803,0.09,0.06584117968222576,-0.0007871783266948373,-0.0018154167738445581,-0.001524491841669029,,0.00017652087669089989,False,6
COLO680N_OESOPHAGUS,ACH-000717,esophagus,2,CONTROL_D30_R20,,,0.27494295825865234,0.8849564051209627,0.48057835700064827,0.3604653164125897,0.25,0.06168271234619428,-0.0005289495017084533,-0.0017025249618579652,-0.0010482160026260567,,-0.00015698775438804935,False,6
COV434_OVARY,ACH-000123,ovary,1,CONTROL_D30_R20,,,0.34386314184482825,0.9713150338020743,0.25892153201012597,0.22096031716204836,0.08,0.1321999540871339,0.0028058419710721982,0.007925701121538453,-0.0010062761190997582,,0.0001721201952719631,False,6
DMS273_LUNG,ACH-000749,lung,0,CONTROL_D30_R20,,,0.20872715916527337,0.9191877285719172,0.4127293434813125,0.31792678961701204,0.30000000000000004,0.26275924910870513,0.007195703378689106,0.031688268410232534,0.0016887626229235286,,0.00045686357498411767,False,6
EFM192A_BREAST,ACH-000117,breast,4,CONTROL_D30_R20,,,0.3766062854272373,0.9537859085838761,0.29831872014714356,0.24524021331890125,0.13,0.0738513363496266,-0.0005268756834149735,-0.0013343553250754203,0.00024118869884404148,,-0.0004714775080768008,False,6
G401_SOFT_TISSUE,ACH-000096,rhabdoid,2,CONTROL_D30_R20,,,0.29121154084879536,0.9134359181677323,0.3993332000463932,0.3547643489153595,0.11000000000000001,0.06016231309518653,0.00022208732930378838,0.0006966157418237806,-0.0012871417757569503,,-0.0002476825216425338,False,6
GCIY_STOMACH,ACH-000047,gastric,1,CONTROL_D30_R20,,,0.20949542824690928,0.8411048193296686,0.5418941339008794,0.4263550298680183,0.26,0.12086237128858968,0.0015218742487891623,0.006110184722320611,-0.0004507652421635866,,0.00031618359647211935,False,6
GP2D_LARGE_INTESTINE,ACH-000982,colorectal,1,CONTROL_D30_R20,,,0.26146782616093667,0.9163808452715123,0.4175490544720595,0.33282346533510676,0.18,0.10387310164596289,0.000623610089130533,0.002185600993391601,0.0016104798378681062,,0.0004755332619357233,False,6
HCC1143_BREAST,ACH-000374,breast,2,CONTROL_D30_R20,,,0.3008173020491632,0.9191326626870764,0.42133070758570285,0.3244882285053017,0.24,0.024515092096367343,-0.00033658469279546077,-0.0010284181887192378,0.00021381848292589822,,0.000465691948775826,False,6
HCC1195_LUNG,ACH-000868,lung,0,CONTROL_D30_R20,,,0.3433577185890197,0.9005945120470625,0.4409933867365067,0.3408861011990876,0.18000000000000002,0.05077750565746957,0.00011940537027971265,0.00031318888541298495,0.0002659642642456883,,-0.000207142822315598,False,6
HCC1419_BREAST,ACH-000277,breast,3,CONTROL_D30_R20,,,0.415991228155628,0.9465548945560714,0.29998134596139336,0.23774923045820667,0.05,0.07395418747260325,0.0004447634356922747,0.0010120237603100657,0.0001556229445147106,,-9.848515115912226e-05,False,6
HEC1B_ENDOMETRIUM,ACH-000941,uterus,4,CONTROL_D30_R20,,,0.261235913565419,0.9063923015494936,0.4352422059701829,0.34169341347665944,0.18000000000000002,0.09296371667344698,0.0012787424788215374,0.004436764925041303,-0.0012711950741224887,,-9.496874740166916e-06,False,6
HEP3B217_LIVER,ACH-000625,liver,3,CONTROL_D30_R20,,,0.49818521765095974,0.9625294744218712,0.2608056852454054,0.2057746361351538,0.1,0.053892472122145534,-0.0009772096801026198,-0.0018880389992786961,-0.0015909708760740715,,-0.0015987631491065635,False,6
HS766T_PANCREAS,ACH-000178,pancreas,2,CONTROL_D30_R20,,,0.5647922921661521,0.9029937473447899,0.43524999716706053,0.3664505855535272,0.08,0.15717680628747355,0.005671873082147227,0.009068229152471297,0.003796880265794167,,0.0038608587492818813,False,6
HS852T_SKIN,ACH-000274,skin,4,CONTROL_D30_R20,,,0.5604278019158094,0.9370885045974925,0.32730354105872034,0.2827001431852711,0.06,0.11728789695083365,0.004631820687816313,0.00774484404069864,0.0008934418471625571,,0.000525187659001447,False,6
HUCCT1_BILIARY_TRACT,ACH-000976,bile_duct,3,CONTROL_D30_R20,,,0.3554629251517031,0.8237539865205236,0.5861827750016328,0.43580128550030284,0.27,0.24191015537388436,0.008279857150920722,0.019187838880751262,0.0032090092507254253,,0.0032629899817752106,False,6
IGR1_SKIN,ACH-000882,skin,2,CONTROL_D30_R20,,,0.2929308533709014,0.8568578489000304,0.5140163499253712,0.39930451796346694,0.21000000000000002,0.17910252812008057,0.0031890589769849043,0.00932837966226352,-0.0021942784508441338,,-0.001804116648337406,False,6
IGROV1_OVARY,ACH-000966,ovary,4,CONTROL_D30_R20,,,0.21562468639873333,0.8761629622623974,0.4941328277137049,0.38476714522904015,0.19,0.0786294638618611,0.00044565072951285867,0.001810843970723952,-0.0021910363102390362,,-0.0009212547054704423,False,6
ISTMES1_PLEURA,ACH-000569,mesothelioma,0,CONTROL_D30_R20,,,0.31103496515725315,0.8938554239727726,0.4442495693918602,0.37128599460799155,0.14,0.045379242916554555,-0.0004091210289936531,-0.0011757361447849446,-0.0008320356800613493,,0.00010155630069885735,False,6
J82_URINARY_TRACT,ACH-000396,urinary_tract,0,CONTROL_D30_R20,,,0.22006981530869069,0.8983223473919196,0.46235243968261036,0.35502322008726983,0.24,0.007998347966091607,-0.002398390354497182,-0.009790200669691607,-0.0030648351749545943,,-7.77718908209768e-05,False,6
JHH5_LIVER,ACH-000734,liver,4,CONTROL_D30_R20,,,0.37111065351015166,0.8942960420958268,0.4263844265985866,0.3377918605652667,0.17,0.04461340071466202,-0.004892388825643246,-0.011789594078702281,-0.005237704700665147,,-0.0005793437312001659,False,6
KNS42_CENTRAL_NERVOUS_SYSTEM,ACH-000622,central_nervous_system,3,CONTROL_D30_R20,,,0.29109210910712946,0.9696684069783883,0.31861001994676086,0.2634264038046517,0.12,0.04397386171903851,-0.001818952254879047,-0.006059183606070273,-0.0029912521582868834,,-0.0032036389056009362,False,6
KNS60_CENTRAL_NERVOUS_SYSTEM,ACH-000445,central_nervous_system,4,CONTROL_D30_R20,,,0.278179610429598,0.9325517812052622,0.38862076383515254,0.29531911053552046,0.27,0.1321593775040718,0.00284892155242944,0.009550544930770566,0.001257620329971787,,0.00039355284482600617,False,6
KNS81_CENTRAL_NERVOUS_SYSTEM,ACH-000479,central_nervous_system,0,CONTROL_D30_R20,,,0.342922073478047,0.8919443357935857,0.45081722997963175,0.35881461347211596,0.16999999999999998,0.09985554897003046,0.0017876952954348213,0.004649816434140974,0.00017523891421988846,,-0.0002188297719331045,False,6
KYSE270_OESOPHAGUS,ACH-000873,esophagus,3,CONTROL_D30_R20,,,0.25527705521785765,0.8860097848947592,0.4772320542664005,0.3690017859538967,0.25,0.02614719395488322,-0.0033464108802009895,-0.011614646610546342,-0.002386069389129275,,-0.0028471141345392526,False,6
LI7_LIVER,ACH-000471,liver,1,CONTROL_D30_R20,,,0.4274042681026639,0.9692301881376855,0.2611063475177822,0.2073582046384465,0.11,0.03176770737538508,-0.0015676848156644385,-0.003555059137739014,-2.7421369664326622e-05,,-0.0002649492827231925,False,6
LK2_LUNG,ACH-000769,lung,3,CONTROL_D30_R20,,,0.30987143747261653,0.9706157516950963,0.279259506820006,0.22827705805465395,0.15,0.06773463088359917,-0.0003295740797866209,-0.0010323306846232727,-0.0013939498023159413,,-0.001322375288727029,False,6
LMSU_STOMACH,ACH-000255,gastric,3,CONTROL_D30_R20,,,0.23969920141985157,0.8463199097788155,0.5259680954018164,0.4101418907895538,0.30000000000000004,0.16508817888910218,0.0033477754152176076,0.011820185343062506,-0.0002738189246078715,,1.923176762083645e-05,False,6
LN229_CENTRAL_NERVOUS_SYSTEM,ACH-000595,central_nervous_system,1,CONTROL_D30_R20,,,0.3122956360096428,0.8644271495435765,0.49266621278796185,0.37627515184133414,0.22,0.11330258858211902,0.0016461063917422858,0.004556384694454407,9.853582015700857e-05,,-1.8122924296093412e-05,False,6
LNCAPCLONEFGC_PROSTATE,ACH-000977,prostate,4,CONTROL_D30_R20,,,0.2691002032696057,0.9996580266859255,0.27697277881422694,0.23420097832440043,0.16999999999999998,0.14225031358026383,-3.1348509240025635e-05,-0.00011645397701554039,-0.0035469043179595094,,-0.0012921994697837058,False,6
LOVO_LARGE_INTESTINE,ACH-000950,colorectal,0,CONTROL_D30_R20,,,0.29172937863894405,0.8400388739003259,0.5436176334203576,0.4147079942081499,0.26,0.1677540423801646,0.00412779493525034,0.011886043926315315,-0.0016421442506840411,,0.00017337707263764823,False,6
LUDLU1_LUNG,ACH-000390,lung,2,CONTROL_D30_R20,,,0.3201489862075721,0.9279873962727362,0.37865676629143846,0.28761463124322284,0.21000000000000002,0.08870845356464661,0.0011168403504965285,0.0032372858061703313,0.0014018497369825966,,0.0016927867774743088,False,6
MALME3M_SKIN,ACH-000477,skin,0,CONTROL_D30_R20,,,0.5987757853740032,0.9216449134951641,0.37803349866104347,0.28914244768809805,0.11000000000000001,0.1732205031687578,0.008946352042102923,0.013770362889325982,0.0011919682503422901,,0.00018263823319775163,False,6
MDAMB435S_SKIN,ACH-000884,skin,1,CONTROL_D30_R20,,,0.2709241708340794,0.8802704735541362,0.4893491669679457,0.3752264816167176,0.21,0.0874784987409077,-0.0007662216196882565,-0.0024895610677109214,0.0007709132583894052,,0.0006496216549033984,False,6
MDAMB468_BREAST,ACH-000849,breast,0,CONTROL_D30_R20,,,0.26011345269570335,0.9000149431380672,0.4562474986399497,0.32314544408985674,0.31,0.08003755081093263,0.0011195166480039154,0.003873623996964448,0.0009257272900150548,,0.00018881325644942715,False,6
MIAPACA2_PANCREAS,ACH-000601,pancreas,0,CONTROL_D30_R20,,,0.2641655726647206,0.7990463248605684,0.6247640202950853,0.4728631813346285,0.24,0.017392810469119172,-0.00147502445632397,-0.004461644486887795,-0.00259251069001315,,-0.00015599750424311054,False,6
MSTO211H_PLEURA,ACH-000335,mesothelioma,2,CONTROL_D30_R20,,,0.23574678074049873,0.8037610593631868,0.5854016934420206,0.4473149294854346,0.27,0.10049970481905057,0.0007361663197827384,0.0025099041403555677,0.0003972092274772687,,0.0017304132167317576,False,6
NCIH1048_LUNG,ACH-000866,lung,4,CONTROL_D30_R20,,,0.4069498857298145,0.9570088253058052,0.280038052187035,0.2390034334967571,0.08,0.10971183695923858,0.0022743362543205525,0.005348471503301422,0.0017699968914620112,,0.00017742523371278018,False,6
NCIH1299_LUNG,ACH-000510,lung,3,CONTROL_D30_R20,,,0.17866151614233483,0.8047277422319236,0.5978801151029262,0.45556791600027396,0.4,0.12520515522725809,0.0016634774851700118,0.007492640327915079,-0.0013330430881872413,,-0.0011223118603861382,False,6
NCIH1355_LUNG,ACH-000666,lung,1,CONTROL_D30_R20,,,0.33251377443587116,0.8804125373838205,0.4561090500471077,0.36288808429920416,0.14,0.018702253876870117,-0.0012152123830622141,-0.003217575631106362,-0.0006612313661609748,,0.0005736211682648706,False,6
NCIH1573_LUNG,ACH-000916,lung,4,CONTROL_D30_R20,,,0.3720845725985741,0.9319442821329182,0.35330559677585527,0.2917257315677568,0.14,0.07292513996030907,0.0009457312107706284,0.0023687324313313995,8.742505812242563e-05,,0.0004156549294681011,False,6
NCIH1581_LUNG,ACH-000015,lung,2,CONTROL_D30_R20,,,0.24536998709924837,0.89665383627156,0.4374819000349015,0.3650289018637123,0.19,0.13299646065138335,0.0021928550328828844,0.008013334886089907,-0.0005908731114937782,,-7.246514292308381e-05,False,6
NCIH1650_LUNG,ACH-000035,lung,4,CONTROL_D30_R20,,,0.3502227379176447,0.932638907815839,0.3571261064066011,0.29828183025193966,0.16999999999999998,0.0607287429672658,0.0005192705165489864,0.001382811094147507,0.0008458306281997063,,0.00013519145615759065,False,6
NCIH1693_LUNG,ACH-000021,lung,3,CONTROL_D30_R20,,,0.24291227963729298,0.8361778520552013,0.5388365001639582,0.43282886854808666,0.35,0.042768084924147895,-0.0011363341209875422,-0.003911607210319579,0.0004026552883070189,,0.0005547590869068308,False,6
NCIH1793_LUNG,ACH-000888,lung,2,CONTROL_D30_R20,,,0.32000046882076827,0.9406313312533356,0.35233696546076754,0.2756862441557185,0.13,0.07254947652906785,0.00021173176207722744,0.0006223788670224328,-0.00047608102102209005,,-0.0003218990444932568,False,6
NCIH1915_LUNG,ACH-000434,lung,2,CONTROL_D30_R20,,,0.3417761675535312,0.8697131333727927,0.491583160558589,0.3983216956447051,0.19,0.1042468359225775,0.0018067322355380666,0.004597566778816842,-0.00028296146800266264,,0.00027960414443001236,False,6
NCIH2126_LUNG,ACH-000785,lung,1,CONTROL_D30_R20,,,0.28799323838000523,0.9631891568557431,0.33539067681524987,0.24991737307901954,0.26,0.046299261186984214,-0.001454202591245346,-0.004863559212841206,0.0004907381620727902,,-0.0017151614758604272,False,6
NCIH2347_LUNG,ACH-000875,lung,0,CONTROL_D30_R20,,,0.48491047364703965,0.9122580665851642,0.41207641241150206,0.3147223566200122,0.12000000000000001,0.1295851180816426,0.0035085180725474285,0.006600546054138179,0.0014208830438410258,,-9.464018606075708e-06,False,6
NCIH23_LUNG,ACH-000900,lung,0,CONTROL_D30_R20,,,0.27470616707903717,0.8946599118706668,0.44811096210392937,0.3382699263798318,0.26,0.1171384050853839,0.0020861725438023893,0.006794222947489437,-0.0007756247575367858,,-0.00021930134615755215,False,6
NCIH2444_LUNG,ACH-000186,lung,2,CONTROL_D30_R20,,,0.3286616893668129,0.8525631740339754,0.5345774873296387,0.40712294499698315,0.27,0.17254173761048097,0.004431873263016306,0.011496478166691526,-0.0007618524581999853,,-0.0009843085332160162,False,6
NCIH322_LUNG,ACH-000837,lung,4,CONTROL_D30_R20,,,0.31925212993112295,0.911922707163352,0.40474643996083326,0.32893938080193097,0.18,0.06819899322370929,0.0001726203115041125,0.0004930785639931656,-0.0004850521692930654,,-0.00015463401993764947,False,6
NCIH522_LUNG,ACH-000343,lung,1,CONTROL_D30_R20,,,0.32547628721114996,0.965572906542372,0.2785591737102721,0.24095009128187111,0.13,0.1826730821769432,0.004092531254309195,0.012141091236472223,-0.0012153411145222615,,-0.0002952911031511851,False,6
NCIH838_LUNG,ACH-000416,lung,4,CONTROL_D30_R20,,,0.21014352201103875,0.8990626940319603,0.4682699035437085,0.3629106126024838,0.26,0.1925215496890044,0.003901461144491414,0.01669172636710259,0.00405303354498085,,0.0004014231924628353,False,6
NCIH841_LUNG,ACH-000292,lung,1,CONTROL_D30_R20,,,0.23689004599102872,0.8953812675898717,0.4467465960509857,0.36652407445004115,0.24000000000000002,0.20462865682012255,0.004643462142997962,0.017551049906759597,-0.00044112826039233166,,0.0005205211198281712,False,6
NUGC3_STOMACH,ACH-000911,gastric,4,CONTROL_D30_R20,,,0.31305943109900014,0.8749617828770089,0.4819694712308765,0.38823478865039385,0.16999999999999998,0.08545306206007282,0.0010398479117270654,0.002906244285858728,-0.0008327093867584456,,-0.0004475420249137607,False,6
OAW42_OVARY,ACH-000704,ovary,3,CONTROL_D30_R20,,,0.17754330625087647,0.8137780506113665,0.5743070304731724,0.42797683018978955,0.36,0.11787832401126774,0.0010733016507866733,0.0049195283310818905,-0.0010041194523933705,,3.296887815504301e-05,False,6
OSRC2_KIDNEY,ACH-000159,kidney,4,CONTROL_D30_R20,,,0.3070668317149999,0.9146345113034234,0.40479824759834987,0.34374423149979777,0.13,0.052480856785009175,-0.00010351186389495615,-0.0003083222063382518,0.00012642467521140066,,0.00021555128340450258,False,6
PANC0403_PANCREAS,ACH-000235,pancreas,1,CONTROL_D30_R20,,,0.37505186305731286,0.8622085167578842,0.4986345709590992,0.3817650838705142,0.24,0.1970999432305125,0.007378907883899222,0.016963406527319647,0.0006278182281071465,,-0.00040575062928077665,False,6
PATU8988S_PANCREAS,ACH-000022,pancreas,3,CONTROL_D30_R20,,,0.33223783210668467,0.8945212882960457,0.4656112026534359,0.34716928660455704,0.26,0.14272754755006872,0.002410074805371254,0.006488915504054504,-0.0008888582079594753,,7.760720453220404e-06,False,6
PC3_PROSTATE,ACH-000090,prostate,2,CONTROL_D30_R20,,,0.276771213241835,1.0722142934400163,0.20086555917526416,0.16770370607023938,0.09,-0.15351659829259734,-0.006863957658511721,-0.026591036780233113,-0.005072952822837096,,-0.00539089956834532,False,6
QGP1_PANCREAS,ACH-000347,pancreas,4,CONTROL_D30_R20,,,0.4949712817866818,0.9346776088983336,0.3236380097778252,0.27380431067098476,0.08,0.02283344492322585,-0.0018871188775881897,-0.0035635355526973944,0.0011659233204018848,,-0.00022303975965404232,False,6
RCC10RGB_KIDNEY,ACH-000189,kidney,0,CONTROL_D30_R20,,,0.28342302364648514,0.8825153381505835,0.4756706431613533,0.3530178022249597,0.24000000000000002,0.060846412605111325,0.0007073675453151407,0.0022025829109394435,-0.0029625149904771164,,1.0733019950137646e-05,False,6
RH30_SOFT_TISSUE,ACH-000833,rhabdomyosarcoma,4,CONTROL_D30_R20,,,0.25596276955791614,0.9680031089660556,0.33840166302738106,0.2727819613273098,0.14,0.11471241057743517,0.0017701547227810255,0.006694392617967226,0.0009521723739894794,,0.000464756206092376,False,6
SKMEL24_SKIN,ACH-000822,skin,3,CONTROL_D30_R20,,,0.38545350217072655,0.8637180416778985,0.4956184641404577,0.3809093354390879,0.32,0.21369616929346977,0.009427738163320654,0.021125524863615408,-0.0007473683081459237,,-0.00034290888256932606,False,6
SKUT1_SOFT_TISSUE,ACH-000939,soft_tissue,1,CONTROL_D30_R20,,,0.27766901750015466,0.9158323952208479,0.4143474511474111,0.3178226314267218,0.22,0.07807172044260934,0.000909317175664115,0.002999189951048309,-0.002247307995509873,,-0.0004901370599416643,False,6
SNB75_CENTRAL_NERVOUS_SYSTEM,ACH-000504,central_nervous_system,4,CONTROL_D30_R20,,,0.3414168691215701,0.950221956799843,0.32991792186854824,0.2891988942562487,0.09,0.07264017337769,0.0005816957020140512,0.0016189593374574818,0.0026907951205613068,,0.0007071744564043914,False,6
SNU1041_UPPER_AERODIGESTIVE_TRACT,ACH-000618,upper_aerodigestive,2,CONTROL_D30_R20,,,0.3581107011918659,0.8746841232926427,0.48019159524367244,0.37835540143296187,0.15,0.10943772240811381,0.001714508387656466,0.004187680683498174,-0.0005367267097040052,,7.677187145949116e-05,False,6
SNU1105_CENTRAL_NERVOUS_SYSTEM,ACH-000368,central_nervous_system,2,CONTROL_D30_R20,,,0.3362095783548195,0.9097032777671684,0.40753929633517977,0.33719238311998734,0.13,0.1324969353341061,0.0029897271982838314,0.008089491814055716,0.000365112069870388,,0.0003047761845494934,False,6
SNU1214_UPPER_AERODIGESTIVE_TRACT,ACH-000715,upper_aerodigestive,1,CONTROL_D30_R20,,,0.5721597294490907,0.9272039520377938,0.36906534899694304,0.3031830409542582,0.07,0.09480426271581219,0.0027394298389585847,0.004439337552571754,-0.000628395347546995,,0.0003146428218979702,False,6
SNU245_BILIARY_TRACT,ACH-000268,bile_duct,4,CONTROL_D30_R20,,,0.3522011631557529,0.9031572416212885,0.4133921954906332,0.3373617425147475,0.12,0.11171229135681657,0.0019003077268812674,0.0048730011833684195,-0.0003477899132470208,,0.0005824364162622109,False,6
SNU685_ENDOMETRIUM,ACH-000407,uterus,0,CONTROL_D30_R20,,,0.29225656555080154,0.95048199890793,0.3357527087428643,0.23250131544662192,0.15,0.11887420387015488,0.002104067321008707,0.006842885152434919,-6.751148469374968e-05,,6.628464146657409e-05,False,6
SW480_LARGE_INTESTINE,ACH-000842,colorectal,3,CONTROL_D30_R20,,,0.43933319663565096,0.9387912781762031,0.3602912259660923,0.2592034006566874,0.19,0.06839314148201485,0.000773698666865108,0.0016532817596114358,0.0006323401648878346,,0.0006150551090399192,False,6
SW48_LARGE_INTESTINE,ACH-000958,colorectal,2,CONTROL_D30_R20,,,0.42829970104723386,0.9529532005516741,0.2904272676127948,0.25411739027309344,0.09,0.05385066849408173,-0.0005179603441801683,-0.0011524452773103988,-0.00031123570448737814,,-2.5640748809174774e-05,False,6
SW579_THYROID,ACH-000163,thyroid,2,CONTROL_D30_R20,,,0.3929024221253309,0.9220967732271382,0.3865030621423641,0.3072980859631529,0.14,0.1014822323861959,0.0021055014862298993,0.00494136970695036,-3.563166963094222e-06,,0.0005190416266185882,False,6
SW900_LUNG,ACH-000669,lung,3,CONTROL_D30_R20,,,0.3772587310746924,0.8589656476254025,0.5134754912408374,0.39435552630832293,0.19,0.16005105404461287,0.004550120373261302,0.010359991091679066,0.0038759892775785953,,0.003755402217029302,False,6
TE11_OESOPHAGUS,ACH-000488,esophagus,4,CONTROL_D30_R20,,,0.29537765422841217,0.9582482982948768,0.3756828604054496,0.2762613045749349,0.18,0.05288579525376721,-0.006549432830544155,-0.021247317712843605,-0.0014292747386840943,,-0.00041147263670399115,False,6
TE6_OESOPHAGUS,ACH-000605,esophagus,0,CONTROL_D30_R20,,,0.3481279665932668,0.9318070758452146,0.36355813870455395,0.28012861348826307,0.2,0.05061039576415234,-5.8162085362356564e-05,-0.00015567793422888165,0.0010778287477924975,,-3.5098413067979894e-05,False,6
TEN_ENDOMETRIUM,ACH-000397,uterus,1,CONTROL_D30_R20,,,0.30360290561369513,0.9374581088514383,0.3567229964762268,0.28621283729947833,0.16,0.07338974402350144,0.0006307060669947795,0.0019474797700335111,-0.0005829814437712244,,-0.0004329275028673307,False,6
TUHR4TKB_KIDNEY,ACH-000495,kidney,1,CONTROL_D30_R20,,,0.32698497779482444,0.9313891083335035,0.3704659114291007,0.29987324284991407,0.13,0.09627268494969862,0.0015682391675115315,0.004466996893046193,-0.0009051202452463603,,-7.727801676404855e-05,False,6
UACC257_SKIN,ACH-000579,skin,0,CONTROL_D30_R20,,,0.37473149153493923,0.8450135353471385,0.5417320081193363,0.4198161891905505,0.13,0.21866807976357777,0.009132539308285947,0.020593730449451342,-0.0010122277192631257,,8.951075520846619e-05,False,6
22RV1_PROSTATE,ACH-000956,prostate,1,RANK_D20_R02,,,0.41429865625147577,0.9653270779600563,0.2600853564723393,0.2338820204306476,0.05,0.04649296377084006,0.00028028440328770055,0.0006530702427847146,-0.0010177621223446676,,-0.0011528670968057875,False,7
42MGBA_CENTRAL_NERVOUS_SYSTEM,ACH-000323,central_nervous_system,2,RANK_D20_R02,,,0.212867718157297,0.8892672728472316,0.4841750583314143,0.36600417838724625,0.29000000000000004,0.12050830353712357,0.001118604167747117,0.0046730339680390864,-0.0008113350762397054,,-0.0007674696207801979,False,7
769P_KIDNEY,ACH-000411,kidney,3,RANK_D20_R02,,,0.26029430238338663,0.889546398535355,0.46157324194917965,0.3350826689174727,0.35,0.0900252284895271,0.0007122451777859529,0.0024340722289052374,-0.0003608451290617598,,0.00053363070482354,False,7
786O_KIDNEY,ACH-000649,kidney,2,RANK_D20_R02,,,0.18964311552709506,0.8905112061406012,0.5105390991105887,0.3775773526514487,0.35,0.2579100747132062,0.003582365512058594,0.016821789834622347,-0.0017747312770425572,,-0.0012472591839470526,False,7
8505C_THYROID,ACH-001307,thyroid,0,RANK_D20_R02,,,0.2875136505782203,0.8554503858456474,0.5128441646313588,0.4145619608841373,0.23,0.021288239888015148,-4.977108470033409e-05,-0.0001480858161871934,-0.0026189454468927287,,-0.0018713709020554137,False,7
A2780_OVARY,ACH-000657,ovary,0,RANK_D20_R02,,,0.27346726993828985,0.8605419227328492,0.5068364247521778,0.4057351990875836,0.16999999999999998,0.0018085087641677875,-0.0002507348222089423,-0.0007890078620687024,-0.0009698210193353485,,0.0006913926428961381,False,7
A375_SKIN,ACH-000219,skin,1,RANK_D20_R02,,,0.38627642330275763,0.8147239356472884,0.6350057670934774,0.4909645367287309,0.2,0.24309132646986106,0.005852827418206141,0.012344627580565093,-0.0031473995142592415,,-0.002166267200336025,False,7
ACCMESO1_PLEURA,ACH-000086,mesothelioma,3,RANK_D20_R02,,,0.1891062586892459,0.8662494024729778,0.5203690607647163,0.3844095816811273,0.38,0.2232015625274407,0.003110014945539058,0.014246215894325953,0.0007597741854213913,,0.0007430917686565008,False,7
AGS_STOMACH,ACH-000880,gastric,0,RANK_D20_R02,,,0.28377061245058477,0.8789034618425098,0.47211438623051055,0.3698184055090768,0.2,0.029394242976415522,0.00015875150673150262,0.0004916902692427838,-0.0005189421617040613,,-0.00021544053422806186,False,7
BEN_LUNG,ACH-000603,lung,0,RANK_D20_R02,,,0.2731187995570183,1.0055973307352952,0.2718165495351984,0.2010184620324101,0.19,-0.22468149861124648,-0.002394752582480897,-0.008817250253809417,0.0025078131275089177,,0.005086732192623289,False,7
CAL120_BREAST,ACH-000212,breast,1,RANK_D20_R02,,,0.22147606496446728,0.8908518473520021,0.4709966660899905,0.3707603297992071,0.26,0.08536021156642315,0.0009017000529079888,0.003626943426231488,-0.001621663795068784,,0.0008581250733540047,False,7
CAL62_THYROID,ACH-000174,thyroid,3,RANK_D20_R02,,,0.24161699458193842,0.7854791617327368,0.6361870478298003,0.4914297159345169,0.26,-0.02576616028134424,-0.00028242859273872045,-0.0009181546797137896,-0.0018032619008934159,,-0.0010507830655554218,False,7
CAOV3_OVARY,ACH-000713,ovary,2,RANK_D20_R02,,,0.2964465347500159,0.9051141402827634,0.43565255727783997,0.3432798925279356,0.22,-0.08096730829711588,-0.002170837299968087,-0.006628026662923503,-0.0014918720428740428,,-0.001000477758859919,False,7
CJM_SKIN,ACH-000458,skin,3,RANK_D20_R02,,,0.4337108682545638,0.8941224371085338,0.43504513370102443,0.351277767669644,0.12,0.13885790779014484,0.004707554718682838,0.009704922347991363,0.0013135631917030044,,0.0014712130982428295,False,7
COLO668_LUNG,ACH-000803,lung,1,RANK_D20_R02,,,0.42115328447089334,0.9712776775732567,0.23986860208972904,0.2124067364161606,0.12000000000000001,0.025182628223058015,4.333957851493375e-05,9.995117388161834e-05,-0.0006939739364592579,,0.001007038781900671,False,7
COLO680N_OESOPHAGUS,ACH-000717,esophagus,2,RANK_D20_R02,,,0.276520366748036,0.8900335955135206,0.4732756287086763,0.35872119994034674,0.25,-0.0019700295254336843,-0.0021063579910921004,-0.006779715354415794,-0.002625624492009704,,-0.0017343962437716964,False,7
COV434_OVARY,ACH-000123,ovary,1,RANK_D20_R02,,,0.34544217448930026,0.9757753494329133,0.25229102521076974,0.21551486682040416,0.08,0.12879175540250126,0.0012268093266001867,0.003465385490699413,-0.0025853087635717698,,-0.0014069124492000484,False,7
DMS273_LUNG,ACH-000749,lung,0,RANK_D20_R02,,,0.21208770252662243,0.9339868099729148,0.39967357351175703,0.30928266172117647,0.31,0.24302980238612643,0.00383516001734005,0.01688918700923492,-0.0016717807384255268,,-0.0029036797863649377,False,7
EFM192A_BREAST,ACH-000117,breast,4,RANK_D20_R02,,,0.37554193191800955,0.9510903471497338,0.3014169193235252,0.2541095144086858,0.11,0.0711346128243976,0.0005374778258127599,0.0013612061090668703,0.001305542208071775,,0.0005928760011509326,False,7
G401_SOFT_TISSUE,ACH-000096,rhabdoid,2,RANK_D20_R02,,,0.2911404669270993,0.9132129823845795,0.3990874323865897,0.35802369134791484,0.11000000000000001,0.045825272760973715,0.0002931612509998738,0.0009195515249765807,-0.001216067854060865,,-0.0001766085999464484,False,7
GCIY_STOMACH,ACH-000047,gastric,1,RANK_D20_R02,,,0.2097670805289368,0.8421954781832164,0.539075373689503,0.42347296840445164,0.28,0.11836620487436468,0.0012502219667616388,0.005019525868772856,-0.0007224175241911102,,4.453131444459579e-05,False,7
GP2D_LARGE_INTESTINE,ACH-000982,colorectal,1,RANK_D20_R02,,,0.26170882246224925,0.9172254784240754,0.4091662231308958,0.33922888454153544,0.16,0.12233460422156132,0.00038261378781795363,0.0013409678408284886,0.001369483536555527,,0.000234536960623144,False,7
HCC1143_BREAST,ACH-000374,breast,2,RANK_D20_R02,,,0.30119945491768,0.9203003122245221,0.4192660566978576,0.3213596433446596,0.24,-0.012621096947476314,-0.0007187375613122993,-0.0021960677261649852,-0.00016833438559094027,,8.353908025898749e-05,False,7
HCC1195_LUNG,ACH-000868,lung,0,RANK_D20_R02,,,0.3437576669083061,0.9016435383014655,0.44075249973045144,0.34561888539243246,0.18,-0.034692593562078856,-0.0002805429490067013,-0.0007358373689899667,-0.00013398405504072564,,-0.0006070911416020119,False,7
HCC1419_BREAST,ACH-000277,breast,3,RANK_D20_R02,,,0.41702691785505525,0.9489115239460243,0.2944747104485191,0.23936750165055168,0.05,-0.008523525030460064,-0.0005909262637349699,-0.001344605629642781,-0.0008800667549125341,,-0.001134174850586367,False,7
HEC1B_ENDOMETRIUM,ACH-000941,uterus,4,RANK_D20_R02,,,0.26128072997674856,0.9065477979728521,0.43375763179699767,0.33651982654524404,0.18000000000000002,0.14308967852004775,0.0012339260674919528,0.004281268501682756,-0.0013160114854520732,,-5.43132860697515e-05,False,7
HEP3B217_LIVER,ACH-000625,liver,3,RANK_D20_R02,,,0.4970550468066435,0.9603459035124091,0.26569184324600786,0.2075404257880406,0.08,0.04215808961367085,0.0001529611642136497,0.00029553191018338865,-0.00046080003175780204,,-0.000468592304790294,False,7
HS766T_PANCREAS,ACH-000178,pancreas,2,RANK_D20_R02,,,0.5649282679995665,0.9032111464294911,0.4369414679612915,0.3708087788540411,0.08,0.178035870456594,0.005535897248732824,0.008850830067770099,0.0036609044323797635,,0.003724882915867478,False,7
HS852T_SKIN,ACH-000274,skin,4,RANK_D20_R02,,,0.5629785908572025,0.9413536659375662,0.31530514603203336,0.2713308101877884,0.03,0.070969744760725,0.0020810317464232675,0.003479682700624931,-0.001657347094230488,,-0.002025601282391598,False,7
HUCCT1_BILIARY_TRACT,ACH-000976,bile_duct,3,RANK_D20_R02,,,0.35825185262135345,0.8302170800210922,0.5780580917919911,0.42777816480025577,0.22999999999999998,0.22563922006810483,0.005490929681270351,0.012724745380182645,0.00042008178107505456,,0.00047406251212483985,False,7
IGR1_SKIN,ACH-000882,skin,2,RANK_D20_R02,,,0.2936473790875606,0.8589537724847023,0.511076869878769,0.3976613033573029,0.21000000000000002,0.16304183428363422,0.0024725332603257044,0.007232456077591598,-0.0029108041675033336,,-0.002520642364996606,False,7
IGROV1_OVARY,ACH-000966,ovary,4,RANK_D20_R02,,,0.21492257343447027,0.8733100172453598,0.497492341768542,0.38958313285765,0.19,0.1259582929704142,0.0011477636937759217,0.004663788987761541,-0.0014889233459759732,,-0.00021914174120737928,False,7
ISTMES1_PLEURA,ACH-000569,mesothelioma,0,RANK_D20_R02,,,0.31052008113570534,0.8923757450718981,0.44761715251504275,0.37374196803977616,0.15000000000000002,0.021740674209058165,0.00010576299255415922,0.0003039427560895813,-0.000317151658513537,,0.0006164403222466697,False,7
J82_URINARY_TRACT,ACH-000396,urinary_tract,0,RANK_D20_R02,,,0.21789831582029612,0.8894583125171744,0.4673713485120014,0.3588339734990513,0.25,-0.06720414423216065,-0.00022689086610261366,-0.0009261657949464208,-0.0008933356865600262,,0.0020937275975735914,False,7
JHH5_LIVER,ACH-000734,liver,4,RANK_D20_R02,,,0.3669538989001099,0.8842791666422035,0.4562698147402643,0.3607397018700839,0.18,-0.07724724587492901,-0.0007356342156014661,-0.001772718625078995,-0.0010809500906233671,,0.0035774108788416137,False,7
KNS42_CENTRAL_NERVOUS_SYSTEM,ACH-000622,central_nervous_system,3,RANK_D20_R02,,,0.2884286778079117,0.9607961459166554,0.3250380583186513,0.26776323998291673,0.13,0.15670648290699793,0.0008444790443387085,0.002813077455662616,-0.00032782085906912783,,-0.0005402076063831807,False,7
KNS60_CENTRAL_NERVOUS_SYSTEM,ACH-000445,central_nervous_system,4,RANK_D20_R02,,,0.2789490771630554,0.9351312929522078,0.37900999878795194,0.2961154753586002,0.22999999999999998,0.17718536774064952,0.0020794548189720374,0.006971033183824971,0.0004881535965143846,,-0.0003759138886313962,False,7
KNS81_CENTRAL_NERVOUS_SYSTEM,ACH-000479,central_nervous_system,0,RANK_D20_R02,,,0.34500595791340616,0.8973645436551423,0.4398910809186984,0.3541084081678052,0.15,-0.01220308077849161,-0.00029618913992435214,-0.0007703914274156398,-0.001908645521139285,,-0.002302714207292278,False,7
KYSE270_OESOPHAGUS,ACH-000873,esophagus,3,RANK_D20_R02,,,0.25262140517657333,0.8767926152598853,0.487187988321496,0.3852759201241467,0.26,-0.035205382814399444,-0.0006907608389166708,-0.0023974769756723857,0.0002695806521550437,,-0.00019146409325493385,False,7
LI7_LIVER,ACH-000471,liver,1,RANK_D20_R02,,,0.4265095297252001,0.9672011783438129,0.26255401606085554,0.2133896277721795,0.11,-0.050470038457350104,-0.00067294643820065,-0.0015260493438664646,0.0008673170077994619,,0.000629789094740596,False,7
LK2_LUNG,ACH-000769,lung,3,RANK_D20_R02,,,0.307200259727589,0.9622487746802166,0.2927576719783874,0.243275728235018,0.16999999999999998,0.15401626932638535,0.002341603665240888,0.007334646330256378,0.0012772279427115674,,0.0013488024563004797,False,7
LMSU_STOMACH,ACH-000255,gastric,3,RANK_D20_R02,,,0.2421758408501331,0.8550643246403368,0.5111002326934183,0.4011979172715011,0.24,0.08395509689137053,0.0008711359849360722,0.0030757704815412845,-0.002750458354889407,,-0.002457407662660699,False,7
LN229_CENTRAL_NERVOUS_SYSTEM,ACH-000595,central_nervous_system,1,RANK_D20_R02,,,0.31472645194930743,0.8711555922481825,0.48042282775759054,0.37203058560228763,0.18,0.01813047581518403,-0.0007847095479223687,-0.002172058010151634,-0.002332280119507646,,-0.002448938863960748,False,7
LNCAPCLONEFGC_PROSTATE,ACH-000977,prostate,4,RANK_D20_R02,,,0.26534812548626274,0.9857197441157303,0.291634255138937,0.23523050801865122,0.16,0.20560374522267771,0.0037207292741029407,0.013821828593179708,0.00020517346538345693,,0.0024598783135592606,False,7
LOVO_LARGE_INTESTINE,ACH-000950,colorectal,0,RANK_D20_R02,,,0.2953381180917174,0.8504302902199667,0.5261145864331345,0.4016493889519876,0.22,0.07253719236939218,0.0005190554824769933,0.0014946276066745146,-0.005250883703457387,,-0.003435362380135698,False,7
LUDLU1_LUNG,ACH-000390,lung,2,RANK_D20_R02,,,0.3216752227047918,0.9324113622828395,0.3725844734922439,0.2832636412896385,0.19,0.01680584357729376,-0.00040939614672319546,-0.0011866802039329771,-0.00012438676023712736,,0.00016655028025458485,False,7
MALME3M_SKIN,ACH-000477,skin,0,RANK_D20_R02,,,0.6025269869507492,0.9274188207525251,0.36141793148937124,0.27007806639419674,0.09,0.11833588658282948,0.005195150465356901,0.007996455631964938,-0.0025592333264037315,,-0.00356856334354827,False,7
MDAMB435S_SKIN,ACH-000884,skin,1,RANK_D20_R02,,,0.27324318854948104,0.8878052860303817,0.47839067928970613,0.3670005812367757,0.18000000000000002,-0.0033849938309157782,-0.0030852393350899177,-0.010024373543956355,-0.001548104457012256,,-0.0016693960604982627,False,7
MDAMB468_BREAST,ACH-000849,breast,0,RANK_D20_R02,,,0.26072622280419655,0.9021351804754163,0.45539172348918333,0.3229249105469954,0.3,0.06992960964662848,0.0005067465395107162,0.0017533866596153302,0.0003129571815218557,,-0.000423956852043772,False,7
MIAPACA2_PANCREAS,ACH-000601,pancreas,0,RANK_D20_R02,,,0.26217605973031793,0.7930284589348117,0.6327582168201579,0.48117741257838775,0.26,0.14959534462564802,0.0005144884780787229,0.00155622143886891,-0.0006029977556104571,,0.0018335154301595824,False,7
MSTO211H_PLEURA,ACH-000335,mesothelioma,2,RANK_D20_R02,,,0.23813373703533036,0.8118992087545006,0.5738871684980237,0.4405889222472364,0.25,-0.03126875834434904,-0.0016507899750488886,-0.005628245250958286,-0.0019897470673543582,,-0.0006565430780998693,False,7
NCIH1048_LUNG,ACH-000866,lung,4,RANK_D20_R02,,,0.40778056600131035,0.9589623050307184,0.27615611954702224,0.23679954514544474,0.07,0.10898400601694647,0.0014436559828246986,0.003394991778388201,0.0009393166199661573,,-0.0006532550377830737,False,7
NCIH1299_LUNG,ACH-000510,lung,3,RANK_D20_R02,,,0.17783257316992698,0.8009940147844673,0.5992927032936854,0.4574248283888164,0.39,0.15193956911758247,0.0024924204575778597,0.011226367775371338,-0.0005041001157793934,,-0.0002933688879782903,False,7
NCIH1355_LUNG,ACH-000666,lung,1,RANK_D20_R02,,,0.33197620251651333,0.8789891826420475,0.46056401427647586,0.3634399218208672,0.14,-0.02969667317826593,-0.0006776404637043876,-0.0017942208893333422,-0.00012365944680314822,,0.0011111930876226972,False,7
NCIH1573_LUNG,ACH-000916,lung,4,RANK_D20_R02,,,0.37261758213126667,0.9332792882656533,0.3501546901029334,0.2902552405132577,0.14,0.05466841050749432,0.00041272167807804294,0.001033726298596327,-0.0004455844745701598,,-0.00011735460322448432,False,7
NCIH1581_LUNG,ACH-000015,lung,2,RANK_D20_R02,,,0.24595336823310898,0.8987856818891456,0.43435571490434705,0.3642545720746504,0.18,0.11640892097183915,0.0016094738990222734,0.005881489268504292,-0.0011742542453543892,,-0.0006558462767836948,False,7
NCIH1650_LUNG,ACH-000035,lung,4,RANK_D20_R02,,,0.3504245587832803,0.933176354335788,0.3554106450205945,0.29579149891243645,0.16,0.042412627044880906,0.0003174496509133484,0.0008453645741984817,0.0006440097625640684,,-6.66294094780473e-05,False,7
NCIH1693_LUNG,ACH-000021,lung,3,RANK_D20_R02,,,0.24270861891524276,0.8354767899871731,0.5410615326576363,0.43656133027198407,0.32,-0.014509213908892503,-0.0009326733989373226,-0.0032105451422913545,0.0006063160103572385,,0.0007584198089570504,False,7
NCIH1793_LUNG,ACH-000888,lung,2,RANK_D20_R02,,,0.31966109582459407,0.9396337549861534,0.3523910391975921,0.2818233662407457,0.13,0.0874158013356579,0.0005511047582514306,0.0016199551342046536,-0.0001367080248478869,,1.7473951680946342e-05,False,7
NCIH1915_LUNG,ACH-000434,lung,2,RANK_D20_R02,,,0.34334388081524136,0.873702471841978,0.4881857121114088,0.3968503002482614,0.18,0.046129101442461226,0.00023901897382788695,0.0006082283096314756,-0.0018506747297128423,,-0.0012881091172801673,False,7
NCIH2126_LUNG,ACH-000785,lung,1,RANK_D20_R02,,,0.28574170128173404,0.9556589240922512,0.3378360382650226,0.25755481573251726,0.24000000000000002,0.13575892630307285,0.0007973345070258486,0.0026666735506507555,0.002742275260343985,,0.0005363756224107674,False,7
NCIH2347_LUNG,ACH-000875,lung,0,RANK_D20_R02,,,0.48714040970261424,0.9164532268574658,0.40455287295436754,0.3099042161187586,0.1,0.13049810234969833,0.0012785820169728401,0.0024053857818365776,-0.0008090530117335626,,-0.002239400074180664,False,7
NCIH23_LUNG,ACH-000900,lung,0,RANK_D20_R02,,,0.2750072174456064,0.895640369270977,0.4459306737024334,0.33829780989809755,0.24,0.11641871425541685,0.001785122177233145,0.005813765547179273,-0.0010766751241060302,,-0.0005203517127267965,False,7
NCIH2444_LUNG,ACH-000186,lung,2,RANK_D20_R02,,,0.33068436149017205,0.8578100763086014,0.5298628024759587,0.4067761871136558,0.24,0.1913865284642323,0.0024092011396571467,0.00624957589206554,-0.0027845245815591446,,-0.0030069806565751755,False,7
NCIH322_LUNG,ACH-000837,lung,4,RANK_D20_R02,,,0.31906871285877586,0.9113987883622752,0.4047292338278499,0.3305466993143765,0.18,0.046289021569928174,0.0003560373838512043,0.0010169973650699937,-0.00030163509694597357,,2.8783052409442345e-05,False,7
NCIH522_LUNG,ACH-000343,lung,1,RANK_D20_R02,,,0.3267294175952684,0.9692905007107141,0.27309581173735337,0.23926256012874964,0.13,0.18171962694145777,0.0028394008701907447,0.00842349706813017,-0.002468471498640712,,-0.0015484214872696356,False,7
NCIH838_LUNG,ACH-000416,lung,4,RANK_D20_R02,,,0.20967450208770147,0.897056073452868,0.4684390883515113,0.3658891677063191,0.25,0.26078546806919356,0.0043704810678286965,0.018698346946194877,0.004522053468318132,,0.000870443115800118,False,7
NCIH841_LUNG,ACH-000292,lung,1,RANK_D20_R02,,,0.23854900421171277,0.9016516877263555,0.4376983946920176,0.3603449126787121,0.24000000000000002,0.17928994293930087,0.002984503922313919,0.011280629770275774,-0.002100086481076374,,-0.0011384371008558714,False,7
NUGC3_STOMACH,ACH-000911,gastric,4,RANK_D20_R02,,,0.31372867868178916,0.8768322457989134,0.4792009461729373,0.38612066494202757,0.18,0.056990155905220836,0.0003706003289380422,0.0010357813639542135,-0.0015019569695474688,,-0.001116789607702784,False,7
OAW42_OVARY,ACH-000704,ovary,3,RANK_D20_R02,,,0.1780709027921727,0.8161963140421413,0.5752831953996915,0.4317063350647594,0.38,0.08351821461674785,0.0005457051094904519,0.0025012649003071097,-0.0015317159936895919,,-0.0004946276631411783,False,7
OSRC2_KIDNEY,ACH-000159,kidney,4,RANK_D20_R02,,,0.30715636538030194,0.9149011978086099,0.4036826145800628,0.3405201760360006,0.12000000000000001,-0.07272836503069754,-0.00019304552919702234,-0.000575008711524716,3.689100990933447e-05,,0.0001260176181024364,False,7
PANC0403_PANCREAS,ACH-000235,pancreas,1,RANK_D20_R02,,,0.37774375020771955,0.8683969089666629,0.48832415190234046,0.3791639760594022,0.16,0.15801565161999365,0.004687020733492531,0.010775014318540999,-0.0020640689222995445,,-0.0030976377796874677,False,7
PATU8988S_PANCREAS,ACH-000022,pancreas,3,RANK_D20_R02,,,0.3353342874833601,0.9028582234221016,0.4477226113610151,0.33855646585509863,0.25,0.0292843337110807,-0.0006863805713041571,-0.0018480196220014289,-0.003985313584634886,,-0.0030886946562221906,False,7
PC3_PROSTATE,ACH-000090,prostate,2,RANK_D20_R02,,,0.27206254480731035,1.0539728674642745,0.211106011927834,0.17810248244380938,0.1,-0.2597152077344335,-0.002155289223987056,-0.00834961080449137,-0.00036428438831243026,,-0.0006822311338206544,False,7
QGP1_PANCREAS,ACH-000347,pancreas,4,RANK_D20_R02,,,0.49667750880498357,0.9378995578242337,0.323675681228802,0.2712528006177121,0.09000000000000001,-0.07114115719611411,-0.0035933458958899434,-0.006785484478597503,-0.0005403036978998688,,-0.001929266777955796,False,7
RCC10RGB_KIDNEY,ACH-000189,kidney,0,RANK_D20_R02,,,0.2844718290865301,0.8857810816165411,0.4702728376968008,0.3518640932723978,0.24,-0.0038916638981960332,-0.00034143789472984576,-0.0010631605550182055,-0.004011320430522103,,-0.0010380724200948488,False,7
RH30_SOFT_TISSUE,ACH-000833,rhabdomyosarcoma,4,RANK_D20_R02,,,0.25458121318128657,0.9627783222906374,0.3425409397405724,0.27754058022432215,0.13,0.2255435724291986,0.0031517110994105924,0.011919179293385374,0.0023337287506190463,,0.0018463125827219429,False,7
SKMEL24_SKIN,ACH-000822,skin,3,RANK_D20_R02,,,0.3873534422861828,0.8679753970958298,0.49077545204692785,0.3820124572392686,0.27,0.19764191632425143,0.007527798047864409,0.016868169445684034,-0.0026473084236021682,,-0.0022428489980255706,False,7
SKUT1_SOFT_TISSUE,ACH-000939,soft_tissue,1,RANK_D20_R02,,,0.2779785450809993,0.9168533063340285,0.41105267411669727,0.3131904036690735,0.22,0.123726508452049,0.0005997895948194887,0.0019782788378677196,-0.002556835576354499,,-0.0007996646407862906,False,7
SNB75_CENTRAL_NERVOUS_SYSTEM,ACH-000504,central_nervous_system,4,RANK_D20_R02,,,0.34247531763081546,0.9531678013218631,0.3211182096058402,0.2789011341838545,0.08,-0.03917690904035833,-0.00047675280723130653,-0.0013268851845625873,0.001632346611315949,,-0.00035127405284096636,False,7
SNU1041_UPPER_AERODIGESTIVE_TRACT,ACH-000618,upper_aerodigestive,2,RANK_D20_R02,,,0.35762232960770773,0.8734912774226122,0.4834856371894251,0.3813883427494162,0.15,0.11092555628024703,0.0022028799718146197,0.005380526553528608,-4.835512554585142e-05,,0.0005651434556176449,False,7
SNU1105_CENTRAL_NERVOUS_SYSTEM,ACH-000368,central_nervous_system,2,RANK_D20_R02,,,0.3387807728749504,0.9166603195450548,0.39171192595280374,0.323970706553397,0.12000000000000001,0.04805614289296155,0.0004185326781529497,0.0011324500361693524,-0.0022060824502604937,,-0.0022664183355813883,False,7
SNU1214_UPPER_AERODIGESTIVE_TRACT,ACH-000715,upper_aerodigestive,1,RANK_D20_R02,,,0.573188787070977,0.9288715742851797,0.36822292636970405,0.31200959736409106,0.060000000000000005,0.11026850514356921,0.0017103722170722646,0.002771715305185829,-0.001657452969433315,,-0.0007144147999883499,False,7
SNU245_BILIARY_TRACT,ACH-000268,bile_duct,4,RANK_D20_R02,,,0.35399171794285994,0.9077488009108876,0.4007673313106283,0.3283678268495856,0.11000000000000001,0.016917906506436747,0.0001097529397742214,0.0002814418937693297,-0.0021383447003540668,,-0.001208118370844835,False,7
SNU685_ENDOMETRIUM,ACH-000407,uterus,0,RANK_D20_R02,,,0.29208399441564115,0.9499207599937863,0.3316672462876683,0.232632792438983,0.12,0.18244855889571068,0.0022766384561691,0.007404124066578532,0.00010505965046664345,,0.00023885577662696722,False,7
SW480_LARGE_INTESTINE,ACH-000842,colorectal,3,RANK_D20_R02,,,0.4405689008814563,0.9414317988043982,0.3552045832749182,0.2570005449645458,0.19,0.017213662650173697,-0.00046200557894021665,-0.0009872388685836508,-0.00060336408091749,,-0.0006206491367654055,False,7
SW48_LARGE_INTESTINE,ACH-000958,colorectal,2,RANK_D20_R02,,,0.4281389584802607,0.9525955534571573,0.28479395592439033,0.24946038787674932,0.08,-0.02639933731561222,-0.0003572177772069862,-0.000794798182793599,-0.00015049313751419602,,0.00013510181816400735,False,7
SW579_THYROID,ACH-000163,thyroid,2,RANK_D20_R02,,,0.3950182417392824,0.9270623583925385,0.3749832121417656,0.29582163626230534,0.13,0.00974928352088584,-1.0318127721620218e-05,-2.4215458449883265e-05,-0.0021193827809146137,,-0.0015967779873329313,False,7
SW900_LUNG,ACH-000669,lung,3,RANK_D20_R02,,,0.37826212795131126,0.8612502427240899,0.5125240926886475,0.3955179827331536,0.16999999999999998,0.18163771220313035,0.0035467234966424233,0.008075395992991674,0.002872592400959717,,0.002752005340410424,False,7
TE11_OESOPHAGUS,ACH-000488,esophagus,4,RANK_D20_R02,,,0.29611021356842415,0.9606248279033883,0.3677211520301533,0.27532953097211205,0.16,-0.05350707634363322,-0.00728199217055614,-0.02362384732135514,-0.002161834078696079,,-0.0011440319767159757,False,7
TE6_OESOPHAGUS,ACH-000605,esophagus,0,RANK_D20_R02,,,0.3484025315831616,0.9325419826177643,0.3622968971877548,0.28052716904204816,0.2,0.01577651382630786,-0.0003327270752571665,-0.0008905847067786077,0.0008032637578976876,,-0.0003096634029627898,False,7
TEN_ENDOMETRIUM,ACH-000397,uterus,1,RANK_D20_R02,,,0.3023714512162228,0.9336556521250851,0.36022300701734056,0.2866861010601694,0.17,0.12986713988181667,0.001862160464467133,0.005749936496386776,0.0006484729537011291,,0.0007985268946050228,False,7
TUHR4TKB_KIDNEY,ACH-000495,kidney,1,RANK_D20_R02,,,0.3277354770545137,0.9335268421248264,0.36431604306490956,0.2948288721596153,0.13,0.07599937211816911,0.0008177399078222458,0.0023292631017233223,-0.001655619504935646,,-0.0008277772764533342,False,7
UACC257_SKIN,ACH-000579,skin,0,RANK_D20_R02,,,0.37898120399789487,0.8545965691557506,0.528054565251858,0.4051984506861257,0.12000000000000001,0.15740245510281373,0.0048828268453303125,0.011010696640839313,-0.005261940182218761,,-0.004160201707747169,False,7
22RV1_PROSTATE,ACH-000956,prostate,1,RANK_D20_R05,,,0.41325704696444066,0.9629001001404147,0.2628116306835302,0.23551328603317498,0.05,0.07608362085090858,0.0013218936903228173,0.0030800480624263438,2.384716469044923e-05,,-0.00011125780977067068,False,8
42MGBA_CENTRAL_NERVOUS_SYSTEM,ACH-000323,central_nervous_system,2,RANK_D20_R05,,,0.2128775872541512,0.8893085015733202,0.48454858671107237,0.36559324581730046,0.32,0.09522755165961823,0.0011087350708929022,0.004631805241950504,-0.0008212041730939201,,-0.0007773387176344126,False,8
769P_KIDNEY,ACH-000411,kidney,3,RANK_D20_R05,,,0.2607592745952916,0.8911354243139902,0.4591536426155699,0.3333206763229332,0.36,0.03643203822512838,0.0002472729658810069,0.0008450464502700594,-0.0008258173409667058,,6.865849291859405e-05,False,8
786O_KIDNEY,ACH-000649,kidney,2,RANK_D20_R05,,,0.1891380221929972,0.8881394286420565,0.5140785321569233,0.3799435645715369,0.35,0.20112159003153599,0.0040874588461564665,0.019193567333167016,-0.0012696379429446847,,-0.0007421658498491801,False,8
8505C_THYROID,ACH-001307,thyroid,0,RANK_D20_R05,,,0.2864553767416719,0.8523016631328821,0.5173479256461432,0.42066596718123433,0.23,0.08436324902469557,0.001008502751848106,0.003000636896578035,-0.0015606716103442886,,-0.0008130970655069736,False,8
A2780_OVARY,ACH-000657,ovary,0,RANK_D20_R05,,,0.27503069960420423,0.8654616952930797,0.4991935856591272,0.39557800311123825,0.16,-0.036413756533763116,-0.0018141644881233265,-0.0057087804222991645,-0.0025332506852497327,,-0.0008720370230182461,False,8
A375_SKIN,ACH-000219,skin,1,RANK_D20_R05,,,0.387098030564607,0.8164568477836465,0.6326845495083958,0.4904217083684957,0.21000000000000002,0.17927621959101742,0.005031220156356764,0.010611715444207026,-0.003969006776108619,,-0.0029878744621854025,False,8
ACCMESO1_PLEURA,ACH-000086,mesothelioma,3,RANK_D20_R05,,,0.19009190507756685,0.8707644068988002,0.5183080721565724,0.38041220119185865,0.37,0.13321194567464142,0.0021243685572181203,0.009731211468503531,-0.00022587220289954635,,-0.0002425546196644368,False,8
AGS_STOMACH,ACH-000880,gastric,0,RANK_D20_R05,,,0.28357097877919163,0.8782851500188416,0.47311591406828923,0.3711837594191685,0.21,0.04675528679154195,0.00035838517812464277,0.001110002092911011,-0.0003193084903109211,,-1.580686283492172e-05,False,8
BEN_LUNG,ACH-000603,lung,0,RANK_D20_R05,,,0.27194047376529124,1.0012588477278306,0.2792344135162511,0.2083642060538687,0.21,0.08562792577936326,-0.001216426790753844,-0.0044787672463447725,0.0036861389192359706,,0.006265057984350342,False,8
CAL120_BREAST,ACH-000212,breast,1,RANK_D20_R05,,,0.2214795388612606,0.890865820543084,0.4712981606673876,0.3709513478561646,0.26,0.08471764756404812,0.0008982261561146787,0.003612970235149504,-0.0016251376918620941,,0.0008546511765606946,False,8
CAL62_THYROID,ACH-000174,thyroid,3,RANK_D20_R05,,,0.23911062784098897,0.7773311469373282,0.6444773717354119,0.49704270742336853,0.27,0.15264987378444014,0.00222393814821073,0.0072298601156948195,0.0007031048400560347,,0.0014555836753940288,False,8
CAOV3_OVARY,ACH-000713,ovary,2,RANK_D20_R05,,,0.29621246702299603,0.904399481871633,0.43660095332441384,0.3446730581947534,0.23,-0.059103075107496066,-0.0019367695729481937,-0.005913368251793116,-0.0012578043158541496,,-0.0007664100318400258,False,8
CJM_SKIN,ACH-000458,skin,3,RANK_D20_R05,,,0.43409015021656155,0.8949043509064921,0.43319389700251326,0.34710494853206325,0.13,0.13287515764451877,0.00432827275668507,0.00892300855003303,0.0009342812297052361,,0.0010919311362450612,False,8
COLO668_LUNG,ACH-000803,lung,1,RANK_D20_R05,,,0.41942104002460184,0.9672827179592127,0.24665126524822145,0.22020424986153417,0.1,0.0815686919343113,0.0017755840248064314,0.004094910787925565,0.0010382705098322398,,0.0027392832281921686,False,8
COLO680N_OESOPHAGUS,ACH-000717,esophagus,2,RANK_D20_R05,,,0.27560017877279763,0.8870717948267163,0.4765094176424058,0.35882589267238396,0.25,0.027658317245445756,-0.0011861700158537491,-0.0038179146676114994,-0.0017054365167713526,,-0.0008142082685333452,False,8
COV434_OVARY,ACH-000123,ovary,1,RANK_D20_R05,,,0.34377397805858206,0.971063171606007,0.25674069057748145,0.218277022190855,0.08,0.15344997114104014,0.0028950057573183807,0.008177563317605774,-0.0009171123328535757,,0.0002612839815181456,False,8
DMS273_LUNG,ACH-000749,lung,0,RANK_D20_R05,,,0.2095148102607906,0.922656367843831,0.4096604583146218,0.3143129084017519,0.31,0.2634847709634317,0.006408052283171872,0.02821962913831877,0.0009011115274062953,,-0.00033078752053311566,False,8
EFM192A_BREAST,ACH-000117,breast,4,RANK_D20_R05,,,0.37513927524404744,0.950070586523098,0.3025790651572939,0.25416412551368095,0.11,0.08118874016212922,0.0009401344997748695,0.002380966735702761,0.0017081988820338845,,0.0009955326751130422,False,8
G401_SOFT_TISSUE,ACH-000096,rhabdoid,2,RANK_D20_R05,,,0.2913236417914706,0.9137875423760364,0.39725178429675945,0.3585031913689361,0.11000000000000001,0.04089023894826803,0.00010998638662856886,0.0003449915335196341,-0.0013992427184321699,,-0.0003597834643177533,False,8
GCIY_STOMACH,ACH-000047,gastric,1,RANK_D20_R05,,,0.20997258035645094,0.8430205410341814,0.5382571205922299,0.4219080551760408,0.27,0.0988717343995849,0.0010447221392475003,0.004194463017807792,-0.0009279173517052486,,-0.00016096851306954263,False,8
GP2D_LARGE_INTESTINE,ACH-000982,colorectal,1,RANK_D20_R05,,,0.26184752738693406,0.917711605294797,0.40880269042894424,0.3378696020133102,0.16,0.058262837869915436,0.00024390886313313542,0.0008548409701069071,0.0012307786118707087,,9.583203593832579e-05,False,8
HCC1143_BREAST,ACH-000374,breast,2,RANK_D20_R05,,,0.30051774584087887,0.9182173832351657,0.4218175578243728,0.3241141675245938,0.23,0.0207182741798651,-3.702848451114793e-05,-0.00011313873680851572,0.0005133746912102111,,0.0007652481570601388,False,8
HCC1195_LUNG,ACH-000868,lung,0,RANK_D20_R05,,,0.3434291661395967,0.9007819121504103,0.44245603744864564,0.34699761446321575,0.19,0.0043985128522355125,4.795781970273749e-05,0.00012578878206526145,0.00019451671366871315,,-0.00027859037289257316,False,8
HCC1419_BREAST,ACH-000277,breast,3,RANK_D20_R05,,,0.41659646552835095,0.9479320639739439,0.2957761103968691,0.23930494915239456,0.05,0.019880262383481274,-0.0001604739370306696,-0.0003651456575624046,-0.0004496144282082337,,-0.0007037225238820666,False,8
HEC1B_ENDOMETRIUM,ACH-000941,uterus,4,RANK_D20_R05,,,0.26143157320949023,0.9070711683740801,0.4337002772033306,0.33744807914132846,0.18000000000000002,0.09566374617697354,0.0010830828347502819,0.003757898100454793,-0.0014668547181937441,,-0.00020515651881142238,False,8
HEP3B217_LIVER,ACH-000625,liver,3,RANK_D20_R05,,,0.49717441115495953,0.9605765239711836,0.2651541016057631,0.2069418172276451,0.08,0.0163550398117001,3.359681589759633e-05,6.491145140885557e-05,-0.0005801643800738554,,-0.0005879566531063474,False,8
HS766T_PANCREAS,ACH-000178,pancreas,2,RANK_D20_R05,,,0.5653708598297018,0.9039187652493323,0.4356111862776707,0.37021129205251435,0.08,0.16980213782027873,0.005093305418597538,0.008143211247928828,0.0032183126022444775,,0.003282291085732192,False,8
HS852T_SKIN,ACH-000274,skin,4,RANK_D20_R05,,,0.5630418576959406,0.9414594540999327,0.31511461871770363,0.2706375431788469,0.03,0.07006296104344674,0.0020177649076851267,0.0033738945382584262,-0.0017206139329686287,,-0.002088868121129739,False,8
HUCCT1_BILIARY_TRACT,ACH-000976,bile_duct,3,RANK_D20_R05,,,0.35425643932947015,0.8209580620079441,0.590921880060718,0.43970716052203496,0.24,0.29740179320488863,0.00948634297315365,0.021983763393330746,0.004415495072958353,,0.004469475804008138,False,8
IGR1_SKIN,ACH-000882,skin,2,RANK_D20_R05,,,0.2937971908828729,0.8593919899383914,0.5097599523193134,0.39704755957398313,0.21000000000000002,0.16162383757986318,0.0023227214650133887,0.006794238623902493,-0.0030606159628156493,,-0.0026704541603089216,False,8
IGROV1_OVARY,ACH-000966,ovary,4,RANK_D20_R05,,,0.21498851702510108,0.8735779704777762,0.49723649366651795,0.3892064521463693,0.19,0.11131725767216685,0.0010818201031451147,0.00439583575534519,-0.0015548669366067802,,-0.0002850853318381863,False,8
ISTMES1_PLEURA,ACH-000569,mesothelioma,0,RANK_D20_R05,,,0.3107181733114568,0.8929450243670811,0.4464066832134833,0.37352690245208875,0.15000000000000002,0.018591688486826265,-9.232918319729277e-05,-0.00026533653909344146,-0.000515243834264989,,0.0004183481464952177,False,8
J82_URINARY_TRACT,ACH-000396,urinary_tract,0,RANK_D20_R05,,,0.21866078529883673,0.8925707037863566,0.46648947776567473,0.35754740420550396,0.25,-0.03073000926362021,-0.0009893603446432253,-0.0040385570641285895,-0.0016558051651006378,,0.0013312581190329797,False,8
JHH5_LIVER,ACH-000734,liver,4,RANK_D20_R05,,,0.368895226507512,0.8889573443751518,0.43736938673561926,0.347192453947842,0.18,0.039939636075213614,-0.0026769618230035874,-0.006450896358027314,-0.0030222776980254884,,0.0016360832714394924,False,8
KNS42_CENTRAL_NERVOUS_SYSTEM,ACH-000622,central_nervous_system,3,RANK_D20_R05,,,0.2878533238193673,0.9588795615501751,0.3271827485008374,0.26744748957142117,0.12,0.11662089249819879,0.0014198330328831221,0.004729661822142961,0.00024753312947528583,,3.5146382161233e-05,False,8
KNS60_CENTRAL_NERVOUS_SYSTEM,ACH-000445,central_nervous_system,4,RANK_D20_R05,,,0.2793925230863503,0.9366178730973099,0.3782717807400582,0.2931432885096668,0.22999999999999998,0.1006378982113387,0.0016360088956771102,0.005484453038722803,4.4707673219457345e-05,,-0.0008193598119263235,False,8
KNS81_CENTRAL_NERVOUS_SYSTEM,ACH-000479,central_nervous_system,0,RANK_D20_R05,,,0.34453915071734287,0.8961503726622593,0.442115456606437,0.3553790901823747,0.18,0.02598001575340494,0.0001706180561389381,0.00044377956546737263,-0.0014418383250759947,,-0.0018359070112289877,False,8
KYSE270_OESOPHAGUS,ACH-000873,esophagus,3,RANK_D20_R05,,,0.2541892616651282,0.8822342958252805,0.47862695966607643,0.37606517284942426,0.25,-0.017823490784482674,-0.0022586173274715127,-0.007839157541067565,-0.0012982758363997982,,-0.0017593205818097757,False,8
LI7_LIVER,ACH-000471,liver,1,RANK_D20_R05,,,0.4273695974547707,0.9691515650609213,0.2593948364419724,0.20670785498397512,0.11,0.0018985994895894737,-0.0015330141677712406,-0.003476436060974808,7.2492782288713364e-06,,-0.00023027863482999456,False,8
LK2_LUNG,ACH-000769,lung,3,RANK_D20_R05,,,0.30673218601276564,0.960782619153694,0.29226762600535894,0.23996518086939983,0.16999999999999998,0.14162973720021985,0.0028096773800642683,0.008800801856779006,0.0017453016575349478,,0.0018168761711238601,False,8
LMSU_STOMACH,ACH-000255,gastric,3,RANK_D20_R05,,,0.24241101207425736,0.8558946573573607,0.5101125523347362,0.39913559134341803,0.24,0.06792243100247168,0.0006359647608118191,0.002245437764517355,-0.00298562957901366,,-0.002692578886784952,False,8
LN229_CENTRAL_NERVOUS_SYSTEM,ACH-000595,central_nervous_system,1,RANK_D20_R05,,,0.3144040749827144,0.8702632602070716,0.48218640992580947,0.3732536682451783,0.2,0.051901769109895524,-0.00046233258132932775,-0.0012797259690406904,-0.002009903152914605,,-0.002126561897367707,False,8
LNCAPCLONEFGC_PROSTATE,ACH-000977,prostate,4,RANK_D20_R05,,,0.2639064158076653,0.9803640564021955,0.29654460816187306,0.23841248549158278,0.16,0.2301317760231624,0.00516243895270041,0.019177516306714493,0.0016468831439809262,,0.00390158799215673,False,8
LOVO_LARGE_INTESTINE,ACH-000950,colorectal,0,RANK_D20_R05,,,0.29575786295001427,0.851638951479022,0.5243024100050463,0.3999266400023882,0.21000000000000002,0.029062968833219606,9.93106241801156e-05,0.00028596634761923756,-0.005670628561754265,,-0.0038551072384325757,False,8
LUDLU1_LUNG,ACH-000390,lung,2,RANK_D20_R05,,,0.32176878164989603,0.9326825532770505,0.3711330840431254,0.2841031736361856,0.19,0.03209723827257304,-0.0005029550918274062,-0.0014578711981440007,-0.00021794570534133806,,7.299133515037415e-05,False,8
MALME3M_SKIN,ACH-000477,skin,0,RANK_D20_R05,,,0.6033222895086767,0.9286429627019958,0.3574718045088797,0.2691590446756843,0.09000000000000001,0.1117149095644105,0.004399847907429422,0.006772313682494313,-0.003354535884331211,,-0.00436386590147575,False,8
MDAMB435S_SKIN,ACH-000884,skin,1,RANK_D20_R05,,,0.27281762494839507,0.8864225704480028,0.4803566208807579,0.36864996363837443,0.18000000000000002,0.03093613949309649,-0.002659675734003941,-0.008641657961577454,-0.0011225408559262795,,-0.0012438324594122863,False,8
MDAMB468_BREAST,ACH-000849,breast,0,RANK_D20_R05,,,0.2604155282334975,0.9010601505087497,0.45691701081138525,0.32572983359602453,0.29,0.09115614605725363,0.0008174411102097601,0.002828416626281971,0.0006236517522208995,,-0.00011326228134472816,False,8
MIAPACA2_PANCREAS,ACH-000601,pancreas,0,RANK_D20_R05,,,0.26150003685662265,0.7909836292952073,0.6343088931007068,0.4818478711809985,0.26,0.11035394748317319,0.001190511351774004,0.003601051078473305,7.302511808482404e-05,,0.0025095383038548635,False,8
MSTO211H_PLEURA,ACH-000335,mesothelioma,2,RANK_D20_R05,,,0.238017543603479,0.8115030559180438,0.574414282699641,0.43977974490115695,0.24,-0.0035563177029674857,-0.001534596543197514,-0.00523209241450151,-0.0018735536355029836,,-0.0005403496462484947,False,8
NCIH1048_LUNG,ACH-000866,lung,4,RANK_D20_R05,,,0.4071972296929229,0.9575904948525513,0.27903865283281404,0.23759963736635722,0.08,0.1129330739423103,0.0020269922912121707,0.004766801956555322,0.0015226529283536294,,-6.991872939560162e-05,False,8
NCIH1299_LUNG,ACH-000510,lung,3,RANK_D20_R05,,,0.17769505895862445,0.8003746228573433,0.6004274192318386,0.4576342979943647,0.39,0.15435035841023884,0.002629934668880396,0.011845759702495351,-0.00036658590447685713,,-0.00015585467667575403,False,8
NCIH1355_LUNG,ACH-000666,lung,1,RANK_D20_R05,,,0.3321629102563865,0.8794835376061082,0.45977695486670245,0.36262017993090967,0.13,-0.021090940467546053,-0.0008643482035775585,-0.002288575853394037,-0.00031036718667631913,,0.0009244853477495263,False,8
NCIH1573_LUNG,ACH-000916,lung,4,RANK_D20_R05,,,0.37286336015607124,0.933894877950791,0.34903823947603724,0.289603446467859,0.14,0.03743055616977353,0.00016694365327346583,0.00041813661345868613,-0.0006913624993747369,,-0.00036313262802906143,False,8
NCIH1581_LUNG,ACH-000015,lung,2,RANK_D20_R05,,,0.24573974089485065,0.8980050249936292,0.4339330564352682,0.3639185976234008,0.19,0.12150648084375654,0.0018231012372806055,0.006662146164020721,-0.0009606269070960571,,-0.00044221893852536276,False,8
NCIH1650_LUNG,ACH-000035,lung,4,RANK_D20_R05,,,0.3507721976050689,0.9341021123062586,0.354332386725418,0.2927782166409599,0.16,0.0314074155790703,-3.0189170875216664e-05,-8.039339627208264e-05,0.0002963709407755033,,-0.0004142682312666124,False,8
NCIH1693_LUNG,ACH-000021,lung,3,RANK_D20_R05,,,0.2423889718460732,0.834376467681059,0.5423257375123599,0.43710622343270394,0.33999999999999997,0.025874390010375743,-0.0006130263297677574,-0.0021102228361772335,0.0009259630795268037,,0.0010780668781266156,False,8
NCIH1793_LUNG,ACH-000888,lung,2,RANK_D20_R05,,,0.31967146337355323,0.9396642300708158,0.35229864773966624,0.28240006020719816,0.13,0.08274338406655583,0.0005407372092922635,0.0015894800495422912,-0.00014707557380705394,,7.106402721779315e-06,False,8
NCIH1915_LUNG,ACH-000434,lung,2,RANK_D20_R05,,,0.34212899847726147,0.8706109773928273,0.4911041806389871,0.397698089677614,0.19,0.09251950314800012,0.0014539013118077815,0.0036997227587821646,-0.0006357923917329478,,-7.322677930027277e-05,False,8
NCIH2126_LUNG,ACH-000785,lung,1,RANK_D20_R05,,,0.28557537878226974,0.9551026609350802,0.3381367216947238,0.2581536259737843,0.24000000000000002,0.10975102549020362,0.0009636570064901484,0.0032229367078216997,0.0029085977598082846,,0.0007026981218750672,False,8
NCIH2347_LUNG,ACH-000875,lung,0,RANK_D20_R05,,,0.48618030000693924,0.9146469804217089,0.4081877459782618,0.3147313965485319,0.1,0.140192352210693,0.0022386917126478445,0.004211632217593464,0.00015105668394144178,,-0.0012792903785056597,False,8
NCIH23_LUNG,ACH-000900,lung,0,RANK_D20_R05,,,0.27502371761546923,0.8956941068359989,0.44588883387608763,0.3383917178615029,0.25,0.11584334546274232,0.001768622007370324,0.005760027982157356,-0.001093175293968851,,-0.0005368518825896174,False,8
NCIH2444_LUNG,ACH-000186,lung,2,RANK_D20_R05,,,0.3282997150460578,0.8516241963988994,0.538919090980499,0.41412344403348955,0.24,0.2561608520962745,0.004793847583771382,0.012435455801767525,-0.00039987813744490897,,-0.0006223342124609399,False,8
NCIH322_LUNG,ACH-000837,lung,4,RANK_D20_R05,,,0.3194930519918188,0.9126108851806843,0.40304909895144947,0.32567120228309104,0.18,0.029757383690938322,-6.830174919175702e-05,-0.0001950994533391759,-0.0007259742299889349,,-0.000395556080633519,False,8
NCIH522_LUNG,ACH-000343,lung,1,RANK_D20_R05,,,0.3253700752158411,0.9652578131575397,0.2783408138064639,0.2429221908337335,0.13,0.2159224360309495,0.004198743249618053,0.0124561846213046,-0.0011091291192134034,,-0.00018907910784232707,False,8
NCIH838_LUNG,ACH-000416,lung,4,RANK_D20_R05,,,0.2099334973365719,0.8981641398065798,0.46736402654879317,0.36464100042994463,0.25,0.2301846317518274,0.00411148581895826,0.01759028059248302,0.004263058219447696,,0.0006114478669296819,False,8
NCIH841_LUNG,ACH-000292,lung,1,RANK_D20_R05,,,0.2377788596739317,0.8987407465359775,0.44042644731019404,0.36221739880871706,0.24000000000000002,0.203065631560694,0.003754648460094989,0.014191570960653821,-0.0013299419432953041,,-0.0003682925630748013,False,8
NUGC3_STOMACH,ACH-000911,gastric,4,RANK_D20_R05,,,0.3133217932206258,0.875695052048588,0.48069997415097815,0.38651450066296517,0.18,0.07131710806294536,0.0007774857901013954,0.002172975114279607,-0.0010950715083841156,,-0.0007099041465394307,False,8
OAW42_OVARY,ACH-000704,ovary,3,RANK_D20_R05,,,0.17800142213026995,0.8158778461776389,0.5742394066348916,0.4311318217039992,0.37,0.08332195892244951,0.0006151857713931896,0.0028197327648095127,-0.0014622353317868542,,-0.0004251470012384406,False,8
OSRC2_KIDNEY,ACH-000159,kidney,4,RANK_D20_R05,,,0.30748768439393787,0.915888070283341,0.4027195996030222,0.3410978678553502,0.12,-0.015220898822314649,-0.0005243645428329446,-0.0015618811862557758,-0.00029442800372658784,,-0.00020530139553348592,False,8
PANC0403_PANCREAS,ACH-000235,pancreas,1,RANK_D20_R05,,,0.3759878042548151,0.8643601564407077,0.49490585858588837,0.381679334044842,0.21000000000000002,0.19143919695182407,0.006442966686396989,0.014811766844496144,-0.000308122969395086,,-0.0013416918267830091,False,8
PATU8988S_PANCREAS,ACH-000022,pancreas,3,RANK_D20_R05,,,0.3355190697979095,0.9033557336334374,0.4466939565540309,0.33920164598204905,0.25,0.03210724856356309,-0.0008711628858535936,-0.0023455298333371344,-0.004170095899184323,,-0.003273476970771627,False,8
PC3_PROSTATE,ACH-000090,prostate,2,RANK_D20_R05,,,0.27448768230049614,1.0633678730116145,0.2050780744821522,0.171835968275063,0.09,-0.223831213024618,-0.0045804267171728474,-0.017744616351831333,-0.002789421881498222,,-0.003107368627006446,False,8
QGP1_PANCREAS,ACH-000347,pancreas,4,RANK_D20_R05,,,0.49569957079481447,0.9360528713706354,0.32687873419067776,0.2755794550351135,0.08,-0.031937438784059066,-0.002615407885720844,-0.004938798024999191,0.00043763431226923055,,-0.0009513287677866966,False,8
RCC10RGB_KIDNEY,ACH-000189,kidney,0,RANK_D20_R05,,,0.2835292907547094,0.8828462299452663,0.47474889954452026,0.356426089929674,0.25,0.03682627262643363,0.0006011004370908846,0.001871691116256624,-0.0030687820987013725,,-9.553408827411847e-05,False,8
RH30_SOFT_TISSUE,ACH-000833,rhabdomyosarcoma,4,RANK_D20_R05,,,0.25474527429694616,0.9633987706093254,0.34173599174361685,0.2765267309770697,0.13,0.20498163065741296,0.002987649983751006,0.011298730974697357,0.00216966763495946,,0.0016822514670623567,False,8
SKMEL24_SKIN,ACH-000822,skin,3,RANK_D20_R05,,,0.3877921533036121,0.8689584537257543,0.4864804129169941,0.3797522234873001,0.3,0.18389252410266393,0.007089087030435093,0.01588511281575955,-0.0030860194410314845,,-0.002681560015454887,False,8
SKUT1_SOFT_TISSUE,ACH-000939,soft_tissue,1,RANK_D20_R05,,,0.27764067468486164,0.9157389124525838,0.4124819378639856,0.3146463167379827,0.22,0.08458526291624793,0.0009376599909571293,0.0030926727193124615,-0.0022189651802168586,,-0.00046179424464865004,False,8
SNB75_CENTRAL_NERVOUS_SYSTEM,ACH-000504,central_nervous_system,4,RANK_D20_R05,,,0.3424648640622038,0.9531387072397596,0.32115383897071637,0.27880676563015877,0.08,-0.034205051711663374,-0.0004662992386196274,-0.0012977911024590894,0.0016428001799276282,,-0.00034082048422928723,False,8
SNU1041_UPPER_AERODIGESTIVE_TRACT,ACH-000618,upper_aerodigestive,2,RANK_D20_R05,,,0.3581904739934651,0.8748789680788978,0.48092546051129864,0.3793194318625155,0.15,0.09986750273399389,0.0016347355860572566,0.0039928358972430855,-0.0006164995113032146,,-3.0009301397182497e-06,False,8
SNU1105_CENTRAL_NERVOUS_SYSTEM,ACH-000368,central_nervous_system,2,RANK_D20_R05,,,0.33922116445643596,0.9178519145827062,0.3890258320808475,0.3213765035242792,0.12000000000000001,0.032796552831258145,-2.185890333261664e-05,-5.914500148207491e-05,-0.00264647403174606,,-0.0027068099170669546,False,8
SNU1214_UPPER_AERODIGESTIVE_TRACT,ACH-000715,upper_aerodigestive,1,RANK_D20_R05,,,0.5732742667627851,0.9290100969808259,0.3681384325262589,0.3086602154191615,0.07,0.08403835130296633,0.0016248925252640989,0.0026331926095396474,-0.0017429326612414808,,-0.0007998944917965156,False,8
SNU245_BILIARY_TRACT,ACH-000268,bile_duct,4,RANK_D20_R05,,,0.35408919736255196,0.9079987695453323,0.4007804977479903,0.3277220107563986,0.11000000000000001,0.01511867712338147,1.2273520082206613e-05,3.1473259324621417e-05,-0.0022358241200460816,,-0.0013055977905368499,False,8
SNU685_ENDOMETRIUM,ACH-000407,uterus,0,RANK_D20_R05,,,0.2922413775405159,0.9504326041908308,0.33178903954812705,0.23169506814468588,0.13,0.15941584518259105,0.0021192553312943674,0.0068922798695341125,-5.2323474408089155e-05,,8.147265175223461e-05,False,8
SW480_LARGE_INTESTINE,ACH-000842,colorectal,3,RANK_D20_R05,,,0.43971846688468924,0.9396145447818401,0.3588730777191502,0.2638043550801926,0.19,0.055683438603489704,0.0003884284178268249,0.0008300151539744061,0.0002470699158495515,,0.00022978486000163612,False,8
SW48_LARGE_INTESTINE,ACH-000958,colorectal,2,RANK_D20_R05,,,0.42893121960558356,0.9543583092405563,0.28290703393325684,0.24546146844452815,0.08,-0.03374755519152749,-0.0011494789025298657,-0.002557553966192616,-0.0009427542628370755,,-0.0006571593071588722,False,8
SW579_THYROID,ACH-000163,thyroid,2,RANK_D20_R05,,,0.39480391886077737,0.9265593672589404,0.3756999037759812,0.2956294869832296,0.12,0.034450226342348,0.0002040047507834153,0.00047877567514820196,-0.0019050599024095782,,-0.0013824551088278958,False,8
SW900_LUNG,ACH-000669,lung,3,RANK_D20_R05,,,0.37666162004647913,0.8576061088823431,0.5182651307975541,0.3976499391081685,0.16999999999999998,0.21906252409145027,0.00514723140147455,0.011719529834738451,0.004473100305791844,,0.004352513245242551,False,8
TE11_OESOPHAGUS,ACH-000488,esophagus,4,RANK_D20_R05,,,0.29650396250232053,0.961902207016061,0.36482370787481816,0.2704812245640899,0.16,-0.01079607190058197,-0.007675741104452516,-0.024901226434027812,-0.002555583012592455,,-0.001537780910612352,False,8
TE6_OESOPHAGUS,ACH-000605,esophagus,0,RANK_D20_R05,,,0.3486931956118657,0.9333199804364705,0.3603199088743908,0.27873043379201135,0.2,0.018354705756536478,-0.0006233911039612572,-0.0016685825254847408,0.0005125997291935969,,-0.0006003274316668805,False,8
TEN_ENDOMETRIUM,ACH-000397,uterus,1,RANK_D20_R05,,,0.30324683255597973,0.9363586346068685,0.3581357751484942,0.2875834206762315,0.17,0.08173516455688724,0.0009867791247101798,0.003046954014603309,-0.00022690838605582409,,-7.68544451519304e-05,False,8
TUHR4TKB_KIDNEY,ACH-000495,kidney,1,RANK_D20_R05,,,0.3278025921667746,0.9337180138568917,0.36448910869196005,0.2951729093786235,0.13,0.06246728947927128,0.0007506247955613721,0.002138091369658035,-0.0017227346171965197,,-0.000894892388714208,False,8
UACC257_SKIN,ACH-000579,skin,0,RANK_D20_R05,,,0.3783542304928734,0.8531827539039898,0.5276599184689965,0.40766973274079576,0.11,0.16731361031928815,0.005509800350351757,0.012424511892600076,-0.004634966677197316,,-0.0035332282027257245,False,8
22RV1_PROSTATE,ACH-000956,prostate,1,RANK_D20_R10,,,0.41293197691651606,0.9621426781339458,0.26498884520457744,0.23693987669378427,0.05,0.08678140776170631,0.001646963738247409,0.0038374700688952323,0.00034891721261504083,,0.00021381223815392092,False,9
42MGBA_CENTRAL_NERVOUS_SYSTEM,ACH-000323,central_nervous_system,2,RANK_D20_R10,,,0.21252313790864882,0.8878277688179455,0.48744230638220526,0.36847080178404684,0.31,0.11000607444413445,0.0014631844163952856,0.006112537997325251,-0.00046675482759153675,,-0.00042288937213202926,False,9
769P_KIDNEY,ACH-000411,kidney,3,RANK_D20_R10,,,0.26095344295416834,0.8917989876834793,0.4582623932940167,0.3331702343525973,0.32999999999999996,0.03836218977235144,5.310460700425068e-05,0.0001814830807809198,-0.001019985699843462,,-0.00012550986595816216,False,9
786O_KIDNEY,ACH-000649,kidney,2,RANK_D20_R10,,,0.18839647971484014,0.8846573518748997,0.5203279629628891,0.38489082331015434,0.35,0.21195530859253917,0.00482900132431352,0.022675644100323855,-0.0005280954647876313,,-6.23371692126673e-07,False,9
8505C_THYROID,ACH-001307,thyroid,0,RANK_D20_R10,,,0.2857969570182157,0.850342641690435,0.5207375018018434,0.4214214457784733,0.24,0.10797904983075093,0.0016669224753042555,0.004959658339025119,-0.0009022518868881391,,-0.00015467734205082406,False,9
A2780_OVARY,ACH-000657,ovary,0,RANK_D20_R10,,,0.274605927973352,0.8641250315087137,0.5017859309519295,0.3992131401208937,0.16999999999999998,-0.007387979204765253,-0.0013893928572710768,-0.004372116637933132,-0.002108479054397483,,-0.00044726539216599637,False,9
A375_SKIN,ACH-000219,skin,1,RANK_D20_R10,,,0.38590018559983635,0.8139303851130828,0.6338895982540569,0.4883678297780156,0.2,0.20553750300615137,0.0062290651211274195,0.013138178114770693,-0.0027711618113379632,,-0.0017900294974147468,False,9
ACCMESO1_PLEURA,ACH-000086,mesothelioma,3,RANK_D20_R10,,,0.18942855368691944,0.8677257568310507,0.5241604134652543,0.38596283667213077,0.4,0.15145726947638755,0.00278771994786553,0.012769861536253035,0.00043747918774786343,,0.00042079677098297297,False,9
AGS_STOMACH,ACH-000880,gastric,0,RANK_D20_R10,,,0.28373170839667533,0.8787829669562865,0.472649779712048,0.3664432647609005,0.22,0.07228165335199287,0.00019765556064094136,0.0006121851554660163,-0.0004800381077946225,,-0.00017653648031862312,False,9
BEN_LUNG,ACH-000603,lung,0,RANK_D20_R10,,,0.2740449235539867,1.009007230825629,0.2780258347069811,0.2048081411360825,0.2,0.06464979136848695,-0.0033208765794492945,-0.012227150344143234,0.00158168913054052,,0.004160608195654891,False,9
CAL120_BREAST,ACH-000212,breast,1,RANK_D20_R10,,,0.22175524159241183,0.8919747904329252,0.4719393589367617,0.3692203309962625,0.26,0.07606319458007738,0.0006225234249634393,0.002504000345308399,-0.0019008404230133336,,0.0005789484454094551,False,9
CAL62_THYROID,ACH-000174,thyroid,3,RANK_D20_R10,,,0.23908306242646438,0.7772415337926442,0.6443515191725402,0.4980072945906784,0.27,0.15022209456551605,0.0022515035627353186,0.00731947326037885,0.0007306702545806232,,0.0014831490899186173,False,9
CAOV3_OVARY,ACH-000713,ovary,2,RANK_D20_R10,,,0.29640171046186137,0.9049772822247968,0.4353450595235712,0.3393861165875318,0.23,-0.011947487027904234,-0.0021260130118135323,-0.0064911686049569095,-0.0014470477547194882,,-0.0009556534707053643,False,9
CJM_SKIN,ACH-000458,skin,3,RANK_D20_R10,,,0.4347860105020075,0.8963389109783065,0.4301040701006765,0.34337114438462774,0.13,0.12182331142663883,0.0036324124712391326,0.007488448478218612,0.00023842094425929883,,0.00039607085079912396,False,9
COLO668_LUNG,ACH-000803,lung,1,RANK_D20_R10,,,0.42239471303113474,0.9741407013067157,0.2366672177193454,0.21402711218202153,0.1,0.06007056969971336,-0.001198088981726464,-0.0027630725595774175,-0.0019354024967006556,,-0.00023438977834072672,False,9
COLO680N_OESOPHAGUS,ACH-000717,esophagus,2,RANK_D20_R10,,,0.2754859927606117,0.8867042653453316,0.47740667625400796,0.35767133472770535,0.25,0.03991639069669601,-0.001071984003667814,-0.0034503851862268675,-0.0015912505045854175,,-0.0007000222563474101,False,9
COV434_OVARY,ACH-000123,ovary,1,RANK_D20_R10,,,0.3437497631584364,0.9709947714383493,0.25650522807625314,0.21672660525127482,0.08,0.1476912550125259,0.002919220657464028,0.008245963485263408,-0.0008928974327079287,,0.00028549888166379267,False,9
DMS273_LUNG,ACH-000749,lung,0,RANK_D20_R10,,,0.20939505706780462,0.9221290015638978,0.41145001801787456,0.3165932324031474,0.31000000000000005,0.25456384681869176,0.006527805476157861,0.028746995418251986,0.0010208647203922838,,-0.00021103432754712714,False,9
EFM192A_BREAST,ACH-000117,breast,4,RANK_D20_R10,,,0.37454410688048145,0.9485632744564387,0.3056951252419167,0.2562990658948663,0.12,0.08680243963283889,0.0015353028633408594,0.0038882788023619774,0.0023033672455998744,,0.0015907010386790321,False,9
G401_SOFT_TISSUE,ACH-000096,rhabdoid,2,RANK_D20_R10,,,0.2915282005072157,0.9144291765564375,0.39623122543316835,0.3563599115506981,0.11000000000000001,0.03819383374671096,-9.45723291165268e-05,-0.0002966426468814509,-0.0016038014341772655,,-0.000564342180062849,False,9
GCIY_STOMACH,ACH-000047,gastric,1,RANK_D20_R10,,,0.21017689569679004,0.8438408482784029,0.5376946723772735,0.42273090439192923,0.26,0.07978898159905601,0.0008404067989083996,0.0033741557735863514,-0.0011322326920443493,,-0.00036528385340864333,False,9
GP2D_LARGE_INTESTINE,ACH-000982,colorectal,1,RANK_D20_R10,,,0.2624769585621128,0.9199176077724995,0.4092003573255552,0.33032796779945744,0.14,0.06465786919804532,-0.00038552231204558307,-0.0013511615075956218,0.0006013474366919902,,-0.0005335991392403927,False,9
HCC1143_BREAST,ACH-000374,breast,2,RANK_D20_R10,,,0.30087483074415444,0.9193084388217868,0.4201149773628974,0.3218042771704527,0.24,0.01266083379998665,-0.0003941133877867209,-0.0012041943234296637,0.0001562897879346381,,0.00040816325378456586,False,9
HCC1195_LUNG,ACH-000868,lung,0,RANK_D20_R10,,,0.34316019869578296,0.9000764362263117,0.442831746713191,0.3439602883650713,0.18000000000000002,0.043286988176173075,0.00031692526351645434,0.0008312647061637923,0.00046348415748243,,-9.622929078856313e-06,False,9
HCC1419_BREAST,ACH-000277,breast,3,RANK_D20_R10,,,0.4164641170088494,0.947630915463008,0.2954428638840659,0.24012030224635925,0.05,0.03453734359619988,-2.812541752911235e-05,-6.399714662652656e-05,-0.0003172659087066765,,-0.0005713740043805093,False,9
HEC1B_ENDOMETRIUM,ACH-000941,uterus,4,RANK_D20_R10,,,0.2614488988354363,0.9071312819080989,0.4345236259155777,0.33885447277319153,0.19,0.08164627084425523,0.0010657572088041967,0.003697784566435991,-0.0014841803441398294,,-0.0002224821447575076,False,9
HEP3B217_LIVER,ACH-000625,liver,3,RANK_D20_R10,,,0.49829087063032906,0.9627336035351013,0.25891919899915133,0.20734383818232335,0.09,0.022513510737072695,-0.0010828626594719393,-0.0020921681125087854,-0.001696623855443391,,-0.001704416128475883,False,9
HS766T_PANCREAS,ACH-000178,pancreas,2,RANK_D20_R10,,,0.565228211712269,0.9036906984716886,0.4345783748097409,0.3677560678847603,0.08,0.1598372510798001,0.005235953536030347,0.008371278025572582,0.003360960719677286,,0.0034249392031650006,False,9
HS852T_SKIN,ACH-000274,skin,4,RANK_D20_R10,,,0.5622368443956717,0.9401133954155645,0.31929421199264957,0.2740472406656991,0.06,0.0886332805865936,0.0028227782079540686,0.004719953222626638,-0.0009156006326996868,,-0.001283854820860797,False,9
HUCCT1_BILIARY_TRACT,ACH-000976,bile_duct,3,RANK_D20_R10,,,0.354941433664718,0.8225454759813241,0.5874482455014807,0.4382222712879686,0.27,0.26979304947733657,0.008801348637905826,0.02039634941995072,0.0037305007377105293,,0.0037844814687603145,False,9
IGR1_SKIN,ACH-000882,skin,2,RANK_D20_R10,,,0.2934651352420743,0.8584206873978236,0.5115921910591006,0.3979246901619002,0.19,0.16752237046919896,0.002654777105812023,0.007765541164470258,-0.002728560322017015,,-0.0023383985195102874,False,9
IGROV1_OVARY,ACH-000966,ovary,4,RANK_D20_R10,,,0.21506869065072168,0.8739037456127677,0.49685881668710913,0.38701704325008696,0.2,0.09452345802301641,0.0010016464775245149,0.004070060620353644,-0.00163504056222738,,-0.0003652589574587861,False,9
ISTMES1_PLEURA,ACH-000569,mesothelioma,0,RANK_D20_R10,,,0.31006635563506435,0.891071824146038,0.4503245778392075,0.3778911457752823,0.16,0.06091616636656465,0.0005594884931951483,0.0016078636819496506,0.00013657384212745205,,0.0010701658228876587,False,9
J82_URINARY_TRACT,ACH-000396,urinary_tract,0,RANK_D20_R10,,,0.21832052612668795,0.8911817699254472,0.4680800054822207,0.35905941884765635,0.25,0.026944373394630964,-0.0006491011724944484,-0.0026496232032191536,-0.001315545992951861,,0.0016715172911817566,False,9
JHH5_LIVER,ACH-000734,liver,4,RANK_D20_R10,,,0.37010512483619595,0.8918729364672845,0.4312321784106873,0.33932493431154287,0.16999999999999998,0.03620340799543805,-0.0038868601516875434,-0.009366488450159971,-0.004232176026709444,,0.0004261849427555364,False,9
KNS42_CENTRAL_NERVOUS_SYSTEM,ACH-000622,central_nervous_system,3,RANK_D20_R10,,,0.2877049642845053,0.9583853552514509,0.32900627506390223,0.26986545843620335,0.12,0.11078781507992803,0.001568192567745097,0.00522386812086717,0.00039589266433726067,,0.00018350591702320784,False,9
KNS60_CENTRAL_NERVOUS_SYSTEM,ACH-000445,central_nervous_system,4,RANK_D20_R10,,,0.2788231425328454,0.9347091176405938,0.3846569480228636,0.29347111026047634,0.22999999999999998,0.11354031906726592,0.002205389449182027,0.007393208495438897,0.0006140882267243741,,-0.00024997925842140667,False,9
KNS81_CENTRAL_NERVOUS_SYSTEM,ACH-000479,central_nervous_system,0,RANK_D20_R10,,,0.34320386029524313,0.8926772666106375,0.4494323295923841,0.36003101018344,0.18,0.0925342468840362,0.0015059084782386711,0.003916885617089139,-0.00010654790297626171,,-0.0005006165891292547,False,9
KYSE270_OESOPHAGUS,ACH-000873,esophagus,3,RANK_D20_R10,,,0.25445444464204925,0.8831546868574439,0.4775662652316114,0.3746069679166855,0.22999999999999998,0.0006182894972962835,-0.002523800304392587,-0.008759548573231024,-0.0015634588133208727,,-0.00202450355873085,False,9
LI7_LIVER,ACH-000471,liver,1,RANK_D20_R10,,,0.4274184266872001,0.9692622957430088,0.26023151482961226,0.20929902543583528,0.11,0.013950555154864982,-0.001581843400200622,-0.0035871667430623644,-4.1579954200510194e-05,,-0.0002791078672593761,False,9
LK2_LUNG,ACH-000769,lung,3,RANK_D20_R10,,,0.3080959986147642,0.9650545133452233,0.2845238406069928,0.23246759001997475,0.15,0.10096067052164685,0.0014458647780656864,0.004528907665249715,0.0003814890555363659,,0.00045306356912527823,False,9
LMSU_STOMACH,ACH-000255,gastric,3,RANK_D20_R10,,,0.2403811985918797,0.8487278768545559,0.5221319282989431,0.40891556804824913,0.26,0.14722006977518506,0.002665778243189476,0.009412218267322192,-0.000955816096636003,,-0.000662765404407295,False,9
LN229_CENTRAL_NERVOUS_SYSTEM,ACH-000595,central_nervous_system,1,RANK_D20_R10,,,0.3132544804952526,0.8670812090627613,0.48792383302640735,0.3776907868795031,0.2,0.08491829131128095,0.0006872619061324414,0.0019023251752695591,-0.0008603086654528358,,-0.0009769674099059378,False,9
LNCAPCLONEFGC_PROSTATE,ACH-000977,prostate,4,RANK_D20_R10,,,0.2657490324576416,0.9872090401735697,0.2914107829150208,0.24301721500530626,0.16,0.1622557663797833,0.003319822302724096,0.01233253253534028,-0.00019573350599538797,,0.0020589713421804157,False,9
LOVO_LARGE_INTESTINE,ACH-000950,colorectal,0,RANK_D20_R10,,,0.29393657443338994,0.8463945254233033,0.5327637968080585,0.4057096226832059,0.22,0.11463153406262998,0.0019205991408044465,0.005530392403337969,-0.0038493400451299342,,-0.002033818721808245,False,9
LUDLU1_LUNG,ACH-000390,lung,2,RANK_D20_R10,,,0.3216683338939478,0.9323913942994506,0.3724349769421957,0.2852261008825921,0.19,0.047749601850979664,-0.0004025073358791542,-0.0011667122205440972,-0.00011749794939308611,,0.0001734390910986261,False,9
MALME3M_SKIN,ACH-000477,skin,0,RANK_D20_R10,,,0.602496739007095,0.9273722626516573,0.360920127055015,0.2743187124337061,0.09000000000000001,0.1243501288261191,0.0052253984090111505,0.008043013732832782,-0.0025289853827494824,,-0.003538315399894021,False,9
MDAMB435S_SKIN,ACH-000884,skin,1,RANK_D20_R10,,,0.27247391533386467,0.8853058099012553,0.48275588165797517,0.3716933218638307,0.19,0.04688938336365377,-0.002315966119473545,-0.0075248974148299785,-0.0007788312413958831,,-0.0009001228448818899,False,9
MDAMB468_BREAST,ACH-000849,breast,0,RANK_D20_R10,,,0.26044666048258214,0.9011678707711939,0.45693646175215125,0.3228725205901553,0.29,0.06934043398133025,0.000786308861125129,0.00272069636383776,0.0005925195031362684,,-0.00014439453042935924,False,9
MIAPACA2_PANCREAS,ACH-000601,pancreas,0,RANK_D20_R10,,,0.26308462965723994,0.7957766954050776,0.6275124403539715,0.4761354387749739,0.26,0.03601270923702432,-0.00039408144884328644,-0.0011920150313969868,-0.0015115676825324664,,0.0009249455032375731,False,9
MSTO211H_PLEURA,ACH-000335,mesothelioma,2,RANK_D20_R10,,,0.23712467864343992,0.808458899455355,0.5785987239859324,0.4428220500794183,0.25,0.04604812333213425,-0.0006417315831584447,-0.0021879359518126584,-0.0009806886754639144,,0.00035251531379057455,False,9
NCIH1048_LUNG,ACH-000866,lung,4,RANK_D20_R10,,,0.4069022388521295,0.9568967759256682,0.280449636145256,0.23976974545834,0.08,0.11940912529596871,0.002321983132005545,0.005460520883438402,0.0018176437691470038,,0.00022507211139777272,False,9
NCIH1299_LUNG,ACH-000510,lung,3,RANK_D20_R10,,,0.1777064909670397,0.8004261149442785,0.600893631925452,0.4565967263263097,0.4,0.15063032290106376,0.0026185026604651496,0.011794267615560128,-0.0003780179128921035,,-0.00016728668509100042,False,9
NCIH1355_LUNG,ACH-000666,lung,1,RANK_D20_R10,,,0.33284906104474604,0.881300291686845,0.4559711206486022,0.36492306636816885,0.12,-0.009033323502681736,-0.0015504989919370993,-0.004105329934130819,-0.00099651797503586,,0.0002383345593899855,False,9
NCIH1573_LUNG,ACH-000916,lung,4,RANK_D20_R10,,,0.37309079889750596,0.9344645340188599,0.34714578006045543,0.2856715130076329,0.13,0.036985962182566265,-6.049508816124982e-05,-0.0001515194546102272,-0.0009188012408094526,,-0.0005905713694637771,False,9
NCIH1581_LUNG,ACH-000015,lung,2,RANK_D20_R10,,,0.24574344587650143,0.8980185640822919,0.43397129479905966,0.36102076539201433,0.19,0.12122809003260991,0.0018193962556298238,0.006648607075358082,-0.0009643318887468388,,-0.00044592392017614446,False,9
NCIH1650_LUNG,ACH-000035,lung,4,RANK_D20_R10,,,0.3503682889278374,0.9330265083925027,0.3570592235246306,0.29677709629578297,0.16999999999999998,0.05239103086832846,0.0003737195063562848,0.0009952105174838577,0.0007002796180070048,,-1.0359554035110907e-05,False,9
NCIH1693_LUNG,ACH-000021,lung,3,RANK_D20_R10,,,0.24305196693618944,0.8366586981685599,0.5384122090777753,0.4352099703552183,0.32,0.021773155280254523,-0.0012760214198840047,-0.004392453323678103,0.0002629679894105563,,0.00041507178801036826,False,9
NCIH1793_LUNG,ACH-000888,lung,2,RANK_D20_R10,,,0.31974711445093695,0.9398866040376178,0.35364883709950606,0.28303983516580344,0.15000000000000002,0.05861269094781467,0.0004650861319085431,0.001367106082740266,-0.0002227266511907744,,-6.854467466194114e-05,False,9
NCIH1915_LUNG,ACH-000434,lung,2,RANK_D20_R10,,,0.34164885779233545,0.8693891699668271,0.4931106654285095,0.40088471165325185,0.19,0.10717300071977855,0.001934041996733804,0.004921530184782363,-0.0001556517068069252,,0.0004069139056257498,False,9
NCIH2126_LUNG,ACH-000785,lung,1,RANK_D20_R10,,,0.2852185094606113,0.9539091167290793,0.3402099273986033,0.25869591046563867,0.23,0.10968279983500834,0.001320526328148608,0.004416480913822629,0.003265467081466744,,0.0010595674435335267,False,9
NCIH2347_LUNG,ACH-000875,lung,0,RANK_D20_R10,,,0.4853640668187056,0.9131114076703506,0.4114820836392618,0.31705518784192344,0.1,0.14934643815910748,0.003054924900881495,0.005747204968951758,0.0009672898721750922,,-0.0004630571902720093,False,9
NCIH23_LUNG,ACH-000900,lung,0,RANK_D20_R10,,,0.2745276967051906,0.8940786715926096,0.44863906608756,0.3413101863358665,0.26,0.12861355963667612,0.00226464291764894,0.007375463225546719,-0.0005971543836902349,,-4.083097231100119e-05,False,9
NCIH2444_LUNG,ACH-000186,lung,2,RANK_D20_R10,,,0.3291215096785671,0.853755968561472,0.5344196104620742,0.40797372564272716,0.26,0.18884372904728017,0.003972052951262073,0.010303683639194983,-0.0012216727699542185,,-0.0014441288449702494,False,9
NCIH322_LUNG,ACH-000837,lung,4,RANK_D20_R10,,,0.3195008388250909,0.9126331277576696,0.4028970484962688,0.3268371747471713,0.19,0.03646278326975023,-7.60885824638291e-05,-0.0002173420303244189,-0.000733761063261007,,-0.00040334291390559107,False,9
NCIH522_LUNG,ACH-000343,lung,1,RANK_D20_R10,,,0.3250110729483506,0.9641927805376632,0.2794546494284251,0.2417280785827722,0.13,0.2164142653791718,0.00455774551710858,0.01352121724118105,-0.0007501268517228765,,0.00016992315964819982,False,9
NCIH838_LUNG,ACH-000416,lung,4,RANK_D20_R10,,,0.2099987831197615,0.8984434537323897,0.4691832031941566,0.3663599284566478,0.26,0.20071776718391776,0.004046200035768666,0.0173109666666732,0.0041977724362581015,,0.0005461620837400871,False,9
NCIH841_LUNG,ACH-000292,lung,1,RANK_D20_R10,,,0.23755152869597101,0.8978814959990571,0.44110896608355016,0.35925023832499975,0.25,0.19592099647743563,0.003981979438055672,0.015050821497574196,-0.0011026109653346217,,-0.00014096158511411883,False,9
NUGC3_STOMACH,ACH-000911,gastric,4,RANK_D20_R10,,,0.313064727858832,0.8749765866553512,0.4818752789148045,0.3883609723797001,0.18,0.08196281665063035,0.0010345511518952133,0.0028914405075164407,-0.0008380061465902977,,-0.0004528387847456128,False,9
OAW42_OVARY,ACH-000704,ovary,3,RANK_D20_R10,,,0.1780441244165291,0.8160735741045454,0.5737659850270976,0.42873902731138075,0.37,0.08611442200574111,0.0005724834851340566,0.002624004837903038,-0.0015049376180459872,,-0.0004678492874975737,False,9
OSRC2_KIDNEY,ACH-000159,kidney,4,RANK_D20_R10,,,0.30694947208006335,0.9142849418896661,0.406316968753028,0.34544875703348643,0.13,0.03762612790339486,1.3847771041575196e-05,4.1247207419048415e-05,0.000243784310147932,,0.0003329109183410339,False,9
PANC0403_PANCREAS,ACH-000235,pancreas,1,RANK_D20_R10,,,0.3754725905243413,0.863175729138457,0.4968864149083963,0.3853467647952433,0.21000000000000002,0.19470682286560662,0.006958180416870796,0.01599619414674691,0.00020709076107872093,,-0.0008264780963092022,False,9
PATU8988S_PANCREAS,ACH-000022,pancreas,3,RANK_D20_R10,,,0.33513620235537234,0.9023248965497334,0.4509082213472013,0.3411398053728803,0.24000000000000002,0.07846284395337064,-0.0004882954433164111,-0.0013146927496331395,-0.0037872284566471404,,-0.0028906095282344446,False,9
PC3_PROSTATE,ACH-000090,prostate,2,RANK_D20_R10,,,0.2744039983715277,1.0630436806806267,0.2052312902939339,0.17013418458013227,0.09,-0.1981394313722021,-0.004496742788204389,-0.01742042402084354,-0.002705737952529763,,-0.0030236846980379872,False,9
QGP1_PANCREAS,ACH-000347,pancreas,4,RANK_D20_R10,,,0.4940761975601125,0.9329873791507964,0.3330435655853463,0.2829559048293239,0.06999999999999999,0.02229502923118418,-0.0009920346510188804,-0.001873305805160208,0.002061007546971194,,0.000672044466915267,False,9
RCC10RGB_KIDNEY,ACH-000189,kidney,0,RANK_D20_R10,,,0.28325923168429007,0.8820053269417438,0.47637331618269785,0.35680800205567864,0.25,0.055925577701475396,0.0008711595075102108,0.002712594119779088,-0.0027987230282820463,,0.00017452498214520773,False,9
RH30_SOFT_TISSUE,ACH-000833,rhabdomyosarcoma,4,RANK_D20_R10,,,0.255413493905574,0.9659258516365429,0.3412038226967091,0.27469182747681115,0.15,0.1414441590209746,0.002319430375123166,0.00877164994747992,0.0015014480263316199,,0.0010140318584345165,False,9
SKMEL24_SKIN,ACH-000822,skin,3,RANK_D20_R10,,,0.386716752610417,0.8665487130553112,0.49079057454930786,0.37995504948444553,0.33,0.1982876527310665,0.00816448772363021,0.018294853486202634,-0.002010618747836368,,-0.0016061593222597703,False,9
SKUT1_SOFT_TISSUE,ACH-000939,soft_tissue,1,RANK_D20_R10,,,0.2777501082199902,0.916099855770987,0.41206187548053874,0.31390643490117975,0.22,0.071452839905276,0.0008282264558285846,0.0027317294009092663,-0.0023283987153454033,,-0.0005712277797771947,False,9
SNB75_CENTRAL_NERVOUS_SYSTEM,ACH-000504,central_nervous_system,4,RANK_D20_R10,,,0.3423292037145231,0.9527611411242803,0.325079033041942,0.2839256301297293,0.08,0.034806265729055305,-0.00033063889093892795,-0.0009202249869798562,0.0017784605276083276,,-0.00020516013654858778,False,9
SNU1041_UPPER_AERODIGESTIVE_TRACT,ACH-000618,upper_aerodigestive,2,RANK_D20_R10,,,0.3585157611680071,0.875673480854237,0.4786206950355362,0.3752579703065526,0.16,0.09816285429924387,0.0013094484115152571,0.0031983231219038233,-0.000941786685845214,,-0.00032828810468171765,False,9
SNU1105_CENTRAL_NERVOUS_SYSTEM,ACH-000368,central_nervous_system,2,RANK_D20_R10,,,0.3387105957516843,0.9164704369147864,0.39241640414035456,0.32477943012405214,0.13,0.061890352158776994,0.0004887098014190738,0.0013223326664377755,-0.0021359053269943695,,-0.002196241212315264,False,9
SNU1214_UPPER_AERODIGESTIVE_TRACT,ACH-000715,upper_aerodigestive,1,RANK_D20_R10,,,0.5724849454784455,0.9277309754757667,0.369865196607142,0.30645230535151224,0.08,0.09234060931081621,0.002414213809603716,0.003912314114598914,-0.0009536113769018639,,-1.0573207456898714e-05,False,9
SNU245_BILIARY_TRACT,ACH-000268,bile_duct,4,RANK_D20_R10,,,0.3532161590128902,0.9057600179732331,0.4058286225033182,0.3340523098428747,0.11000000000000001,0.07474210489557585,0.0008853118697439433,0.002270224831423806,-0.001362785770384345,,-0.0004325594408751132,False,9
SNU685_ENDOMETRIUM,ACH-000407,uterus,0,RANK_D20_R10,,,0.2923054993344531,0.9506411422291813,0.3345809432319034,0.23375418924734578,0.14,0.12203321747360141,0.0020551335373571455,0.006683741831183587,-0.00011644526834531099,,1.7350857815012777e-05,False,9
SW480_LARGE_INTESTINE,ACH-000842,colorectal,3,RANK_D20_R10,,,0.43971721395066043,0.9396118674436663,0.35904160238837723,0.25855653937251066,0.19,0.05968465844967898,0.0003896813518556308,0.0008326924921482348,0.0002483228498783574,,0.000231037794030442,False,9
SW48_LARGE_INTESTINE,ACH-000958,colorectal,2,RANK_D20_R10,,,0.42852776074551785,0.9534606261204176,0.2870835303960207,0.24986272172130056,0.08,0.028702560426291407,-0.0007460200424641572,-0.0016598708460539013,-0.000539295402771367,,-0.00025370044709316364,False,9
SW579_THYROID,ACH-000163,thyroid,2,RANK_D20_R10,,,0.39459549145798684,0.9260702121284486,0.37706791800046974,0.2963813916623194,0.13,0.04868420565628575,0.00041243215357394947,0.0009679308056399494,-0.001696632499619044,,-0.0011740277060373616,False,9
SW900_LUNG,ACH-000669,lung,3,RANK_D20_R10,,,0.37786984184305566,0.8603570618291844,0.5120073812461554,0.39567089814191453,0.16999999999999998,0.15184946558257387,0.003939009604898014,0.008968576887897206,0.0032648785092153076,,0.0031442914486660145,False,9
TE11_OESOPHAGUS,ACH-000488,esophagus,4,RANK_D20_R10,,,0.2953444774188396,0.9581406678737511,0.3753092837688588,0.27738098524621313,0.18,0.033941267544028444,-0.006516256020971611,-0.02113968729171789,-0.0013960979291115505,,-0.0003782958271314474,False,9
TE6_OESOPHAGUS,ACH-000605,esophagus,0,RANK_D20_R10,,,0.34821728518435907,0.9320461479772205,0.36338608568253633,0.28216701490828316,0.2,0.04441579446813531,-0.00014748067645464769,-0.0003947500662347947,0.0009885101567002064,,-0.00012441700416027102,False,9
TEN_ENDOMETRIUM,ACH-000397,uterus,1,RANK_D20_R10,,,0.3033092040401129,0.9365512238492,0.35764015348586814,0.2865042439887028,0.17,0.07856845570799365,0.0009244076405769963,0.0028543647722718557,-0.0002892798701890076,,-0.0001392259292851139,False,9
TUHR4TKB_KIDNEY,ACH-000495,kidney,1,RANK_D20_R10,,,0.3274234894241377,0.9326381716946841,0.3677367294858379,0.29541418449504586,0.12,0.07746876234983427,0.0011297275381982885,0.0032179335318656133,-0.0013436318745596032,,-0.0005157896460772915,False,9
UACC257_SKIN,ACH-000579,skin,0,RANK_D20_R10,,,0.3776304608780895,0.8515506649688959,0.5285472336296829,0.4129787045710231,0.1,0.17796934775978188,0.006233569965135688,0.014056600827693999,-0.003911197062413385,,-0.0028094585879417933,False,9
22RV1_PROSTATE,ACH-000956,prostate,1,RANK_D20_R30,,,0.41304371526284805,0.9624030315039922,0.2654638292026868,0.23938172520522452,0.05,0.0871238876516567,0.001535225391915418,0.003577116698848859,0.00023717886628304985,,0.00010207389182192994,False,10
42MGBA_CENTRAL_NERVOUS_SYSTEM,ACH-000323,central_nervous_system,2,RANK_D20_R30,,,0.21228681569795324,0.8868405190384219,0.49347668659079313,0.371798027124232,0.33,0.13469217443464193,0.0016995066270908687,0.0070997877768488316,-0.00023043261689595362,,-0.00018656716143644614,False,10
769P_KIDNEY,ACH-000411,kidney,3,RANK_D20_R30,,,0.26012279662942184,0.8889602838014921,0.46356345065445015,0.3342881221287572,0.37,0.10177850500328835,0.0008837509317507486,0.0030201869627681788,-0.00018933937509696408,,0.0007051364587883358,False,10
786O_KIDNEY,ACH-000649,kidney,2,RANK_D20_R30,,,0.18638155343709759,0.8751958197497298,0.5335394422230073,0.3899456120664623,0.35,0.2397266357109369,0.006843927602056071,0.032137176225493724,0.0014868308129549201,,0.0020143029060504247,False,10
8505C_THYROID,ACH-001307,thyroid,0,RANK_D20_R30,,,0.28520054671796885,0.848568119261874,0.5235593072364662,0.42160475301999994,0.24,0.12516238608941338,0.00226333277555113,0.00673418076758614,-0.0003058415866412645,,0.0004417329581960505,False,10
A2780_OVARY,ACH-000657,ovary,0,RANK_D20_R30,,,0.2738056740431912,0.8616068067285034,0.5064470033926863,0.40126659576042845,0.19,0.06819051963781175,-0.000589138927110322,-0.0018538918577228891,-0.0013082251242367282,,0.0003529885379947584,False,10
A375_SKIN,ACH-000219,skin,1,RANK_D20_R30,,,0.3843849806281522,0.8107345551753201,0.6392599229144633,0.4911929044733425,0.2,0.22605740597455168,0.007744270092811589,0.016334008052533378,-0.0012559568396537935,,-0.00027482452573057703,False,10
ACCMESO1_PLEURA,ACH-000086,mesothelioma,3,RANK_D20_R30,,,0.18929828553556477,0.8671290303712581,0.5245065761148259,0.3853546247669916,0.4,0.1583995782219361,0.002917988099220198,0.01336658799604562,0.0005677473391025312,,0.0005510649223376407,False,10
AGS_STOMACH,ACH-000880,gastric,0,RANK_D20_R30,,,0.28370132541975934,0.8786888638236121,0.47293685827597104,0.3654276292383516,0.22,0.08351795669939778,0.00022803853755692938,0.0007062882881404553,-0.0004496551308786345,,-0.0001461535034026351,False,10
BEN_LUNG,ACH-000603,lung,0,RANK_D20_R30,,,0.2785154033224897,1.025467110297874,0.2706830220710474,0.19978986011969324,0.21000000000000002,0.04200486746477211,-0.007791356347952305,-0.028687029816388265,-0.0028887906379624906,,-0.0003098715728481194,False,10
CAL120_BREAST,ACH-000212,breast,1,RANK_D20_R30,,,0.22248628042871302,0.8949152765658599,0.47039561107893424,0.36753783052320055,0.26,0.07768503325953169,-0.00010851541133774512,-0.0004364857876263395,-0.002631879259314518,,-0.00015209039089172927,False,10
CAL62_THYROID,ACH-000174,thyroid,3,RANK_D20_R30,,,0.23883891688167858,0.776447834499302,0.6437240200742848,0.49905898635306895,0.27,0.13421082918361268,0.0024956491075211196,0.008113172553721015,0.0009748157993664242,,0.0017272946347044182,False,10
CAOV3_OVARY,ACH-000713,ovary,2,RANK_D20_R30,,,0.2967769332251638,0.9061229168975292,0.43486417832071816,0.3374802310739891,0.23,0.0023853907912302556,-0.002501235775115962,-0.007636803277689341,-0.0018222705180219179,,-0.001330876234007794,False,10
CJM_SKIN,ACH-000458,skin,3,RANK_D20_R30,,,0.43356322421145616,0.8938180595581643,0.43573148481785456,0.34729902398656204,0.13,0.14512934438696246,0.004855198761790469,0.010009299898360857,0.0014612072348106353,,0.0016188571413504604,False,10
COLO668_LUNG,ACH-000803,lung,1,RANK_D20_R30,,,0.42280573517409803,0.9750886142096155,0.23423596777953068,0.2122735894856265,0.09,0.05794493514444708,-0.001609111124689755,-0.0037109854624771677,-0.0023464246396639465,,-0.0006454119213040177,False,10
COLO680N_OESOPHAGUS,ACH-000717,esophagus,2,RANK_D20_R30,,,0.2749104442968189,0.8848517527270168,0.4812101122679838,0.36211013434082095,0.25,0.0691473557768861,-0.0004964355398749953,-0.0015978725679119954,-0.0010157020407925987,,-0.00012447379255459134,False,10
COV434_OVARY,ACH-000123,ovary,1,RANK_D20_R30,,,0.3441815740404888,0.9722145136859384,0.25563350883363545,0.21691191238537977,0.06999999999999999,0.12071798282781707,0.00248740977541162,0.007026221237674379,-0.0013247083147603367,,-0.00014631200038861536,False,10
DMS273_LUNG,ACH-000749,lung,0,RANK_D20_R30,,,0.20953049756918257,0.9227254512416307,0.4125637480958496,0.3191713445122038,0.32,0.2466162528214703,0.006392364974779907,0.028150545740519006,0.0008854242190143302,,-0.00034647482892508075,False,10
EFM192A_BREAST,ACH-000117,breast,4,RANK_D20_R30,,,0.3761956556291311,0.9527459553748264,0.29947362148943774,0.24637822966927792,0.13,0.07842501962478383,-0.00011624588530878555,-0.000294402116025716,0.0006518184969502294,,-6.084770997061284e-05,False,10
G401_SOFT_TISSUE,ACH-000096,rhabdoid,2,RANK_D20_R30,,,0.2911403372851513,0.913212575739941,0.39931255345920447,0.35696551476057964,0.11000000000000001,0.07658215063340347,0.0002932908929478284,0.0009199581696150982,-0.0012159382121129103,,-0.00017647895799849378,False,10
GCIY_STOMACH,ACH-000047,gastric,1,RANK_D20_R30,,,0.20963792829875763,0.8416769438928029,0.5404852489270426,0.4248645163466036,0.28,0.10664105057942434,0.0013793741969408135,0.005538060159186342,-0.0005932652940119354,,0.00017368354462377056,False,10
GP2D_LARGE_INTESTINE,ACH-000982,colorectal,1,RANK_D20_R30,,,0.26165620538985074,0.917041068441447,0.41658004516163327,0.33306475200578345,0.16999999999999998,0.1012695686190991,0.0004352308602164623,0.0015253778234569637,0.0014221006089540356,,0.00028715403302165265,False,10
HCC1143_BREAST,ACH-000374,breast,2,RANK_D20_R30,,,0.3005796873767999,0.9184066425911077,0.4220769260237791,0.32473037864316123,0.22000000000000003,0.03543515222994784,-9.89700204321875e-05,-0.0003023980927505665,0.0004514331552891715,,0.0007033066211390993,False,10
HCC1195_LUNG,ACH-000868,lung,0,RANK_D20_R30,,,0.34350294201461135,0.9009754192264495,0.43954387982090976,0.33912825146342557,0.18000000000000002,0.04512121630571216,-2.5818055311932486e-05,-6.77182939740062e-05,0.00012074083865404317,,-0.00035236624790724314,False,10
HCC1419_BREAST,ACH-000277,breast,3,RANK_D20_R30,,,0.41683041214406397,0.9484643908577337,0.29497238001908804,0.23818417077149173,0.05,0.05438008345860268,-0.0003944205527436906,-0.0008974725413521956,-0.0006835610439212547,,-0.0009376691395950876,False,10
HEC1B_ENDOMETRIUM,ACH-000941,uterus,4,RANK_D20_R30,,,0.2608843239904309,0.9051724153564933,0.439156387965077,0.34078928718012247,0.2,0.10533087710646383,0.0016303320538096355,0.005656651118041589,-0.0009196054991343905,,0.00034209270024793126,False,10
HEP3B217_LIVER,ACH-000625,liver,3,RANK_D20_R30,,,0.4979815916339718,0.9621360543922,0.2622119209562885,0.20462983836637041,0.08,0.046572223928270026,-0.0007735836631146964,-0.001494618969607453,-0.0013873448590861481,,-0.00139513713211864,False,10
HS766T_PANCREAS,ACH-000178,pancreas,2,RANK_D20_R30,,,0.5644930969002149,0.9025153919243568,0.435434831613281,0.36646326318513056,0.08,0.1577537532346118,0.005971068348084474,0.00954658457290436,0.0040960755317314135,,0.004160054015219128,False,10
HS852T_SKIN,ACH-000274,skin,4,RANK_D20_R30,,,0.5610919773626192,0.9381990690165196,0.32489986550189703,0.27986648776920797,0.06,0.10859704902209596,0.003967645241006568,0.006634279621671513,0.0002292664003528122,,-0.0001389877878082979,False,10
HUCCT1_BILIARY_TRACT,ACH-000976,bile_duct,3,RANK_D20_R30,,,0.35408273886714753,0.820555526502342,0.5902419320881718,0.43784142986413305,0.27,0.26741960988395597,0.009660043435476273,0.022386298898932844,0.004589195535280977,,0.004643176266330762,False,10
IGR1_SKIN,ACH-000882,skin,2,RANK_D20_R30,,,0.2913763676503129,0.8523107918885834,0.5208917504464288,0.4034839862472699,0.2,0.197861545279742,0.004743544697573432,0.013875436673710495,-0.0006397927302556061,,-0.0002496309277488784,False,10
IGROV1_OVARY,ACH-000966,ovary,4,RANK_D20_R30,,,0.2148845951859038,0.8731556975553406,0.4994254172732144,0.3868935920547103,0.2,0.10308475468149637,0.0011857419423423887,0.004818108677780764,-0.0014509450974095062,,-0.00018116349264091225,False,10
ISTMES1_PLEURA,ACH-000569,mesothelioma,0,RANK_D20_R30,,,0.31089641260481043,0.8934572502483376,0.44514541073026126,0.37216268611918585,0.15,0.05073016086289674,-0.0002705684765509364,-0.0007775624203498754,-0.0006934831276186326,,0.00024010885314157404,False,10
J82_URINARY_TRACT,ACH-000396,urinary_tract,0,RANK_D20_R30,,,0.2184079009366461,0.8915384328520481,0.46919576150334824,0.3577489484082367,0.25,0.049076787330050275,-0.0007364759824526057,-0.0030062861298201238,-0.0014029208029100182,,0.0015841424812235994,False,10
JHH5_LIVER,ACH-000734,liver,4,RANK_D20_R30,,,0.370128733170994,0.8919298274246598,0.4310715830034482,0.34390905677867595,0.16999999999999998,0.05455812175300293,-0.003910468486485574,-0.009423379407535237,-0.004255784361507475,,0.0004025766079575055,False,10
KNS42_CENTRAL_NERVOUS_SYSTEM,ACH-000622,central_nervous_system,3,RANK_D20_R30,,,0.2902945290555352,0.9670115566074202,0.3201781681319271,0.26192091298508435,0.12,0.05960484419747836,-0.0010213722032847983,-0.003402333235102195,-0.0021936721066926346,,-0.0024060588540066874,False,10
KNS60_CENTRAL_NERVOUS_SYSTEM,ACH-000445,central_nervous_system,4,RANK_D20_R30,,,0.2787699253504445,0.9345307157147227,0.38758115967666096,0.2931057706243328,0.24,0.11646825222418526,0.002258606631582949,0.007571610421310049,0.0006673054091252961,,-0.00019676207602048468,False,10
KNS81_CENTRAL_NERVOUS_SYSTEM,ACH-000479,central_nervous_system,0,RANK_D20_R30,,,0.34291617729276824,0.8919289997465099,0.45047044863322233,0.3597644601760648,0.18,0.10004696809371968,0.0017935914807135633,0.004665152481216794,0.0001811350994986305,,-0.00021293358665436246,False,10
KYSE270_OESOPHAGUS,ACH-000873,esophagus,3,RANK_D20_R30,,,0.2555813789730168,0.8870660248479224,0.47485197984553695,0.3675565862679528,0.25,0.024478103359193624,-0.003650734635360142,-0.012670886563709516,-0.0026903931442884277,,-0.003151437889698405,False,10
LI7_LIVER,ACH-000471,liver,1,RANK_D20_R30,,,0.4272833539491485,0.9689559895474831,0.2613344391015251,0.2079477099782759,0.11,0.03449485636915721,-0.001446770662149044,-0.0032808605475366237,9.349278385106796e-05,,-0.00014403512920779793,False,10
LK2_LUNG,ACH-000769,lung,3,RANK_D20_R30,,,0.3102744613264739,0.9718781503984211,0.27545950384405404,0.22427736747679683,0.15,0.06702232052089616,-0.000732597933643997,-0.002294729387948058,-0.0017969736561733174,,-0.001725399142584405,False,10
LMSU_STOMACH,ACH-000255,gastric,3,RANK_D20_R30,,,0.2386553926734571,0.8426344735368834,0.5318641962618679,0.41376013015316193,0.29000000000000004,0.18773741568477717,0.004391584161612089,0.015505621584994689,0.0007699898217866097,,0.0010630405140153176,False,10
LN229_CENTRAL_NERVOUS_SYSTEM,ACH-000595,central_nervous_system,1,RANK_D20_R30,,,0.31241281136696086,0.8647514882420528,0.49203592959002335,0.37658252793673985,0.21000000000000002,0.11093646052110544,0.0015289310344241969,0.00423204599597804,-1.8639537161080355e-05,,-0.00013529828161418234,False,10
LNCAPCLONEFGC_PROSTATE,ACH-000977,prostate,4,RANK_D20_R30,,,0.2686417234034024,0.9979548578560423,0.2814981447805223,0.23796125639135926,0.16999999999999998,0.12902717291202861,0.00042713135696326177,0.0015867148528676545,-0.003088424451756222,,-0.0008337196035804184,False,10
LOVO_LARGE_INTESTINE,ACH-000950,colorectal,0,RANK_D20_R30,,,0.2919330739664163,0.8406254174781681,0.5425201089008026,0.4145803455594791,0.26,0.16273988883718427,0.003924099607778064,0.011299500348473157,-0.0018458395781563164,,-3.0318254834627023e-05,False,10
LUDLU1_LUNG,ACH-000390,lung,2,RANK_D20_R30,,,0.32186789332694976,0.9329698394815731,0.37326245505902533,0.2860002953479243,0.2,0.06763713681076557,-0.0006020667688811376,-0.001745157402666564,-0.00031705738239506953,,-2.6120341903357325e-05,False,10
MALME3M_SKIN,ACH-000477,skin,0,RANK_D20_R30,,,0.5995352041650831,0.9228138225978831,0.37367549409289186,0.2878785669126655,0.11000000000000001,0.1604465416528084,0.008186933251023043,0.012601453786606931,0.0004325494592624102,,-0.0005767805578821283,False,10
MDAMB435S_SKIN,ACH-000884,skin,1,RANK_D20_R30,,,0.27145764875218037,0.8820038178258994,0.4882682262509713,0.37623192887507784,0.2,0.07983252595711089,-0.001299699537789245,-0.0042229053394741145,0.00023743534028841662,,0.00011614373680240986,False,10
MDAMB468_BREAST,ACH-000849,breast,0,RANK_D20_R30,,,0.2605182489247559,0.9014155729451669,0.45700953400434546,0.32071075953377565,0.3,0.07683297413985839,0.0007147204189513756,0.0024729941898646857,0.0005209310609625151,,-0.0002159829726031126,False,10
MIAPACA2_PANCREAS,ACH-000601,pancreas,0,RANK_D20_R30,,,0.2630401378041574,0.7956421167340827,0.6274845215632933,0.4757379322068542,0.22000000000000003,0.0671793668754802,-0.00034958959576075754,-0.0010574363604021197,-0.0014670758294499375,,0.000969437356320102,False,10
MSTO211H_PLEURA,ACH-000335,mesothelioma,2,RANK_D20_R30,,,0.23572142584276165,0.8036746137311354,0.585474558072036,0.4467890788748319,0.26,0.10617385525347027,0.0007615212175198227,0.0025963497724069695,0.00042256412521435305,,0.001755768114468842,False,10
NCIH1048_LUNG,ACH-000866,lung,4,RANK_D20_R30,,,0.40726067553508655,0.957739698066531,0.27890910629186705,0.23968773818005365,0.09,0.10070175880559155,0.0019635464490485033,0.004617598742575613,0.001459207086189962,,-0.00013336457155926906,False,10
NCIH1299_LUNG,ACH-000510,lung,3,RANK_D20_R30,,,0.1780988857730921,0.8021935408183908,0.5997825512929688,0.4559172979490351,0.4,0.15055114723837534,0.00222610785441274,0.010026841741447856,-0.0007704127189445131,,-0.00055968149114341,False,10
NCIH1355_LUNG,ACH-000666,lung,1,RANK_D20_R30,,,0.33334210492222033,0.8826057474140404,0.45248441960407926,0.36092756207653487,0.14,0.014096468986531701,-0.0020435428694113855,-0.005410785661326245,-0.0014895618525101462,,-0.00025470931808430075,False,10
NCIH1573_LUNG,ACH-000916,lung,4,RANK_D20_R30,,,0.3723174467327427,0.9325275519962168,0.35218889937186826,0.2883049593679142,0.14,0.07065202178202612,0.0007128570766020137,0.001785462568032803,-0.00014544907604618906,,0.00018278079529948643,False,10
NCIH1581_LUNG,ACH-000015,lung,2,RANK_D20_R30,,,0.24530399572956593,0.8964126844685784,0.4380545832179835,0.3647505445108523,0.19,0.1406233079303155,0.002258846402565323,0.008254486689071583,-0.0005248817418113394,,-6.47377324064502e-06,False,10
NCIH1650_LUNG,ACH-000035,lung,4,RANK_D20_R30,,,0.35039911912366534,0.9331086088304574,0.3570071776432242,0.295925139351789,0.16999999999999998,0.06106733237052872,0.00034288931052833815,0.0009131100795291003,0.0006694494221790581,,-4.118974986305757e-05,False,10
NCIH1693_LUNG,ACH-000021,lung,3,RANK_D20_R30,,,0.2429751204189735,0.836394169113876,0.538770806569366,0.43363730317816096,0.35,0.05913000525162929,-0.0011991749026680765,-0.004127924268994221,0.0003398145066264846,,0.0004919183052262965,False,10
NCIH1793_LUNG,ACH-000888,lung,2,RANK_D20_R30,,,0.3199361725186309,0.9404423342918717,0.35387494317800033,0.2795684433575963,0.14,0.06565699087526922,0.00027602806421461734,0.0008113758284863382,-0.00041178471888470014,,-0.0002576027423558669,False,10
NCIH1915_LUNG,ACH-000434,lung,2,RANK_D20_R30,,,0.34173992394290953,0.869620904753155,0.49241941063710865,0.39902872691528235,0.16999999999999998,0.1044170683272907,0.0018429758461597223,0.004689795398454488,-0.00024671785738100693,,0.00031584775505166807,False,10
NCIH2126_LUNG,ACH-000785,lung,1,RANK_D20_R30,,,0.2869059651711487,0.9595527875742931,0.33829212228762245,0.2501055093225857,0.25,0.06566972253776222,-0.0003669293823888031,-0.0012271899313911483,0.001578011370929333,,-0.0006278882670038843,False,10
NCIH2347_LUNG,ACH-000875,lung,0,RANK_D20_R30,,,0.4852922879640379,0.9129763707042724,0.41042325358300463,0.316485713644112,0.11,0.12481987520248111,0.0031267037555491872,0.005882241935029953,0.0010390687268427845,,-0.000391278335604317,False,10
NCIH23_LUNG,ACH-000900,lung,0,RANK_D20_R30,,,0.27399058040183144,0.8923293973417357,0.45260694148723585,0.3409389216690516,0.26,0.13799944041719966,0.0028017592210081155,0.009124737476420619,-6.003808033105962e-05,,0.0004962853310481741,False,10
NCIH2444_LUNG,ACH-000186,lung,2,RANK_D20_R30,,,0.32867010883011194,0.8525850144996766,0.5341155563757487,0.40597733863265545,0.26,0.16798627252430895,0.0044234537997172585,0.011474637700990331,-0.0007702719214990328,,-0.0009927279965150637,False,10
NCIH322_LUNG,ACH-000837,lung,4,RANK_D20_R30,,,0.31919011651238904,0.9117455699122881,0.4049047489504267,0.32779006724078324,0.18,0.0714201720634791,0.0002346337302380208,0.0006702158150571069,-0.0004230387505591571,,-9.262060120374116e-05,False,10
NCIH522_LUNG,ACH-000343,lung,1,RANK_D20_R30,,,0.325003502468161,0.9641703216033329,0.28099568844153416,0.24331682031016136,0.14,0.18746585766334456,0.004565315997298147,0.013543676175511332,-0.0007425563715333094,,0.0001774936398377669,False,10
NCIH838_LUNG,ACH-000416,lung,4,RANK_D20_R30,,,0.21146571289792715,0.9047194589391742,0.46443129387373727,0.36017277103550416,0.24,0.15006182894714246,0.002579270257603017,0.011034961459888692,0.0027308426580924527,,-0.0009207676944255616,False,10
NCIH841_LUNG,ACH-000292,lung,1,RANK_D20_R30,,,0.2372195762393977,0.89662680414359,0.4451472614899377,0.3630562769249801,0.25,0.18982551705094688,0.004313931894628975,0.016305513353041312,-0.0007706585087613183,,0.00019099087145918459,False,10
NUGC3_STOMACH,ACH-000911,gastric,4,RANK_D20_R30,,,0.3121731287707738,0.872484679208384,0.48619133372442597,0.38862317776400457,0.18,0.10927009090183203,0.0019261502399534058,0.005383347954483586,5.359294146789484e-05,,0.00043876030331257976,False,10
OAW42_OVARY,ACH-000704,ovary,3,RANK_D20_R30,,,0.1779325648645234,0.8155622356785843,0.5754235509634458,0.4279933703002593,0.37,0.11677620022745071,0.000684043037139731,0.00313534326386411,-0.0013933780660403128,,-0.00035628973549189924,False,10
OSRC2_KIDNEY,ACH-000159,kidney,4,RANK_D20_R30,,,0.3082288694011879,0.9180957766093721,0.4013932829857609,0.335557212104171,0.15000000000000002,0.04880065255759013,-0.0012655495500829561,-0.0037695875122869538,-0.0010356130109765993,,-0.0009464864027834974,False,10
PANC0403_PANCREAS,ACH-000235,pancreas,1,RANK_D20_R30,,,0.3742138511501124,0.8602820071876003,0.5019286403765341,0.3834117930209773,0.21000000000000002,0.21029684110925329,0.008216919791099675,0.0188899160976036,0.0014658301353075998,,0.0004322612779196766,False,10
PATU8988S_PANCREAS,ACH-000022,pancreas,3,RANK_D20_R30,,,0.33272240223707583,0.8958259509666355,0.46401625971706206,0.3454824680965471,0.26,0.13993433135235075,0.0019255046749800941,0.0051842528334646865,-0.0013734283383506352,,-0.0004768094099379394,False,10
PC3_PROSTATE,ACH-000090,prostate,2,RANK_D20_R30,,,0.2753886278953607,1.0668581447530676,0.20413919801022332,0.169178259876005,0.1,-0.1520699964706247,-0.005481372312037436,-0.021234888093284443,-0.0036903674763628103,,-0.004008314221871034,False,10
QGP1_PANCREAS,ACH-000347,pancreas,4,RANK_D20_R30,,,0.4950679251669383,0.9348601051499301,0.323316671305452,0.27288362253802334,0.08,0.023511995939477812,-0.00198376225784469,-0.0037460318042938923,0.0010692799401453845,,-0.00031968313991054265,False,10
RCC10RGB_KIDNEY,ACH-000189,kidney,0,RANK_D20_R30,,,0.28189269470758416,0.8777502391701973,0.483846480654476,0.3576439675977707,0.27,0.10841279857306646,0.002237696484216123,0.006967681891325572,-0.0014321860515761342,,0.0015410619588511199,False,10
RH30_SOFT_TISSUE,ACH-000833,rhabdomyosarcoma,4,RANK_D20_R30,,,0.2565134144473844,0.9700855444931525,0.33759426160791867,0.2712398748720978,0.16,0.09676580942916344,0.0012195098333127596,0.004611957090870256,0.00040152748452121356,,-8.588868337588984e-05,False,10
SKMEL24_SKIN,ACH-000822,skin,3,RANK_D20_R30,,,0.3854240168029819,0.8636519713375249,0.49614084496998206,0.37853589028910123,0.31,0.2137690910297589,0.009457223531065317,0.021191595203988944,-0.0007178829404012599,,-0.00031342351482466224,False,10
SKUT1_SOFT_TISSUE,ACH-000939,soft_tissue,1,RANK_D20_R30,,,0.2773470620179031,0.914770493309286,0.41528562030587984,0.31920336351377443,0.21,0.09132189521614155,0.0012312726579156719,0.004061091862610278,-0.001925352513258316,,-0.00016818157769010744,False,10
SNB75_CENTRAL_NERVOUS_SYSTEM,ACH-000504,central_nervous_system,4,RANK_D20_R30,,,0.3422113143455209,0.9524330347035654,0.3287876414323895,0.28414928845005377,0.09000000000000001,0.06357935599092288,-0.00021274952193672814,-0.0005921185662649542,0.0018963498966105274,,-8.727076754638796e-05,False,10
SNU1041_UPPER_AERODIGESTIVE_TRACT,ACH-000618,upper_aerodigestive,2,RANK_D20_R30,,,0.35802824110993287,0.8744827148336601,0.48080545664178986,0.3763284487042326,0.16,0.11070202532631652,0.0017969684695894883,0.004389089142480707,-0.0004542666277709828,,0.0001592319533925135,False,10
SNU1105_CENTRAL_NERVOUS_SYSTEM,ACH-000368,central_nervous_system,2,RANK_D20_R30,,,0.3365551551771658,0.9106383265826932,0.40584600873161497,0.33276753541325765,0.13,0.12550868925342992,0.0026441503759375706,0.007154442998530963,1.9535247524127275e-05,,-4.080063779676735e-05,False,10
SNU1214_UPPER_AERODIGESTIVE_TRACT,ACH-000715,upper_aerodigestive,1,RANK_D20_R30,,,0.5720553545406162,0.9270348090124286,0.37007245375065617,0.30543160798156116,0.07,0.09911637338078783,0.002843804747433065,0.004608480577936946,-0.0005240204390725145,,0.0004190177303724507,False,10
SNU245_BILIARY_TRACT,ACH-000268,bile_duct,4,RANK_D20_R30,,,0.35255971138044706,0.9040766747733585,0.4108223067491569,0.33694196203292337,0.13,0.10559101581595653,0.0015417595021871011,0.003953568031298427,-0.000706338137941187,,0.00022388819156804463,False,10
SNU685_ENDOMETRIUM,ACH-000407,uterus,0,RANK_D20_R30,,,0.29260254674680114,0.9516072051052261,0.33436048786459266,0.23120926745735176,0.15,0.10769464731321217,0.0017580861250091062,0.00571767895513875,-0.0004134926806933503,,-0.00027969655453302655,False,10
SW480_LARGE_INTESTINE,ACH-000842,colorectal,3,RANK_D20_R30,,,0.4394523040694167,0.9390457934753917,0.3595233429015026,0.2595816950466099,0.2,0.0667005847915986,0.0006545912330993553,0.0013987664604228067,0.0005132327311220819,,0.0004959476752741665,False,10
SW48_LARGE_INTESTINE,ACH-000958,colorectal,2,RANK_D20_R30,,,0.4283821067316261,0.9531365505761855,0.2899181041692153,0.25338309577188717,0.09,0.05119844604813552,-0.0006003660285723855,-0.0013357953018218183,-0.0003936413888795953,,-0.00010804643320139196,False,10
SW579_THYROID,ACH-000163,thyroid,2,RANK_D20_R30,,,0.39342807364886906,0.923330416865868,0.3836920414939896,0.3033692292314626,0.13,0.08919202376895768,0.0015798499626917262,0.0037077260682205626,-0.0005292146905012673,,-6.609896919584912e-06,False,10
SW900_LUNG,ACH-000669,lung,3,RANK_D20_R30,,,0.37767986941066106,0.8599245210289809,0.5112937117500586,0.39304180706298153,0.2,0.14906297847782324,0.004128982037292617,0.009401117688100702,0.0034548509416099105,,0.0033342638810606173,False,10
TE11_OESOPHAGUS,ACH-000488,esophagus,4,RANK_D20_R30,,,0.29526294694888355,0.9578761711084196,0.37823827921195347,0.2783255874892172,0.19,0.05823841625532551,-0.006434725551015541,-0.020875190526386422,-0.0013145674591554801,,-0.000296765357175377,False,10
TE6_OESOPHAGUS,ACH-000605,esophagus,0,RANK_D20_R30,,,0.34837608670661446,0.9324711996716897,0.36311407949541474,0.2796679565302461,0.19,0.05281710441770645,-0.0003062821987100395,-0.0008198017607039532,0.0008297086344448146,,-0.0002832185264156628,False,10
TEN_ENDOMETRIUM,ACH-000397,uterus,1,RANK_D20_R30,,,0.30312351893062334,0.9359778696145554,0.3595180482862815,0.28905108923185363,0.16,0.08708704855863554,0.0011100927500665714,0.0034277190069164076,-0.00010359476069943252,,4.645918020446116e-05,False,10
TUHR4TKB_KIDNEY,ACH-000495,kidney,1,RANK_D20_R30,,,0.326705770864007,0.9305938109590236,0.37187546121192266,0.2989247680630272,0.13,0.10291419690109929,0.0018474460983289864,0.005262294267526113,-0.0006259133144289053,,0.0002019289140534064,False,10
UACC257_SKIN,ACH-000579,skin,0,RANK_D20_R30,,,0.37449547812939527,0.8444813288827415,0.5400990466985287,0.41775835417711676,0.13,0.21908504677520063,0.009368552713829914,0.021125936913848342,-0.0007762143137191591,,0.00032552416075243285,False,10
22RV1_PROSTATE,ACH-000956,prostate,1,RANK_D20_R40,,,0.41286556939475694,0.9619879468115845,0.2661463284063115,0.23760392615194612,0.05,0.09156287590396509,0.0017133712600065354,0.003992201391256556,0.0004153247343741673,,0.00028021975991304737,False,11
42MGBA_CENTRAL_NERVOUS_SYSTEM,ACH-000323,central_nervous_system,2,RANK_D20_R40,,,0.21224724908005632,0.8866752271909892,0.4944898166388133,0.37288686706471236,0.32,0.1376257341539602,0.0017390732449877877,0.0072650796242814675,-0.00019086599899903467,,-0.00014700054353952718,False,11
769P_KIDNEY,ACH-000411,kidney,3,RANK_D20_R40,,,0.26016182762339707,0.8890936708168974,0.46378466471826785,0.3335001457487327,0.35,0.10637309698104261,0.0008447199377755177,0.0028867999473628503,-0.000228370369072195,,0.0006661054648131048,False,11
786O_KIDNEY,ACH-000649,kidney,2,RANK_D20_R40,,,0.1874006503571853,0.8799812148059075,0.5317609370856606,0.3825181422075965,0.39,0.22415998817978666,0.005824830681968346,0.027351781169316025,0.0004677338928671948,,0.0009952059859626994,False,11
8505C_THYROID,ACH-001307,thyroid,0,RANK_D20_R40,,,0.2850661948770779,0.8481683770795531,0.5242580560779564,0.42146148399608424,0.24,0.12887002106600173,0.002397684616442075,0.007133922949907112,-0.0001714897457503195,,0.0005760847990869955,False,11
A2780_OVARY,ACH-000657,ovary,0,RANK_D20_R40,,,0.2733984306602996,0.8603253005218818,0.5088577616974675,0.40223700153312314,0.19,0.08091131664494788,-0.00018189554421871312,-0.0005723856511012926,-0.0009009817413451193,,0.0007602319208863673,False,11
A375_SKIN,ACH-000219,skin,1,RANK_D20_R40,,,0.38480085923164636,0.8116117152403669,0.6372474869435781,0.49018175076925685,0.2,0.21454163223236716,0.00732839148931741,0.015456847987486588,-0.0016718354431479732,,-0.0006907031292247567,False,11
ACCMESO1_PLEURA,ACH-000086,mesothelioma,3,RANK_D20_R40,,,0.18965531835352095,0.8687645101663823,0.5229277806991747,0.3851462917297748,0.4,0.15008328748003733,0.0025609552812640157,0.01173110820092138,0.00021071452114634903,,0.00019403210438145857,False,11
AGS_STOMACH,ACH-000880,gastric,0,RANK_D20_R40,,,0.2834554501425738,0.8779273310121851,0.47440950019772393,0.3667074412612199,0.22,0.09030535080172213,0.00047391381474248817,0.0014678210995674457,-0.00020377985369307572,,9.972177378292368e-05,False,11
BEN_LUNG,ACH-000603,lung,0,RANK_D20_R40,,,0.2787139999709776,1.0261983241869814,0.26957557025866646,0.19988620597797394,0.21000000000000002,0.04146745868812566,-0.00798995299644023,-0.029418243705495617,-0.003087387286450416,,-0.0005084682213360447,False,11
CAL120_BREAST,ACH-000212,breast,1,RANK_D20_R40,,,0.2225945744095287,0.8953508716848279,0.47143775756822404,0.3682962249154242,0.29,0.08480368118847241,-0.0002168093921534331,-0.0008720809065942969,-0.002740173240130206,,-0.00026038437170741724,False,11
CAL62_THYROID,ACH-000174,thyroid,3,RANK_D20_R40,,,0.23893587706031733,0.7767630449420542,0.6430009288185666,0.4977484702608971,0.27,0.1296736139465267,0.00239868892888237,0.007797962110968837,0.0008778556207276744,,0.0016303344560656685,False,11
CAOV3_OVARY,ACH-000713,ovary,2,RANK_D20_R40,,,0.2969649705112929,0.9066970346105913,0.4338629043671305,0.33605154759189115,0.24000000000000002,0.0019720116487676243,-0.0026892730612450566,-0.00821092099075138,-0.0020103078041510125,,-0.0015189135201368886,False,11
CJM_SKIN,ACH-000458,skin,3,RANK_D20_R40,,,0.4337285286100334,0.8941588450503875,0.4348927640113706,0.3467584132969026,0.13,0.1429784142162599,0.0046898943632132095,0.009668514406137696,0.0012959028362333758,,0.001453552742773201,False,11
COLO668_LUNG,ACH-000803,lung,1,RANK_D20_R40,,,0.42295847185870844,0.9754408606191264,0.23319439411445178,0.2115727738219603,0.09,0.05759597283678826,-0.0017618478093001655,-0.004063231871988093,-0.002499161324274357,,-0.0007981486059144283,False,11
COLO680N_OESOPHAGUS,ACH-000717,esophagus,2,RANK_D20_R40,,,0.27464880227311994,0.8840096079192804,0.48272122362677866,0.36240660014686554,0.26,0.07717284390189522,-0.00023479351617605726,-0.0007557277601756285,-0.0007540600170936607,,0.00013716823114434673,False,11
COV434_OVARY,ACH-000123,ovary,1,RANK_D20_R40,,,0.3442792620002485,0.9724904542343408,0.2567486647792778,0.21903819764311233,0.06999999999999999,0.11663386209830313,0.002389721815651946,0.00675028068927197,-0.0014223962745200103,,-0.00024399996014828895,False,11
DMS273_LUNG,ACH-000749,lung,0,RANK_D20_R40,,,0.20944961301325596,0.9223692537466038,0.4126167286229696,0.31956158419828945,0.32999999999999996,0.24652646815767396,0.006473249530706521,0.028506743235545917,0.0009663087749409438,,-0.00026559027299846716,False,11
EFM192A_BREAST,ACH-000117,breast,4,RANK_D20_R40,,,0.376521397788065,0.9535709237650124,0.29838122471467915,0.245386698826069,0.13,0.07564049895515218,-0.00044198804424266935,-0.001119370506211692,0.0003260763380163456,,-0.00038658986890449665,False,11
G401_SOFT_TISSUE,ACH-000096,rhabdoid,2,RANK_D20_R40,,,0.29140177807239465,0.9140326304838088,0.39859123052784295,0.35599236090698083,0.12000000000000001,0.07609934984557742,3.185010570450064e-05,9.990342574728306e-05,-0.001477378999356238,,-0.00043791974524182153,False,11
GCIY_STOMACH,ACH-000047,gastric,1,RANK_D20_R40,,,0.20955704928884356,0.84135222212875,0.5407837721292283,0.42560634681958437,0.26,0.11018209956357392,0.001460253206854889,0.005862781923239191,-0.0005123862840978599,,0.00025456255453784604,False,11
GP2D_LARGE_INTESTINE,ACH-000982,colorectal,1,RANK_D20_R40,,,0.2620256016971044,0.9183357122423746,0.41508974340329596,0.33128128121069517,0.16999999999999998,0.09588403609718299,6.583455296277352e-05,0.00023073402252926645,0.0010527043017003468,,-8.224227423203612e-05,False,11
HCC1143_BREAST,ACH-000374,breast,2,RANK_D20_R40,,,0.300789406345708,0.9190474287194168,0.4213717240761679,0.3253533857645351,0.22999999999999998,0.032335001907442394,-0.0003086889893402778,-0.0009431842210596564,0.00024171418638108122,,0.000493587652231009,False,11
HCC1195_LUNG,ACH-000868,lung,0,RANK_D20_R40,,,0.3432384238695881,0.9002816133882591,0.4411720272765336,0.34049166411237936,0.2,0.05510600593436096,0.00023870008971133005,0.0006260875442164471,0.0003852589836773057,,-8.78481028839806e-05,False,11
HCC1419_BREAST,ACH-000277,breast,3,RANK_D20_R40,,,0.4168186286792192,0.9484375785223557,0.29529496027498764,0.23781423124378676,0.05,0.0557887401996014,-0.00038263708789892936,-0.0008706602059741497,-0.0006717775790764935,,-0.0009258856747503263,False,11
HEC1B_ENDOMETRIUM,ACH-000941,uterus,4,RANK_D20_R40,,,0.26090646164886716,0.9052492248690412,0.4391453153437899,0.3409054746151244,0.2,0.10648305652331284,0.0016081943953733524,0.0055798416054936295,-0.0009417431575706736,,0.00031995504181164813,False,11
HEP3B217_LIVER,ACH-000625,liver,3,RANK_D20_R40,,,0.49799423708172247,0.9621604863017509,0.26210724397173196,0.20470800604951989,0.08,0.04711950804836454,-0.0007862291108653441,-0.001519050879158379,-0.0013999903068367958,,-0.0014077825798692878,False,11
HS766T_PANCREAS,ACH-000178,pancreas,2,RANK_D20_R40,,,0.5649093826963518,0.9031809524786243,0.4332140953029641,0.3627572659723608,0.08,0.1488666230466592,0.005554782551947524,0.008881024018636885,0.003679789735594463,,0.0037437682190821775,False,11
HS852T_SKIN,ACH-000274,skin,4,RANK_D20_R40,,,0.5610245062771962,0.9380862509544492,0.3252586335659419,0.2798271569818892,0.06,0.10985448004839954,0.0040351163264295,0.006747097683741932,0.0002967374857757443,,-7.151670238536578e-05,False,11
HUCCT1_BILIARY_TRACT,ACH-000976,bile_duct,3,RANK_D20_R40,,,0.3540780748885351,0.8205447181431484,0.5900181968292022,0.43744744131867525,0.27,0.2638644072950125,0.009664707414088702,0.02239710725812638,0.004593859513893406,,0.004647840244943191,False,11
IGR1_SKIN,ACH-000882,skin,2,RANK_D20_R40,,,0.29122724329870303,0.8518745852901025,0.5214537124100013,0.4050196887657526,0.2,0.20024139859993526,0.004892669049183285,0.014311643272191366,-0.0004906683786457533,,-0.00010050657613902558,False,11
IGROV1_OVARY,ACH-000966,ovary,4,RANK_D20_R40,,,0.2144371626379683,0.8713376133964292,0.5029110496739811,0.38803335028570457,0.21000000000000002,0.12239759352901934,0.0016331744902778889,0.006636192836692145,-0.001003512549474006,,0.0002662690552945879,False,11
ISTMES1_PLEURA,ACH-000569,mesothelioma,0,RANK_D20_R40,,,0.3108973868757948,0.8934600501181316,0.44508937304587265,0.3727694144002396,0.14,0.05253923887524033,-0.0002715427475353249,-0.0007803622901438878,-0.0006944573986030211,,0.00023913458215718553,False,11
J82_URINARY_TRACT,ACH-000396,urinary_tract,0,RANK_D20_R40,,,0.21839156751495037,0.8914717600205284,0.469170363935715,0.3561757609535646,0.26,0.05446707814027238,-0.0007201425607568646,-0.002939613298300392,-0.001386587381214277,,0.0016004759029193405,False,11
JHH5_LIVER,ACH-000734,liver,4,RANK_D20_R40,,,0.3697822182705546,0.8910948018034357,0.4326714066881236,0.34414519685681594,0.18,0.060368014691257486,-0.0035639535860461646,-0.008588353786311176,-0.003909269461068066,,0.0007490915083969152,False,11
KNS42_CENTRAL_NERVOUS_SYSTEM,ACH-000622,central_nervous_system,3,RANK_D20_R40,,,0.29110406926999743,0.9697082479486947,0.3166150141254435,0.2592920801485862,0.13,0.048983100071236255,-0.0018309124177470215,-0.006099024576376677,-0.003003212321154858,,-0.0032155990684689106,False,11
KNS60_CENTRAL_NERVOUS_SYSTEM,ACH-000445,central_nervous_system,4,RANK_D20_R40,,,0.2786099506016753,0.9339944264565626,0.38826107869604365,0.29322279724089245,0.24,0.12111715687626663,0.002418581380352114,0.00810789967947012,0.0008272801578944611,,-3.6787327251319724e-05,False,11
KNS81_CENTRAL_NERVOUS_SYSTEM,ACH-000479,central_nervous_system,0,RANK_D20_R40,,,0.34287148781773985,0.8918127618977273,0.45053134848555126,0.3611794101858081,0.19,0.1017138770000595,0.0018382809557419555,0.004781390329999358,0.00022582457452702265,,-0.0001682441116259703,False,11
KYSE270_OESOPHAGUS,ACH-000873,esophagus,3,RANK_D20_R40,,,0.2555368759804728,0.886911564875727,0.4752144819374084,0.37028009126025474,0.25,0.03313064386797751,-0.003606231642816149,-0.012516426591514085,-0.0026458901517444344,,-0.003106934897154412,False,11
LI7_LIVER,ACH-000471,liver,1,RANK_D20_R40,,,0.4276097613108252,0.9696961877443139,0.2600258638044054,0.2073049023102484,0.11,0.0325499284872006,-0.0017731780238257056,-0.004021058744367423,-0.00023291457782559366,,-0.00047044249088445955,False,11
LK2_LUNG,ACH-000769,lung,3,RANK_D20_R40,,,0.3105597021473468,0.9727716152366902,0.274436856384593,0.22362592053046393,0.15,0.06346515306184314,-0.0010178387545168865,-0.003188194226217189,-0.002082214477046207,,-0.0020106399634572947,False,11
LMSU_STOMACH,ACH-000255,gastric,3,RANK_D20_R40,,,0.23862910466776638,0.8425416569464541,0.5320790658651205,0.4156053687868407,0.28,0.18788322674631705,0.0044178721673028,0.015598438175423945,0.0007962778274773208,,0.0010893285197060287,False,11
LN229_CENTRAL_NERVOUS_SYSTEM,ACH-000595,central_nervous_system,1,RANK_D20_R40,,,0.31244422220924717,0.8648384327322457,0.491877595876132,0.37779498798361644,0.21000000000000002,0.11135780918320891,0.0014975201921378911,0.004145101505785176,-5.0050379447386106e-05,,-0.0001667091239004881,False,11
LNCAPCLONEFGC_PROSTATE,ACH-000977,prostate,4,RANK_D20_R40,,,0.2688426534581087,0.9987012762516775,0.28038007132669607,0.23631903094028922,0.15000000000000002,0.12718836893439,0.00022620130225697865,0.0008402964572324922,-0.003289354506462505,,-0.0010346496582867015,False,11
LOVO_LARGE_INTESTINE,ACH-000950,colorectal,0,RANK_D20_R40,,,0.2920364455294691,0.8409230773567354,0.5414795483470969,0.4138133958281572,0.26,0.16051660345285626,0.0038207280447252745,0.011001840469905821,-0.0019492111412091062,,-0.00013368981788741685,False,11
LUDLU1_LUNG,ACH-000390,lung,2,RANK_D20_R40,,,0.3221263269962266,0.9337189381768473,0.3717006108921691,0.28198546479291103,0.2,0.06576684823138103,-0.0008605004381579962,-0.002494256097940739,-0.000575491051671928,,-0.00028455401118021584,False,11
MALME3M_SKIN,ACH-000477,skin,0,RANK_D20_R40,,,0.5995919211207762,0.9229011222098585,0.3734882391746077,0.2877658988964744,0.11000000000000001,0.15971126608667077,0.00813021629532995,0.012514154174631531,0.00037583250356931774,,-0.0006334975135752208,False,11
MDAMB435S_SKIN,ACH-000884,skin,1,RANK_D20_R40,,,0.27134275209120984,0.8816305025257143,0.4887378049861801,0.3759585604743543,0.19,0.08293317018638255,-0.0011848028768187135,-0.003849590039288975,0.00035233200125894815,,0.00023104039777294139,False,11
MDAMB468_BREAST,ACH-000849,breast,0,RANK_D20_R40,,,0.26054424223081357,0.9015055120222544,0.4572938528202477,0.3200275733728856,0.31000000000000005,0.07832247519342479,0.0006887271128936945,0.002383055112777255,0.0004949377549048339,,-0.00024197627866079374,False,11
MIAPACA2_PANCREAS,ACH-000601,pancreas,0,RANK_D20_R40,,,0.26321707497580055,0.7961773151526598,0.6261679367866185,0.4731743729374714,0.24,0.06555515106405012,-0.0005265267674038898,-0.0015926347789791961,-0.0016440130010930698,,0.0007925001846769697,False,11
MSTO211H_PLEURA,ACH-000335,mesothelioma,2,RANK_D20_R40,,,0.23537195177638734,0.8024831079768396,0.5874968547840598,0.4463308708182862,0.26,0.11982266514497043,0.001110995283894134,0.003787855526702688,0.0007720381915886643,,0.002105242180843153,False,11
NCIH1048_LUNG,ACH-000866,lung,4,RANK_D20_R40,,,0.4077042670769351,0.9587828757040397,0.2766839723957312,0.23716391893577485,0.08,0.08807715649463395,0.0015199549071999718,0.003574421105066894,0.0010156155443414305,,-0.0005769561134078005,False,11
NCIH1299_LUNG,ACH-000510,lung,3,RANK_D20_R40,,,0.17831556258266631,0.8031694971604592,0.5986063125928888,0.4545182195435599,0.4,0.14902620922158988,0.0020094310448385277,0.009050885399379482,-0.0009870895285187253,,-0.0007763583007176222,False,11
NCIH1355_LUNG,ACH-000666,lung,1,RANK_D20_R40,,,0.3339210306417487,0.884138596579617,0.4490785345916604,0.3593966799184045,0.14,0.013610178794073963,-0.0026224685889397747,-0.006943634826902856,-0.0020684875720385354,,-0.00083363503761269,False,11
NCIH1573_LUNG,ACH-000916,lung,4,RANK_D20_R40,,,0.37235601521000966,0.9326241528082541,0.352725635963842,0.2861116791666116,0.15,0.07622850369786173,0.0006742885993350489,0.0016888617559955854,-0.00018401755331315384,,0.00014421231803252166,False,11
NCIH1581_LUNG,ACH-000015,lung,2,RANK_D20_R40,,,0.2454260383950626,0.8968586641317804,0.43818988500987494,0.3650798158482223,0.19,0.14049552049873845,0.002136803737068649,0.007808507025869549,-0.0006469244073080138,,-0.00012851643873731944,False,11
NCIH1650_LUNG,ACH-000035,lung,4,RANK_D20_R40,,,0.3506244017864254,0.9337085338318883,0.3567269972543465,0.2954274561773908,0.16999999999999998,0.06162382682792307,0.00011760664776827578,0.0003131850780981882,0.00044416675941899575,,-0.00026647241262311994,False,11
NCIH1693_LUNG,ACH-000021,lung,3,RANK_D20_R40,,,0.24315712583216714,0.8370206870309361,0.5376441908112538,0.4308989759864274,0.36,0.0632338053689939,-0.0013811803158617075,-0.004754442186054364,0.00015780909343285354,,0.0003099128920326655,False,11
NCIH1793_LUNG,ACH-000888,lung,2,RANK_D20_R40,,,0.32005881632843247,0.940802841920216,0.3536202675832559,0.2792461244579923,0.13,0.06472830308275414,0.00015338425441302483,0.00045086820014206275,-0.0005344285286862926,,-0.0003802465521574594,False,11
NCIH1915_LUNG,ACH-000434,lung,2,RANK_D20_R40,,,0.34139944992252974,0.868754505175864,0.49396840850326323,0.3999656003814989,0.18,0.11348577109922116,0.002183449866539511,0.005556194975745554,9.375616299878153e-05,,0.0006563217754314565,False,11
NCIH2126_LUNG,ACH-000785,lung,1,RANK_D20_R40,,,0.2872589535746225,0.960733352106413,0.33735771382816687,0.25021223121150243,0.26,0.06106146616539952,-0.0007199177858626116,-0.002407754463511047,0.0012250229674555246,,-0.0009808766704776928,False,11
NCIH2347_LUNG,ACH-000875,lung,0,RANK_D20_R40,,,0.48518958548871377,0.912783157386218,0.41063470911270894,0.317554049028422,0.11,0.12573636644266223,0.0032294062308733107,0.006075455253084394,0.001141771202166908,,-0.00028857586028019355,False,11
NCIH23_LUNG,ACH-000900,lung,0,RANK_D20_R40,,,0.2740710410626486,0.892591440704217,0.4521667171127589,0.34032563918407566,0.26,0.1345324573702999,0.0027212985601909323,0.008862694113939251,-0.0001404987411482428,,0.0004158246702309909,False,11
NCIH2444_LUNG,ACH-000186,lung,2,RANK_D20_R40,,,0.32835927638585816,0.8517787011877226,0.535514003967859,0.40543218095864275,0.26,0.1741423744179917,0.004734286243971042,0.012280951012944352,-0.00045943947724524925,,-0.0006818955522612802,False,11
NCIH322_LUNG,ACH-000837,lung,4,RANK_D20_R40,,,0.3196041463162293,0.9129282188100285,0.4027617507255149,0.324985734209477,0.19,0.06872695866483765,-0.00017939607360223375,-0.000512433082683339,-0.0008370685543994116,,-0.0005066504050439957,False,11
NCIH522_LUNG,ACH-000343,lung,1,RANK_D20_R40,,,0.3248850372265395,0.9638188771750557,0.28321852938675474,0.24514098249484043,0.14,0.17603720500226946,0.00468378123891966,0.013895120603788613,-0.0006240911299117968,,0.0002959588814592795,False,11
NCIH838_LUNG,ACH-000416,lung,4,RANK_D20_R40,,,0.21190741643848507,0.9066092111015873,0.4644229255338459,0.3580092608948909,0.26,0.14466188416262016,0.0021375667170450974,0.009145209297475532,0.0022891391175345333,,-0.001362471234983481,False,11
NCIH841_LUNG,ACH-000292,lung,1,RANK_D20_R40,,,0.23662221141011686,0.8943689242237417,0.4503585163829568,0.3651481204667747,0.26,0.20020544079164992,0.00491129672390983,0.018563393272889583,-0.00017329367948046293,,0.0007883557007400399,False,11
NUGC3_STOMACH,ACH-000911,gastric,4,RANK_D20_R40,,,0.3122413729929295,0.8726754132363568,0.4858092185835586,0.38784796532435634,0.18,0.10756504805091592,0.001857906017797728,0.005192613926510825,-1.4651280687782986e-05,,0.00037051608115690193,False,11
OAW42_OVARY,ACH-000704,ovary,3,RANK_D20_R40,,,0.17790096293868737,0.8154173867730103,0.5770737157802786,0.4274985572138602,0.4,0.1316015808765439,0.00071564496297577,0.0032801921694380898,-0.0013617761402042738,,-0.0003246878096558603,False,11
OSRC2_KIDNEY,ACH-000159,kidney,4,RANK_D20_R40,,,0.3080948154612064,0.9176964812533791,0.4023438682625482,0.3365201138175506,0.14,0.05532490465249928,-0.0011314956101014517,-0.003370292156293919,-0.0009015590709950949,,-0.000812432462801993,False,11
PANC0403_PANCREAS,ACH-000235,pancreas,1,RANK_D20_R40,,,0.37437987989612675,0.8606636914636715,0.5011243874818448,0.3816586418860727,0.22,0.2061651977407995,0.008050891045085329,0.018508231821532384,0.0012998013892932536,,0.00026623253190533047,False,11
PATU8988S_PANCREAS,ACH-000022,pancreas,3,RANK_D20_R40,,,0.3328071103514643,0.8960540201516872,0.4635975132186232,0.34394002639827725,0.26,0.13873366952568428,0.0018407965605916066,0.004956183648412993,-0.0014581364527391227,,-0.000561517524326427,False,11
PC3_PROSTATE,ACH-000090,prostate,2,RANK_D20_R40,,,0.27556806422269176,1.0675532827794294,0.2038440591139192,0.16947641600590949,0.1,-0.14988191971108786,-0.005660808639368464,-0.02193002611964623,-0.0038698038036938387,,-0.004187750549202063,False,11
QGP1_PANCREAS,ACH-000347,pancreas,4,RANK_D20_R40,,,0.49496477773115716,0.9346653269836254,0.323062685157587,0.275293631537554,0.08,0.02589826687652772,-0.001880614822063531,-0.003551253637989138,0.0011724273759265436,,-0.0002165357041293836,False,11
RCC10RGB_KIDNEY,ACH-000189,kidney,0,RANK_D20_R40,,,0.2821704464277808,0.8786150953491962,0.4818711586847751,0.35722409728783694,0.26,0.11199514663579078,0.0019599447640195056,0.006102825712326676,-0.0017099377717727515,,0.0012633102386545025,False,11
RH30_SOFT_TISSUE,ACH-000833,rhabdomyosarcoma,4,RANK_D20_R40,,,0.25645637973908847,0.9698698499409925,0.3374071707230325,0.2724576862918737,0.15,0.10146743683306071,0.001276544541608693,0.0048276516430303396,0.00045856219281714683,,-2.8853975079956573e-05,False,11
SKMEL24_SKIN,ACH-000822,skin,3,RANK_D20_R40,,,0.3853530681073088,0.8634929906352061,0.4964132358200912,0.37847668086083797,0.31,0.21457617357225792,0.009528172226738407,0.021350575906307734,-0.0006469342447281701,,-0.00024247481915157243,False,11
SKUT1_SOFT_TISSUE,ACH-000939,soft_tissue,1,RANK_D20_R40,,,0.27703588449831007,0.9137441402228902,0.4177793244263993,0.3216997925459851,0.22,0.10309641284354583,0.001542450177508703,0.005087444949006037,-0.001614174993665285,,0.00014299594190292364,False,11
SNB75_CENTRAL_NERVOUS_SYSTEM,ACH-000504,central_nervous_system,4,RANK_D20_R40,,,0.3422415637267368,0.9525172239420321,0.32931713528967965,0.2857063837301611,0.09000000000000001,0.0651771960737263,-0.00024299890315265804,-0.0006763078047316018,0.0018661005153945975,,-0.00011752014876231787,False,11
SNU1041_UPPER_AERODIGESTIVE_TRACT,ACH-000618,upper_aerodigestive,2,RANK_D20_R40,,,0.35791254137910267,0.8742001186496042,0.48139900521886125,0.3754341951931823,0.16,0.11326062228623342,0.001912668200419687,0.004671685326536612,-0.000338566896940784,,0.0002749316842227123,False,11
SNU1105_CENTRAL_NERVOUS_SYSTEM,ACH-000368,central_nervous_system,2,RANK_D20_R40,,,0.3366476269588834,0.9108885332643145,0.40541282839882636,0.3316827347559442,0.13,0.12437889657845563,0.0025516785942199527,0.006904236316909618,-7.293653419349067e-05,,-0.0001332724195143853,False,11
SNU1214_UPPER_AERODIGESTIVE_TRACT,ACH-000715,upper_aerodigestive,1,RANK_D20_R40,,,0.5720108354573447,0.926962664351024,0.3696602174245406,0.3039635525272588,0.07,0.10039114329463433,0.0028883238307045866,0.00468062523934154,-0.00047950135580099307,,0.00046353681364397215,False,11
SNU245_BILIARY_TRACT,ACH-000268,bile_duct,4,RANK_D20_R40,,,0.3526230835592795,0.9042391814548159,0.4104542640224277,0.3359532799416732,0.12,0.1061913973774239,0.0014783873233546463,0.003791061349841085,-0.0007697103167736419,,0.0001605160127355898,False,11
SNU685_ENDOMETRIUM,ACH-000407,uterus,0,RANK_D20_R40,,,0.29263584888070937,0.9517155108972459,0.33389727343513914,0.2299192495643239,0.16,0.10666115578287251,0.0017247839911008755,0.005609373163118936,-0.000446794814601581,,-0.0003129986884412572,False,11
SW480_LARGE_INTESTINE,ACH-000842,colorectal,3,RANK_D20_R40,,,0.4393726012184168,0.9388754800505528,0.35955344433574593,0.2593610267000727,0.19,0.06835614824259244,0.0007342940840992518,0.0015690798852617815,0.0005929355821219784,,0.000575650526274063,False,11
SW48_LARGE_INTESTINE,ACH-000958,colorectal,2,RANK_D20_R40,,,0.4283138411709314,0.9529846618767716,0.29019447404750026,0.2546723435989242,0.09,0.053390707381489384,-0.0005321004678777164,-0.0011839066024078582,-0.00032537582818492616,,-3.97808725067228e-05,False,11
SW579_THYROID,ACH-000163,thyroid,2,RANK_D20_R40,,,0.39328016445586894,0.9229832910098902,0.3843958011196472,0.30408262229063615,0.14,0.09292765687724644,0.0017277591556918437,0.0040548519241984105,-0.00038130549750114984,,0.0001412992960805326,False,11
SW900_LUNG,ACH-000669,lung,3,RANK_D20_R40,,,0.37752927126065766,0.8595816299921575,0.5121376878368661,0.393847269688134,0.2,0.15123616175971022,0.004279580187296017,0.009744008724924091,0.003605449091613311,,0.0034848620310640177,False,11
TE11_OESOPHAGUS,ACH-000488,esophagus,4,RANK_D20_R40,,,0.29554789717467855,0.9588005913042535,0.37749684810629003,0.2774271353101987,0.2,0.05832763079032453,-0.006719675776810541,-0.021799610722220364,-0.00159951768495048,,-0.0005817155829703768,False,11
TE6_OESOPHAGUS,ACH-000605,esophagus,0,RANK_D20_R40,,,0.34823082205309125,0.9320823810618327,0.36432936348448053,0.2776619174921869,0.19,0.06267095503850612,-0.00016101754518682565,-0.00043098315084699745,0.0009749732879680284,,-0.00013795387289244898,False,11
TEN_ENDOMETRIUM,ACH-000397,uterus,1,RANK_D20_R40,,,0.3031546644615304,0.9360740400726223,0.35986398925760055,0.2888049912406481,0.17,0.08767129359825454,0.0010789472191595206,0.003331548548849539,-0.00013474029160648326,,1.5313649297410414e-05,False,11
TUHR4TKB_KIDNEY,ACH-000495,kidney,1,RANK_D20_R40,,,0.32687983476409127,0.9310896172856197,0.3722198055045268,0.2937619229180049,0.12,0.10377020635744118,0.0016733821982446995,0.004766487940930042,-0.0007999772145131923,,2.7865013969119445e-05,False,11
UACC257_SKIN,ACH-000579,skin,0,RANK_D20_R40,,,0.37446579926261014,0.8444144035116058,0.5405059120270723,0.418908487831679,0.13,0.21941610112332588,0.009398231580615035,0.02119286228498407,-0.000746535446934038,,0.00035520302753755395,False,11
22RV1_PROSTATE,ACH-000956,prostate,1,RANK_D20_R50,,,0.41271001930032447,0.9616255108831325,0.2666276581918537,0.23851207659716897,0.05,0.09583039024832214,0.0018689213544390015,0.004354637319708532,0.0005708748288066334,,0.0004357698543455135,False,12
42MGBA_CENTRAL_NERVOUS_SYSTEM,ACH-000323,central_nervous_system,2,RANK_D20_R50,,,0.21239505822591484,0.887292708494295,0.49368274875096074,0.3708834350973881,0.32,0.1392646783880201,0.0015912640991292692,0.006647598320975723,-0.0003386751448575531,,-0.00029480968939804564,False,12
769P_KIDNEY,ACH-000411,kidney,3,RANK_D20_R50,,,0.25999480361313654,0.8885228722806414,0.4651729302161853,0.3353765727568602,0.35,0.11199131611008999,0.001011743948036048,0.003457598483618818,-6.134635881166473e-05,,0.0008331294750736351,False,12
786O_KIDNEY,ACH-000649,kidney,2,RANK_D20_R50,,,0.18725173267468406,0.8792819388807506,0.5331906910731529,0.38355368648760896,0.39,0.2272293169364147,0.005973748364469594,0.028051057094472975,0.0006166515753684432,,0.0011441236684639478,False,12
8505C_THYROID,ACH-001307,thyroid,0,RANK_D20_R50,,,0.28499107410504876,0.8479448673669251,0.5245968811611045,0.4211786085424782,0.24,0.13074126760598948,0.002472805388471222,0.0073574326625350794,-9.636897372117259e-05,,0.0006512055711161424,False,12
A2780_OVARY,ACH-000657,ovary,0,RANK_D20_R50,,,0.27265152468419696,0.8579749501310614,0.5126374148129705,0.4035387382620181,0.18,0.10426465553170157,0.00056501043188395,0.00177796473971914,-0.00015407576524245625,,0.0015071378969890303,False,12
A375_SKIN,ACH-000219,skin,1,RANK_D20_R50,,,0.38460423814898814,0.8111970072938531,0.6371160875687599,0.4900010115145762,0.21000000000000002,0.2173886875137849,0.007525012571975631,0.01587155593400036,-0.0014752143604897516,,-0.0004940820465665352,False,12
ACCMESO1_PLEURA,ACH-000086,mesothelioma,3,RANK_D20_R50,,,0.1895025051873161,0.8680645105215663,0.5245019962662351,0.3859586599098788,0.41000000000000003,0.15559565598030892,0.002713768447468873,0.012431107845737421,0.0003635276873512061,,0.00034684527058631565,False,12
AGS_STOMACH,ACH-000880,gastric,0,RANK_D20_R50,,,0.283431310038068,0.877852563504598,0.47455196648802433,0.3666135014566344,0.22,0.09175804676905454,0.0004980539192482869,0.0015425886071546158,-0.000179639749187277,,0.00012386187828872242,False,12
BEN_LUNG,ACH-000603,lung,0,RANK_D20_R50,,,0.27868855937003517,1.0261046543244838,0.26976779788422056,0.20030156055560416,0.2,0.045161617548553024,-0.00796451239549778,-0.029324573842998025,-0.0030619466855079658,,-0.0004830276203935946,False,12
CAL120_BREAST,ACH-000212,breast,1,RANK_D20_R50,,,0.22283555664532304,0.8963201839668157,0.4713246336992482,0.3679171389795199,0.28,0.08588372350309564,-0.0004577916279477623,-0.0018413931885821189,-0.002981155475924535,,-0.0005013666075017464,False,12
CAL62_THYROID,ACH-000174,thyroid,3,RANK_D20_R50,,,0.23836975453058482,0.7749226220410835,0.6451695244955891,0.4993646248346426,0.27,0.14697635804910292,0.00296481145861488,0.009638385011939476,0.0014439781504601845,,0.0021964569857981786,False,12
CAOV3_OVARY,ACH-000713,ovary,2,RANK_D20_R50,,,0.29687420001997156,0.9064198930501928,0.4344414264750957,0.33772738355689447,0.24000000000000002,0.007176485418778512,-0.002598502569923722,-0.007933779430352894,-0.0019195373128296778,,-0.0014281430288155539,False,12
CJM_SKIN,ACH-000458,skin,3,RANK_D20_R50,,,0.43366115987335085,0.8940199601308788,0.4352283796062555,0.3472592087805086,0.13,0.1440728126774526,0.00475726309989577,0.009807399325646338,0.0013632715729159361,,0.0015209214794557613,False,12
COLO668_LUNG,ACH-000803,lung,1,RANK_D20_R50,,,0.4227042243659456,0.9748545066159522,0.23402011988550414,0.2106245567550755,0.09,0.06267957651005181,-0.0015076003165373497,-0.003476877868813899,-0.0022449138315115413,,-0.0005439011131516125,False,12
COLO680N_OESOPHAGUS,ACH-000717,esophagus,2,RANK_D20_R50,,,0.27444971720398187,0.8833688146135943,0.4836132235755078,0.3627186589909512,0.26,0.0820451272746377,-3.570844703798537e-05,-0.00011493445448951256,-0.0005549749479555888,,0.0003362533002824186,False,12
COV434_OVARY,ACH-000123,ovary,1,RANK_D20_R50,,,0.3445547889677257,0.973268739119114,0.25664805219492315,0.21882231841170374,0.06999999999999999,0.11139523615703395,0.0021141948481747663,0.005971995804498698,-0.0016979232419971901,,-0.0005195269276254688,False,12
DMS273_LUNG,ACH-000749,lung,0,RANK_D20_R50,,,0.20954130102142157,0.9227730272291735,0.41259293185235396,0.3186241702870976,0.32999999999999996,0.2438537771475491,0.006381561522540907,0.028102969752976215,0.0008746207667753303,,-0.00035727828116408067,False,12
EFM192A_BREAST,ACH-000117,breast,4,RANK_D20_R50,,,0.37661631778728966,0.9538113163479471,0.29789517877991545,0.24643444167255327,0.13,0.07616964358170404,-0.0005369080434673434,-0.0013597630891464263,0.00023115633879167152,,-0.00048150986812917074,False,12
G401_SOFT_TISSUE,ACH-000096,rhabdoid,2,RANK_D20_R50,,,0.29124782639011776,0.9135497341128608,0.39967389141822846,0.35671975808409917,0.12000000000000001,0.08188215070181297,0.0001858017879813878,0.000582799796695288,-0.001323427317079351,,-0.0002839680629649344,False,12
GCIY_STOMACH,ACH-000047,gastric,1,RANK_D20_R50,,,0.20939558845196315,0.8407039717627657,0.5419795035340039,0.4267834365112113,0.26,0.11652281189748426,0.0016217140437352895,0.006511032289223562,-0.00035092544721745944,,0.0004160233914182465,False,12
GP2D_LARGE_INTESTINE,ACH-000982,colorectal,1,RANK_D20_R50,,,0.2619801696825164,0.9181764841318196,0.41573946011513924,0.3312957404414528,0.16999999999999998,0.0987109989864734,0.0001112665675507829,0.0003899621330842873,0.0010981363162883562,,-3.681025964402673e-05,False,12
HCC1143_BREAST,ACH-000374,breast,2,RANK_D20_R50,,,0.3006688434585339,0.9186790546706014,0.4218540051333394,0.3260231337780707,0.22999999999999998,0.03669948786420991,-0.0001881261021661751,-0.0005748101722442556,0.0003622770735551839,,0.0006141505394051117,False,12
HCC1195_LUNG,ACH-000868,lung,0,RANK_D20_R50,,,0.34327703450006947,0.9003828853854668,0.4409228266821065,0.3393686358973929,0.21000000000000002,0.055874899610085356,0.00020008945922994625,0.0005248155470086724,0.0003466483531959219,,-0.0001264587333653644,False,12
HCC1419_BREAST,ACH-000277,breast,3,RANK_D20_R50,,,0.41685418014152786,0.9485184730421898,0.2949187631679981,0.23761255339784093,0.05,0.0583654468482038,-0.0004181885502075877,-0.0009515547258083235,-0.0007073290413851518,,-0.0009614371370589847,False,12
HEC1B_ENDOMETRIUM,ACH-000941,uterus,4,RANK_D20_R50,,,0.26077104627620096,0.9047793834539735,0.43994283179688753,0.34142576349071085,0.2,0.11031492750183246,0.0017436097680395557,0.006049683020561414,-0.0008063277849044703,,0.0004553704144778514,False,12
HEP3B217_LIVER,ACH-000625,liver,3,RANK_D20_R50,,,0.49807126206406066,0.9623093040770292,0.26180795553359987,0.2064945252102718,0.08,0.046854529103777985,-0.000863254093203536,-0.0016678686544366883,-0.0014770152891749877,,-0.0014848075622074797,False,12
HS766T_PANCREAS,ACH-000178,pancreas,2,RANK_D20_R50,,,0.5649184422617176,0.9031954369731765,0.43322727507169073,0.36230008781654477,0.08,0.14794599110624007,0.005545722986581736,0.008866539524084671,0.0036707301702286754,,0.00373470865371639,False,12
HS852T_SKIN,ACH-000274,skin,4,RANK_D20_R50,,,0.5609965046133978,0.9380394295134618,0.32543080211398756,0.2801039255359652,0.07,0.11041729329384442,0.00406311799022796,0.006793919124729375,0.0003247391495742047,,-4.351503858690542e-05,False,12
HUCCT1_BILIARY_TRACT,ACH-000976,bile_duct,3,RANK_D20_R50,,,0.35393396958649376,0.8202107668119805,0.5908082477245926,0.4379110184129716,0.27,0.26404510990863894,0.009808812716130044,0.022731058589294362,0.004737964815934748,,0.004791945546984533,False,12
IGR1_SKIN,ACH-000882,skin,2,RANK_D20_R50,,,0.29130937919946287,0.8521148426424184,0.5211597820655075,0.4050421490300081,0.2,0.19976625206484572,0.004810533148423446,0.014071385919875445,-0.0005728042794055921,,-0.00018264247689886437,False,12
IGROV1_OVARY,ACH-000966,ovary,4,RANK_D20_R50,,,0.21469213477441623,0.8723736596214495,0.5016723716775432,0.3867535884134599,0.2,0.11587678028090587,0.0013782023538299604,0.005600146611671852,-0.0012584846859219345,,1.1296918846659398e-05,False,12
ISTMES1_PLEURA,ACH-000569,mesothelioma,0,RANK_D20_R50,,,0.31107093921340767,0.893958806578647,0.443955948459226,0.3708941318562053,0.15,0.05002070279607811,-0.00044509508514817275,-0.001279118750659336,-0.000868009736215869,,6.55822445443377e-05,False,12
J82_URINARY_TRACT,ACH-000396,urinary_tract,0,RANK_D20_R50,,,0.2181863073030464,0.8906338902966633,0.4708598571738288,0.3570134754405995,0.27,0.06612759055369914,-0.0005148823488528853,-0.0021017435744352664,-0.0011813271693102978,,0.0018057361148233197,False,12
JHH5_LIVER,ACH-000734,liver,4,RANK_D20_R50,,,0.36978306346773476,0.8910968385450002,0.4325955731593858,0.3447390587011672,0.18,0.060735979961578784,-0.003564798783226353,-0.008590390527875691,-0.003910114658248254,,0.000748246311216727,False,12
KNS42_CENTRAL_NERVOUS_SYSTEM,ACH-000622,central_nervous_system,3,RANK_D20_R50,,,0.29136432582335964,0.9705751988196012,0.31585094505932354,0.25797420911560126,0.13,0.045967282779332375,-0.002091168971109225,-0.006965975447283168,-0.0032634688745170615,,-0.0034758556218311143,False,12
KNS60_CENTRAL_NERVOUS_SYSTEM,ACH-000445,central_nervous_system,4,RANK_D20_R50,,,0.2787590902057914,0.9344943926591608,0.3873139564034424,0.2937766706841663,0.22999999999999998,0.11779420327979624,0.002269441776236003,0.007607933476871942,0.0006781405537783503,,-0.00018592693136743055,False,12
KNS81_CENTRAL_NERVOUS_SYSTEM,ACH-000479,central_nervous_system,0,RANK_D20_R50,,,0.34382750671894086,0.8942993782744139,0.444516630539165,0.35368986402136815,0.18,0.08503495935582522,0.0008822620545409499,0.0022947739533127898,-0.000730194326673983,,-0.001124263012826976,False,12
KYSE270_OESOPHAGUS,ACH-000873,esophagus,3,RANK_D20_R50,,,0.25579425765395025,0.8878048793217079,0.47452770615663664,0.36963117025809633,0.24,0.0349752148722349,-0.0038636133162935904,-0.013409741037495038,-0.002903271825221876,,-0.0033643165706318534,False,12
LI7_LIVER,ACH-000471,liver,1,RANK_D20_R50,,,0.4276841232752108,0.9698648193329776,0.2596390629543621,0.20749948292075232,0.11,0.03199615603442093,-0.0018475399882113552,-0.004189690333031182,-0.00030727654221124334,,-0.0005448044552701092,False,12
LK2_LUNG,ACH-000769,lung,3,RANK_D20_R50,,,0.31091554008210165,0.9738862126559965,0.27298818318181756,0.22221042452133405,0.15,0.06058930928898738,-0.0013736766892717411,-0.004302791645523496,-0.0024380524118010616,,-0.0023664778982121493,False,12
LMSU_STOMACH,ACH-000255,gastric,3,RANK_D20_R50,,,0.23845768497380104,0.8419364154643311,0.5329643183811404,0.41572741580934613,0.30000000000000004,0.19150563247858954,0.0045892918612681355,0.016203679657546988,0.0009676975214426564,,0.0012607482136713644,False,12
LN229_CENTRAL_NERVOUS_SYSTEM,ACH-000595,central_nervous_system,1,RANK_D20_R50,,,0.31253543628268854,0.8650909111930742,0.49139114253460164,0.3774814084786808,0.22,0.11063788071305734,0.0014063061186965209,0.0038926230449566335,-0.00014126445288875633,,-0.0002579231973418583,False,12
LNCAPCLONEFGC_PROSTATE,ACH-000977,prostate,4,RANK_D20_R50,,,0.26882729293210017,0.9986442147075687,0.28040268161504794,0.23570631589006494,0.16999999999999998,0.12833340121819686,0.00024156182826551298,0.0008973580013412752,-0.003273993980453971,,-0.0010192891322781672,False,12
LOVO_LARGE_INTESTINE,ACH-000950,colorectal,0,RANK_D20_R50,,,0.29207552011917903,0.8410355931907292,0.5407130830164185,0.4145904627066019,0.25,0.16009936247798998,0.0037816534550153547,0.010889324635912079,-0.001988285730919026,,-0.0001727644075973367,False,12
LUDLU1_LUNG,ACH-000390,lung,2,RANK_D20_R50,,,0.32193685602299604,0.9331697355159226,0.37295504989430994,0.28290043973936424,0.21000000000000002,0.07210325716903898,-0.0006710294649274195,-0.0019450534370161199,-0.00038602007844135144,,-9.508303794963924e-05,False,12
MALME3M_SKIN,ACH-000477,skin,0,RANK_D20_R50,,,0.5992030041771241,0.9223024952585949,0.37510061000081524,0.28699615078945695,0.12,0.16412545054129282,0.008519133238982013,0.013112781125895201,0.00076474944722138,,-0.00024458056992315846,False,12
MDAMB435S_SKIN,ACH-000884,skin,1,RANK_D20_R50,,,0.271334185746729,0.8816026692759547,0.4889744023123382,0.3757512589366777,0.2,0.0845260490318637,-0.0011762365323378932,-0.0038217567895293403,0.00036089834573976853,,0.00023960674225376177,False,12
MDAMB468_BREAST,ACH-000849,breast,0,RANK_D20_R50,,,0.2605813221399195,0.9016338117004897,0.457239866788985,0.31933839284891424,0.30000000000000004,0.07907875608824205,0.0006516472037877419,0.0022547554345418996,0.00045785784579888134,,-0.00027905618776674634,False,12
MIAPACA2_PANCREAS,ACH-000601,pancreas,0,RANK_D20_R50,,,0.2624382670904903,0.7938215820711222,0.6294145035384108,0.47461481887702733,0.24,0.08804735121139602,0.0002522811179063722,0.0007630983025583848,-0.0008652051157828078,,0.0015713080699872317,False,12
MSTO211H_PLEURA,ACH-000335,mesothelioma,2,RANK_D20_R50,,,0.23519473260144386,0.8018788924225716,0.5879932565532098,0.446290212716728,0.28,0.12544089500788858,0.0012882144588376165,0.0043920710809707275,0.0009492573665321469,,0.0022824613557866358,False,12
NCIH1048_LUNG,ACH-000866,lung,4,RANK_D20_R50,,,0.4081209359168004,0.9597627402302722,0.2745785650981171,0.23562569537447237,0.07,0.07944672452550795,0.0011032860673346745,0.0025945565788344505,0.0005989467044761332,,-0.0009936249532730979,False,12
NCIH1299_LUNG,ACH-000510,lung,3,RANK_D20_R50,,,0.17797061551953053,0.8016157855537266,0.6007452906743012,0.4565358684300262,0.4,0.1603664832414769,0.0023543781079743142,0.010604597006112049,-0.0006421424653829388,,-0.00043141123758183575,False,12
NCIH1355_LUNG,ACH-000666,lung,1,RANK_D20_R50,,,0.33397631757266866,0.8842849824164684,0.4488192038654808,0.35850508284470445,0.14,0.015354815257907035,-0.0026777555198597147,-0.007090020663754193,-0.0021237745029584754,,-0.00088892196853263,False,12
NCIH1573_LUNG,ACH-000916,lung,4,RANK_D20_R50,,,0.37255178412598594,0.9331144868218071,0.35174862032248266,0.2854863164685312,0.16,0.07351115020606397,0.00047851968335876904,0.0011985277424425567,-0.0003797864692894337,,-5.155659794375822e-05,False,12
NCIH1581_LUNG,ACH-000015,lung,2,RANK_D20_R50,,,0.24536431294948877,0.8966331012655813,0.43932018152488156,0.3649981784900465,0.21000000000000002,0.14358703959946498,0.002198529182642489,0.008034069892068674,-0.0005851989617341735,,-6.679099316347914e-05,False,12
NCIH1650_LUNG,ACH-000035,lung,4,RANK_D20_R50,,,0.3504690516514143,0.9332948383045583,0.357828990667751,0.2960723811621357,0.16,0.06743059898247501,0.00027295678277938773,0.0007268806054282484,0.0005995168944301077,,-0.00011112227761200799,False,12
NCIH1693_LUNG,ACH-000021,lung,3,RANK_D20_R50,,,0.24297997480336112,0.8364108793794762,0.538574809773317,0.43299004909387834,0.36,0.07039353701750582,-0.0012040292870556801,-0.00414463453459446,0.00033496012223888094,,0.0004870639208386929,False,12
NCIH1793_LUNG,ACH-000888,lung,2,RANK_D20_R50,,,0.3199741844905745,0.940554069289963,0.35423992416648387,0.2804463997448561,0.15000000000000002,0.06839366046907103,0.0002380160922709762,0.0006996408303950874,-0.0004497966908283413,,-0.00029561471429950803,False,12
NCIH1915_LUNG,ACH-000434,lung,2,RANK_D20_R50,,,0.34145938303588447,0.8689070161487081,0.49337328899930855,0.39819434725341796,0.18,0.11238791323202886,0.0021235167531847843,0.0054036840029013655,3.3823049644055025e-05,,0.00059638866207673,False,12
NCIH2126_LUNG,ACH-000785,lung,1,RANK_D20_R50,,,0.2871939039472196,0.9605157945827558,0.338053211299234,0.2512413958021318,0.26,0.0641538738534954,-0.0006548681584597205,-0.0021901969398538945,0.0012900725948584157,,-0.0009158270430748017,False,12
NCIH2347_LUNG,ACH-000875,lung,0,RANK_D20_R50,,,0.48510619193862975,0.9126262697896412,0.41062322892536174,0.31669062500139916,0.11,0.12579516908234706,0.0033127997809573317,0.006232342849661121,0.001225164752250929,,-0.0002051823101961725,False,12
NCIH23_LUNG,ACH-000900,lung,0,RANK_D20_R50,,,0.2739546563357738,0.8922124002531195,0.45290547600438374,0.3424922679908827,0.26,0.13584621175143632,0.00283768328706574,0.009241734565036741,-2.411401427343529e-05,,0.0005322093971057984,False,12
NCIH2444_LUNG,ACH-000186,lung,2,RANK_D20_R50,,,0.32844707816894536,0.8520064629539902,0.5349597603831961,0.4052861899590539,0.27,0.17134546394093,0.004646484460883837,0.012053189246676754,-0.0005472412603324539,,-0.0007696973353484848,False,12
NCIH322_LUNG,ACH-000837,lung,4,RANK_D20_R50,,,0.3195452660335269,0.9127600311559254,0.40341162756520416,0.3245846140134409,0.19,0.07271550958804876,-0.00012051579089983333,-0.00034424542858024765,-0.0007781882716970112,,-0.0004477701223415953,False,12
NCIH522_LUNG,ACH-000343,lung,1,RANK_D20_R50,,,0.3252185946698217,0.9648084240104597,0.2825065081537605,0.24545009918308308,0.13,0.16659178674889177,0.004350223795637431,0.012905573768384526,-0.0009576485731940254,,-3.759856182294907e-05,False,12
NCIH838_LUNG,ACH-000416,lung,4,RANK_D20_R50,,,0.21223107462580518,0.9079939266476712,0.4635419385933633,0.35681877789543276,0.25,0.14018627097826095,0.001813908529724989,0.0077604937513916505,0.001965480930214425,,-0.0016861294223035894,False,12
NCIH841_LUNG,ACH-000292,lung,1,RANK_D20_R50,,,0.23682554873212522,0.8951374851329453,0.45018547524746666,0.3656781678257585,0.27,0.19578668491991066,0.004707959401901468,0.017794832363685953,-0.0003766310014888252,,0.0005850183787316776,False,12
NUGC3_STOMACH,ACH-000911,gastric,4,RANK_D20_R50,,,0.31210044326305636,0.8722815323451877,0.4865474245390585,0.3874675673759462,0.18,0.11197347426266437,0.0019988357476708463,0.005586494817679921,0.00012627844918533526,,0.0005114458110300202,False,12
OAW42_OVARY,ACH-000704,ovary,3,RANK_D20_R50,,,0.17877047164132295,0.8194028205917349,0.5746308946191151,0.42510950430426253,0.38,0.12122758151708524,-0.0001538637396598097,-0.0007052416492864255,-0.0022312848428398535,,-0.00119419651229144,False,12
OSRC2_KIDNEY,ACH-000159,kidney,4,RANK_D20_R50,,,0.30811209814035956,0.9177479597367861,0.4023992623474908,0.33550494666238295,0.13,0.057775203031618594,-0.0011487782892546372,-0.0034217706397009495,-0.0009188417501482804,,-0.0008297151419551785,False,12
PANC0403_PANCREAS,ACH-000235,pancreas,1,RANK_D20_R50,,,0.3747262985170639,0.8614600748835558,0.49947655973979815,0.3800692452828778,0.21000000000000002,0.19930454254700233,0.007704472424148179,0.017711848401648078,0.0009533827683561036,,-8.018608903181956e-05,False,12
PATU8988S_PANCREAS,ACH-000022,pancreas,3,RANK_D20_R50,,,0.3322027490676353,0.8944268302835768,0.46709001288662644,0.34569145738045487,0.26,0.15122998545730323,0.00244515784442062,0.006583373516523383,-0.0008537751689101092,,4.2843759502586565e-05,False,12
PC3_PROSTATE,ACH-000090,prostate,2,RANK_D20_R50,,,0.2755564480825665,1.0675082817429018,0.20408728329441478,0.169398531014536,0.1,-0.14335376914773348,-0.005649192499243227,-0.021885025083118625,-0.003858187663568602,,-0.004176134409076826,False,12
QGP1_PANCREAS,ACH-000347,pancreas,4,RANK_D20_R50,,,0.4949253843081047,0.9345909385255069,0.3231333759204991,0.2760711684027933,0.08,0.026937663778777023,-0.0018412213990110504,-0.0034768651798706696,0.0012118207989790242,,-0.000177142281076903,False,12
RCC10RGB_KIDNEY,ACH-000189,kidney,0,RANK_D20_R50,,,0.2822817850423236,0.8789617786701146,0.48112580138807964,0.3582830107885314,0.28,0.11159935322765394,0.0018486061494766837,0.005756142391408314,-0.0018212763863155734,,0.0011519716241116806,False,12
RH30_SOFT_TISSUE,ACH-000833,rhabdomyosarcoma,4,RANK_D20_R50,,,0.2565339337130895,0.9701631445012731,0.3372895264139198,0.27213240538598304,0.14,0.09999233260941186,0.0011989905676076384,0.00453435708274974,0.00038100821881609237,,-0.00010640794908101103,False,12
SKMEL24_SKIN,ACH-000822,skin,3,RANK_D20_R50,,,0.3853547217554219,0.863496696103445,0.49618373188727916,0.37775608504978464,0.32,0.21452279173597805,0.009526518578625298,0.02134687043806882,-0.0006485878928412792,,-0.00024412846726468151,False,12
SKUT1_SOFT_TISSUE,ACH-000939,soft_tissue,1,RANK_D20_R50,,,0.27698850822673915,0.913587879633718,0.4183232452474565,0.3217135801406168,0.22,0.1047231088522316,0.0015898264490796232,0.005243705538178212,-0.0015667987220943647,,0.00019037221347384392,False,12
SNB75_CENTRAL_NERVOUS_SYSTEM,ACH-000504,central_nervous_system,4,RANK_D20_R50,,,0.3424796605564189,0.9531798884318987,0.3282553617048982,0.2843637622511179,0.07,0.06343719643350951,-0.0004810957328347243,-0.0013389722945982285,0.0016280036857125313,,-0.0003556169784443841,False,12
SNU1041_UPPER_AERODIGESTIVE_TRACT,ACH-000618,upper_aerodigestive,2,RANK_D20_R50,,,0.35747243053582556,0.8731251494687833,0.48341777204140984,0.3768100574811817,0.16999999999999998,0.12196628705956321,0.0023527790436967955,0.0057466545073575626,0.00010154394633632435,,0.0007150425274998207,False,12
SNU1105_CENTRAL_NERVOUS_SYSTEM,ACH-000368,central_nervous_system,2,RANK_D20_R50,,,0.3367850969928845,0.9112604945306697,0.40468917866856446,0.3322900581318201,0.13,0.12319042448176937,0.0024142085602188446,0.006532275050554426,-0.0002104065681945988,,-0.0002707424535154934,False,12
SNU1214_UPPER_AERODIGESTIVE_TRACT,ACH-000715,upper_aerodigestive,1,RANK_D20_R50,,,0.5718315222271801,0.926672081272377,0.3704172151122623,0.3020627481456859,0.07,0.10363235737285849,0.0030676370608690995,0.004971208317988585,-0.00030018812563648023,,0.000642850043808485,False,12
SNU245_BILIARY_TRACT,ACH-000268,bile_duct,4,RANK_D20_R50,,,0.3523980717670048,0.9036621787333533,0.4116638890073857,0.33764570785369047,0.13,0.11185475828484771,0.0017033991156293893,0.0043680640713036345,-0.0005446985244988989,,0.0003855278050103328,False,12
SNU685_ENDOMETRIUM,ACH-000407,uterus,0,RANK_D20_R50,,,0.2925186059739713,0.9513342114313326,0.334592039462363,0.22943648952235632,0.16999999999999998,0.11040463326353876,0.0018420268978389664,0.005990672629032301,-0.0003295519078634901,,-0.00019575578170316632,False,12
SW480_LARGE_INTESTINE,ACH-000842,colorectal,3,RANK_D20_R50,,,0.439397928819495,0.9389296014581119,0.35965154380234127,0.2598683795285425,0.21,0.06933532114092504,0.0007089664830210451,0.001514958477702666,0.0005676079810437717,,0.0005503229251958563,False,12
SW48_LARGE_INTESTINE,ACH-000958,colorectal,2,RANK_D20_R50,,,0.42825107466682544,0.9528450084032133,0.2906135380902934,0.2551490707776241,0.09,0.056318594840075994,-0.0004693339637717453,-0.0010442531288495926,-0.0002626093240789551,,2.298563159924827e-05,False,12
SW579_THYROID,ACH-000163,thyroid,2,RANK_D20_R50,,,0.39313485156125405,0.9226422583674649,0.38529387889332123,0.3058466187189711,0.14,0.09704523474158941,0.0018730720503067344,0.0043958845666236535,-0.00023599260288625912,,0.0002866121906954233,False,12
SW900_LUNG,ACH-000669,lung,3,RANK_D20_R50,,,0.3775971545872473,0.8597361908830902,0.511680124458453,0.3938039670995287,0.19,0.14843255691573864,0.004211696860706382,0.009589447833991405,0.003537565765023676,,0.0034169787044743827,False,12
TE11_OESOPHAGUS,ACH-000488,esophagus,4,RANK_D20_R50,,,0.2956795345645101,0.9592276422439314,0.37722090143095593,0.2781240596296103,0.19,0.05794428498428761,-0.0068513131666421145,-0.02222666166189824,-0.0017311550747820537,,-0.0007133529728019505,False,12
TE6_OESOPHAGUS,ACH-000605,esophagus,0,RANK_D20_R50,,,0.3483924695019426,0.9325150502268699,0.36380102862083596,0.27349645982592574,0.2,0.0636629608363,-0.0003226649940381576,-0.0008636523158841447,0.0008133258391166964,,-0.00029960132174378096,False,12
TEN_ENDOMETRIUM,ACH-000397,uterus,1,RANK_D20_R50,,,0.3033165544670198,0.936573920329306,0.35964332972997604,0.28724197697905385,0.17,0.08496905595146394,0.0009170572136700805,0.0028316682921658565,-0.00029663029709592337,,-0.0001465763561920297,False,12
TUHR4TKB_KIDNEY,ACH-000495,kidney,1,RANK_D20_R50,,,0.3264299607108151,0.929808189018887,0.375100103177742,0.29474528349757334,0.13,0.11481624291779105,0.0021232562515208775,0.006047916207662762,-0.00035010316123701424,,0.00047773906724529747,False,12
UACC257_SKIN,ACH-000579,skin,0,RANK_D20_R50,,,0.37331794355212083,0.8418260071961109,0.5451626948140667,0.42388307257160995,0.14,0.23367995506792225,0.010546087291104345,0.02378125860047897,0.0004013202635552715,,0.0015030587380268634,False,12
22RV1_PROSTATE,ACH-000956,prostate,1,PATHWAY_D20_R20,,,0.4130537637709371,0.9624264447997031,0.2650241574390225,0.23695637656756327,0.05,0.08447172209878417,0.0015251768838263624,0.0035537034031379866,0.0002271303581939943,,9.202538373287439e-05,False,13
42MGBA_CENTRAL_NERVOUS_SYSTEM,ACH-000323,central_nervous_system,2,PATHWAY_D20_R20,,,0.20974893663788005,0.8762383816636053,0.4999722720161312,0.373878902860714,0.33,0.19307872397934606,0.004237385687164058,0.017701925151665354,0.0023074464431772357,,0.002351311898636743,False,13
769P_KIDNEY,ACH-000411,kidney,3,PATHWAY_D20_R20,,,0.26128586386631125,0.8929350241717426,0.45648134843923066,0.3265031947360578,0.38,0.048065583814463055,-0.000279316305138666,-0.0009545534074824058,-0.0013524066119863787,,-0.00045793077810107885,False,13
786O_KIDNEY,ACH-000649,kidney,2,PATHWAY_D20_R20,,,0.18831769865211792,0.8842874179651409,0.5268959091228385,0.3870699389848485,0.36,0.19853203778175746,0.004907782387035736,0.023045578010082668,-0.00044931440206541495,,7.815769103008963e-05,False,13
8505C_THYROID,ACH-001307,thyroid,0,PATHWAY_D20_R20,,,0.2851511015461564,0.8484210031467954,0.5239778720429871,0.4215538377557294,0.24,0.12722615996133588,0.0023127779473635646,0.006881296882664811,-0.00025639641482883,,0.000491178130008485,False,13
A2780_OVARY,ACH-000657,ovary,0,PATHWAY_D20_R20,,,0.27457031888766265,0.8640129774736082,0.5031314767813938,0.399947868367584,0.16,0.038535769646622454,-0.0013537837715817402,-0.00426006260282763,-0.0020728699687081464,,-0.00041165630647665985,False,13
A375_SKIN,ACH-000219,skin,1,PATHWAY_D20_R20,,,0.38011992655529114,0.8017388168118986,0.6463594221643267,0.49861355272486424,0.19,0.284613671121229,0.01200932416567263,0.025329746415954868,0.0030090972332072474,,0.003990229547130464,False,13
ACCMESO1_PLEURA,ACH-000086,mesothelioma,3,PATHWAY_D20_R20,,,0.18881686538371462,0.8649237626991609,0.5254661642802596,0.38311395713817725,0.4,0.1702037748767339,0.0033994082510703516,0.015571855668142787,0.001049167490952685,,0.0010324850741877944,False,13
AGS_STOMACH,ACH-000880,gastric,0,PATHWAY_D20_R20,,,0.28376403969974107,0.8788831045073352,0.47272476806560254,0.3646634091351695,0.21,0.0728065832049585,0.00016532425757520564,0.000512047604417365,-0.0005123694108603583,,-0.00020886778338435885,False,13
BEN_LUNG,ACH-000603,lung,0,PATHWAY_D20_R20,,,0.27526311561188804,1.0134924976169866,0.27479781709237333,0.2049050917030399,0.21000000000000002,0.0655702276410142,-0.004539068637350652,-0.016712417135500757,0.00036349707263916287,,0.002942416137753534,False,13
CAL120_BREAST,ACH-000212,breast,1,PATHWAY_D20_R20,,,0.2234931051212486,0.8989650669459122,0.46753227527402774,0.36603127863173424,0.24000000000000002,0.0402922378790155,-0.001115340103873319,-0.0044862761676786045,-0.003638703951850092,,-0.0011589150834273032,False,13
CAL62_THYROID,ACH-000174,thyroid,3,PATHWAY_D20_R20,,,0.23952329331406072,0.77867269218097,0.6386357905023401,0.4911282911947278,0.29000000000000004,0.11112498777483357,0.0018112726751389752,0.005888314872052991,0.00029043936698427975,,0.0010429182023222738,False,13
CAOV3_OVARY,ACH-000713,ovary,2,PATHWAY_D20_R20,,,0.2959520555095554,0.9036043902936312,0.43753968440556273,0.34159792442473497,0.24000000000000002,0.012519134121829183,-0.0016763580595075545,-0.005118276673791278,-0.0009973928024135104,,-0.0005059985183993865,False,13
CJM_SKIN,ACH-000458,skin,3,PATHWAY_D20_R20,,,0.43383937867670236,0.8943873694868687,0.43144451581356796,0.3453997573605112,0.12,0.13893662235203902,0.004579044296544266,0.009439989969656448,0.001185052769564432,,0.001342702676104257,False,13
COLO668_LUNG,ACH-000803,lung,1,PATHWAY_D20_R20,,,0.4212619747752982,0.9715283427593769,0.2418253058710183,0.21675227852090323,0.09,0.07555970512985892,-6.53507258899233e-05,-0.00015071401223865077,-0.0008026642408641149,,0.0008983484774958139,False,13
COLO680N_OESOPHAGUS,ACH-000717,esophagus,2,PATHWAY_D20_R20,,,0.27509140043053143,0.8854341945927371,0.48017897626823686,0.36029824729682736,0.25,0.06097762720368089,-0.0006773916735875463,-0.0021803144336323133,-0.0011966581745051497,,-0.00030542992626714227,False,13
COV434_OVARY,ACH-000123,ovary,1,PATHWAY_D20_R20,,,0.34415203113693377,0.9721310634324124,0.2555250270100463,0.21780832979732037,0.08,0.1219412918198365,0.0025169526789666774,0.007109671491200342,-0.001295165411205279,,-0.00011676909683355774,False,13
DMS273_LUNG,ACH-000749,lung,0,PATHWAY_D20_R20,,,0.21057336408732638,0.92731800215762,0.4068970243725126,0.31257495974269145,0.31000000000000005,0.22129207058467623,0.005349498456636098,0.023557994824529804,-0.00015744229912947882,,-0.0013893413470688898,False,13
EFM192A_BREAST,ACH-000117,breast,4,PATHWAY_D20_R20,,,0.37521410733519606,0.9502601048524759,0.30251128876043815,0.24563739830825748,0.13,0.0785376154690359,0.0008653024086262562,0.002191448406324792,0.0016333667908852711,,0.0009207005839644289,False,13
G401_SOFT_TISSUE,ACH-000096,rhabdoid,2,PATHWAY_D20_R20,,,0.2914517922961697,0.9141895088420025,0.39566412097931414,0.3522697704517567,0.11000000000000001,0.07228547153870446,-1.8164118070540525e-05,-5.6974932446385296e-05,-0.0015273932231312792,,-0.0004879339690168627,False,13
GCIY_STOMACH,ACH-000047,gastric,1,PATHWAY_D20_R20,,,0.210540415241597,0.8453003457176371,0.5371587444511576,0.42413816273379146,0.25,0.06727039997478972,0.0004768872541014435,0.001914658334352115,-0.0014957522368513054,,-0.0007288033982155995,False,13
GP2D_LARGE_INTESTINE,ACH-000982,colorectal,1,PATHWAY_D20_R20,,,0.2601746331855062,0.9118485198633578,0.4177319136231919,0.3307113090242624,0.18,0.1342951194087873,0.0019168030645609901,0.006717926401546115,0.0029036728132985634,,0.0017687262373661805,False,13
HCC1143_BREAST,ACH-000374,breast,2,PATHWAY_D20_R20,,,0.29843460696745316,0.9118524535371865,0.42867316564996155,0.3308239948553662,0.22000000000000003,0.09036273042989944,0.002046110388914557,0.006251790961170678,0.002596513564635916,,0.002848387030485844,False,13
HCC1195_LUNG,ACH-000868,lung,0,PATHWAY_D20_R20,,,0.34410532981014635,0.9025554248981214,0.4371497693920411,0.3365554274706762,0.18000000000000002,0.019903225362839626,-0.0006282058508469412,-0.001647723965645831,-0.0004816469568809656,,-0.0009547540434422519,False,13
HCC1419_BREAST,ACH-000277,breast,3,PATHWAY_D20_R20,,,0.414766139502857,0.9437673029386067,0.3075889835547268,0.23918756072086275,0.06,0.08585478648150817,0.001669852088463264,0.0037996153777748454,0.0013807115972856998,,0.001126603501611867,False,13
HEC1B_ENDOMETRIUM,ACH-000941,uterus,4,PATHWAY_D20_R20,,,0.2611156029521438,0.9059748680803393,0.43626264151660676,0.3446200527198235,0.19,0.0972864971605132,0.0013990530920967026,0.004854198394195541,-0.0011508844608473234,,0.00011081373853499832,False,13
HEP3B217_LIVER,ACH-000625,liver,3,PATHWAY_D20_R20,,,0.49819871755231115,0.9625555571968957,0.2612787241185884,0.20098161780210683,0.08,0.03743768838253135,-0.00099070958145403,-0.001914121774303168,-0.0016044707774254818,,-0.0016122630504579738,False,13
HS766T_PANCREAS,ACH-000178,pancreas,2,PATHWAY_D20_R20,,,0.5653410005234223,0.9038710259879358,0.4318668001970507,0.366054671831661,0.08,0.13587204538229183,0.005123164724877061,0.00819095050932539,0.003248171908524,,0.0033121503920117146,False,13
HS852T_SKIN,ACH-000274,skin,4,PATHWAY_D20_R20,,,0.5603943692714416,0.9370326020412518,0.3262320492845938,0.27834973984798195,0.06,0.11394148369612628,0.004665253332184149,0.007800746596939301,0.0009268744915303939,,0.0005586203033692838,False,13
HUCCT1_BILIARY_TRACT,ACH-000976,bile_duct,3,PATHWAY_D20_R20,,,0.355963871431257,0.8249148853530504,0.5832142652103381,0.4340162876071869,0.27,0.22571886700851024,0.007778910871366784,0.01802694004822447,0.0027080629711714876,,0.002762043702221273,False,13
IGR1_SKIN,ACH-000882,skin,2,PATHWAY_D20_R20,,,0.29105032630006494,0.851357081868587,0.5206083783215143,0.4069466822402747,0.21000000000000002,0.1912884873325492,0.005069586047821373,0.01482914669370683,-0.0003137513800076652,,7.641042249906249e-05,False,13
IGROV1_OVARY,ACH-000966,ovary,4,PATHWAY_D20_R20,,,0.21555130452785667,0.8758647845424087,0.49323047991003294,0.3825022892991854,0.19,0.08183671059724103,0.0005190326003895185,0.002109021690712698,-0.0021176544393623764,,-0.0008478728345937825,False,13
ISTMES1_PLEURA,ACH-000569,mesothelioma,0,PATHWAY_D20_R20,,,0.3119557789886871,0.8965016680607332,0.4394117990693502,0.36854791536675285,0.15,0.044202609269113007,-0.0013299348604275951,-0.003821980232745492,-0.0017528495114952913,,-0.0008192575307350847,False,13
J82_URINARY_TRACT,ACH-000396,urinary_tract,0,PATHWAY_D20_R20,,,0.21807636824968163,0.8901851203990281,0.46842711353778593,0.360296310939077,0.26,0.06622689027982238,-0.0004049432954881249,-0.0016529736768000625,-0.0010713881159455374,,0.0019156751681880801,False,13
JHH5_LIVER,ACH-000734,liver,4,PATHWAY_D20_R20,,,0.36875632566081207,0.8886226235142102,0.4373125314695184,0.3453610375933442,0.18,0.0574749558141028,-0.0025380609763036577,-0.006116175497085652,-0.0028833768513255587,,0.0017749841181394221,False,13
KNS42_CENTRAL_NERVOUS_SYSTEM,ACH-000622,central_nervous_system,3,PATHWAY_D20_R20,,,0.28868950922195535,0.9616650117286536,0.3260110325929086,0.26759742580209034,0.12,0.09111474235389909,0.0005836476302950588,0.0019442116436644286,-0.0005886522731127775,,-0.0008010390204268303,False,13
KNS60_CENTRAL_NERVOUS_SYSTEM,ACH-000445,central_nervous_system,4,PATHWAY_D20_R20,,,0.2792276490094339,0.9360651596404699,0.3858977514594785,0.2934453949186087,0.24,0.1082135175671187,0.0018008829725935094,0.006037166495562851,0.00020958175013585656,,-0.0006544857350099242,False,13
KNS81_CENTRAL_NERVOUS_SYSTEM,ACH-000479,central_nervous_system,0,PATHWAY_D20_R20,,,0.34355777153219513,0.8935977938895362,0.4470087075365823,0.35668566921830075,0.18,0.08250222144731,0.001151997241286673,0.0029963583381904524,-0.0004604591399282598,,-0.0008545278260812528,False,13
KYSE270_OESOPHAGUS,ACH-000873,esophagus,3,PATHWAY_D20_R20,,,0.2577040973110216,0.8944335072738018,0.47047100477289167,0.365127202160371,0.27,-0.0033430208293511983,-0.0057734529733649564,-0.020038368989588884,-0.004813111482293242,,-0.0052741562277032195,False,13
LI7_LIVER,ACH-000471,liver,1,PATHWAY_D20_R20,,,0.42818264138342227,0.9709953152963351,0.2574743931763892,0.20539666921347963,0.11,0.018439187742502215,-0.0023460580964227984,-0.00532018629638864,-0.0008057946504226865,,-0.0010433225634815524,False,13
LK2_LUNG,ACH-000769,lung,3,PATHWAY_D20_R20,,,0.30948197534577887,0.969395832627755,0.2763637467263389,0.22428620879923053,0.14,0.08823470851166992,5.9888047051037674e-05,0.00018758838271804024,-0.0010044876754782828,,-0.0009329131618893705,False,13
LMSU_STOMACH,ACH-000255,gastric,3,PATHWAY_D20_R20,,,0.2399077210826071,0.8470561422782358,0.5249956732116892,0.40718747721522663,0.29000000000000004,0.1575585352226942,0.0031392557524620723,0.011083952843642275,-0.00048233858736340673,,-0.0001892878951346988,False,13
LN229_CENTRAL_NERVOUS_SYSTEM,ACH-000595,central_nervous_system,1,PATHWAY_D20_R20,,,0.31445023905130365,0.8703910412889075,0.4831788080754211,0.36727063046362757,0.22,0.09816968895397445,-0.0005084966499185883,-0.0014075070508766663,-0.0020560672215038656,,-0.0021727259659569675,False,13
LNCAPCLONEFGC_PROSTATE,ACH-000977,prostate,4,PATHWAY_D20_R20,,,0.2674979721560657,0.9937060312069347,0.2838508650673114,0.23659905807804835,0.16,0.14102094382912134,0.0015708826042999946,0.005835541501975294,-0.0019446732044194892,,0.0003100316437563144,False,13
LOVO_LARGE_INTESTINE,ACH-000950,colorectal,0,PATHWAY_D20_R20,,,0.29121573221502817,0.8385598217543189,0.5444555732605824,0.41499836157457465,0.24,0.1800799350171413,0.004641441359166221,0.013365096072322391,-0.00112849782676816,,0.0006870234965535293,False,13
LUDLU1_LUNG,ACH-000390,lung,2,PATHWAY_D20_R20,,,0.3210373377897556,0.9305623820051311,0.3752550420192389,0.28670251324919616,0.21000000000000002,0.07521964131369074,0.00022848876831305098,0.0006623000737754348,0.0005134981547991191,,0.0008044351952908313,False,13
MALME3M_SKIN,ACH-000477,skin,0,PATHWAY_D20_R20,,,0.5983265820996251,0.9209534928948848,0.37811997245601076,0.28956333371524945,0.11000000000000001,0.17548686983738124,0.009395555316481063,0.014461783489605251,0.0016411715247204306,,0.0006318415075758921,False,13
MDAMB435S_SKIN,ACH-000884,skin,1,PATHWAY_D20_R20,,,0.2731372006505507,0.8874609165424352,0.48355651286481893,0.3705821611646391,0.19,0.06595472207439819,-0.002979251436159569,-0.009680004056009883,-0.0014421165580819073,,-0.001563408161567914,False,13
MDAMB468_BREAST,ACH-000849,breast,0,PATHWAY_D20_R20,,,0.2613239350408725,0.9042033162797345,0.4550319793363817,0.3219794290491669,0.27,0.06142814087955,-9.096569716521286e-05,-0.00031474914470286386,-0.0002847550551540734,,-0.001021669088719701,False,13
MIAPACA2_PANCREAS,ACH-000601,pancreas,0,PATHWAY_D20_R20,,,0.2623899846547548,0.7936755376701029,0.6299986491661634,0.4764892307809822,0.27,0.07312455534645279,0.0003005635536418305,0.00090914270357767,-0.0008169226800473495,,0.00161959050572269,False,13
MSTO211H_PLEURA,ACH-000335,mesothelioma,2,PATHWAY_D20_R20,,,0.23680123673955564,0.8073561484167538,0.5805126953386668,0.4428041671207927,0.26,0.08787558258007566,-0.00031828967927416407,-0.0010851849132115232,-0.0006572467715796337,,0.0006759572176748552,False,13
NCIH1048_LUNG,ACH-000866,lung,4,PATHWAY_D20_R20,,,0.40690161487161947,0.9568953085340413,0.28008775915368156,0.23795165854541653,0.07,0.11436974838005277,0.0023226071125155845,0.005461988275065388,0.0018182677496570432,,0.00022569609190781215,False,13
NCIH1299_LUNG,ACH-000510,lung,3,PATHWAY_D20_R20,,,0.1787298247018609,0.8050354178526696,0.598179461583756,0.4563243710823886,0.38,0.1184227708709374,0.0015951689256439305,0.007184964707169006,-0.0014013516477133225,,-0.0011906204199122195,False,13
NCIH1355_LUNG,ACH-000666,lung,1,PATHWAY_D20_R20,,,0.33266564512123514,0.8808146526215497,0.4576223202018808,0.36388260404575606,0.14,0.009181761112859623,-0.0013670830684262003,-0.0036196908688355123,-0.000813102051524961,,0.00042175048290088446,False,13
NCIH1573_LUNG,ACH-000916,lung,4,PATHWAY_D20_R20,,,0.37266918449647346,0.933408534498205,0.34980254804418676,0.28682576101641927,0.15,0.0639097356786131,0.00036111931287124976,0.0009044800660445995,-0.000497186839776953,,-0.0001689569684312775,False,13
NCIH1581_LUNG,ACH-000015,lung,2,PATHWAY_D20_R20,,,0.2456560748537471,0.8976992847618754,0.435703955265029,0.36524110690164147,0.19,0.1259736637777264,0.0019067672783841527,0.006967886395774503,-0.0008769608659925099,,-0.0003585528974218155,False,13
NCIH1650_LUNG,ACH-000035,lung,4,PATHWAY_D20_R20,,,0.3504118147205138,0.9331424170510465,0.35601169674015876,0.2917243133261057,0.16999999999999998,0.05606098224073078,0.0003301937136798716,0.0008793018589400292,0.0006567538253305916,,-5.388534671152412e-05,False,13
NCIH1693_LUNG,ACH-000021,lung,3,PATHWAY_D20_R20,,,0.2431952355624969,0.8371518722987089,0.5374305679618385,0.42962286924825693,0.31000000000000005,0.03762022783723686,-0.001419290046191457,-0.004885627453827146,0.00011969936310310403,,0.00027180316170291596,False,13
NCIH1793_LUNG,ACH-000888,lung,2,PATHWAY_D20_R20,,,0.32031722162900794,0.9415624161882755,0.3524905496883682,0.2785358372949371,0.14,0.05392223582485485,-0.00010502104616244567,-0.0003087060679174414,-0.0007928338292617632,,-0.0006386518527329299,False,13
NCIH1915_LUNG,ACH-000434,lung,2,PATHWAY_D20_R20,,,0.34104955954174554,0.8678641439151972,0.49587032961893684,0.40346100511219873,0.19,0.12378376638532039,0.002533340247323712,0.006446556236412326,0.00044364654378298285,,0.0010062121562156578,False,13
NCIH2126_LUNG,ACH-000785,lung,1,PATHWAY_D20_R20,,,0.2853414668120595,0.9543203457854864,0.34068788378622716,0.2525532651138235,0.27,0.09816888185899035,0.0011975689767003694,0.004005251857415515,0.0031425097300185056,,0.0009366100920852882,False,13
NCIH2347_LUNG,ACH-000875,lung,0,PATHWAY_D20_R20,,,0.48428127810816246,0.9110743662177889,0.414373206524303,0.31774769703983985,0.1,0.14073095326190357,0.0041377136114246205,0.00778424642151343,0.0020500785827182177,,0.0006197315202711162,False,13
NCIH23_LUNG,ACH-000900,lung,0,PATHWAY_D20_R20,,,0.27502396486810754,0.8956949120855714,0.44762587869053716,0.34025341522118896,0.25,0.10898325998116559,0.001768374754732016,0.00575922273258489,-0.001093422546607159,,-0.0005370991352279253,False,13
NCIH2444_LUNG,ACH-000186,lung,2,PATHWAY_D20_R20,,,0.32807742061197703,0.8510475546593188,0.5351345761647363,0.4061133399376385,0.28,0.17957925190858406,0.005016142017852165,0.013012097541348133,-0.00017758370336412588,,-0.0004000397783801568,False,13
NCIH322_LUNG,ACH-000837,lung,4,PATHWAY_D20_R20,,,0.3197575204032696,0.9133663217999527,0.4035662327674799,0.3250585109401654,0.18,0.05064628021933225,-0.00033277016064253706,-0.0009505360726075329,-0.000990442641439715,,-0.000660024492084299,False,13
NCIH522_LUNG,ACH-000343,lung,1,PATHWAY_D20_R20,,,0.3264739471598892,0.9685326103803973,0.27438062102862343,0.23962062625034103,0.13,0.14749059091858074,0.0030948713055699573,0.009181387398446983,-0.0022130010632614994,,-0.001292951051890423,False,13
NCIH838_LUNG,ACH-000416,lung,4,PATHWAY_D20_R20,,,0.20838093614813985,0.891521775429305,0.4749982079815436,0.3706331376670552,0.26,0.23996439608549638,0.005664047007390316,0.024232644969757855,0.005815619407879752,,0.0021640090553617375,False,13
NCIH841_LUNG,ACH-000292,lung,1,PATHWAY_D20_R20,,,0.2388714834811031,0.902870573457878,0.4402169757730754,0.35874077813939687,0.25,0.14725112107504643,0.002662024652923589,0.010061744038753262,-0.002422565750466704,,-0.0014609163702462014,False,13
NUGC3_STOMACH,ACH-000911,gastric,4,PATHWAY_D20_R20,,,0.3128768593000166,0.8744515176338219,0.4831347009499682,0.38775298451069073,0.19,0.0942497719617797,0.0012224197107106316,0.003416509529045708,-0.0006501375877748794,,-0.0002649702259301945,False,13
OAW42_OVARY,ACH-000704,ovary,3,PATHWAY_D20_R20,,,0.17802138071307314,0.8159693272756849,0.5690179591524829,0.42145037973179406,0.35,0.12615270605561515,0.0005952271885900084,0.0027282516667634926,-0.0014821939145900354,,-0.0004451055840416218,False,13
OSRC2_KIDNEY,ACH-000159,kidney,4,PATHWAY_D20_R20,,,0.30665700024753745,0.9134137802923086,0.4077272493118695,0.344789044129433,0.14,0.06786939267327168,0.0003063196035674731,0.0009124088047766099,0.0005362561426738299,,0.0006253827508669318,False,13
PANC0403_PANCREAS,ACH-000235,pancreas,1,PATHWAY_D20_R20,,,0.3751769733644741,0.8624961334397193,0.4986997967808102,0.3828669045090123,0.24,0.19643080198256357,0.007253797576737997,0.016675789845484568,0.0005027079209459218,,-0.0005308609364420014,False,13
PATU8988S_PANCREAS,ACH-000022,pancreas,3,PATHWAY_D20_R20,,,0.33135015031061016,0.8921312827425344,0.4692292033444781,0.3493703364408667,0.26,0.15730205778717538,0.003297756601445767,0.008878921057565825,-1.176411884962203e-06,,0.0008954425165277335,False,13
PC3_PROSTATE,ACH-000090,prostate,2,PATHWAY_D20_R20,,,0.27838715452894336,1.0784744652443847,0.19852906809349327,0.16421340454017525,0.08,-0.1881928679474755,-0.008479898945620068,-0.032851208584601554,-0.006688894109945442,,-0.0070068408554536665,False,13
QGP1_PANCREAS,ACH-000347,pancreas,4,PATHWAY_D20_R20,,,0.4960548602678323,0.9367237812341498,0.31752663552496774,0.266948375088723,0.08,0.01663601994555636,-0.002970697358738672,-0.00560970788851356,8.234483925140257e-05,,-0.0013066182408045246,False,13
RCC10RGB_KIDNEY,ACH-000189,kidney,0,PATHWAY_D20_R20,,,0.28265401407924556,0.8801208158935633,0.47907727883410617,0.35750350886362064,0.24000000000000002,0.08332443637926415,0.0014763771125547165,0.004597105167959636,-0.0021935054232375406,,0.0007797425871897135,False,13
RH30_SOFT_TISSUE,ACH-000833,rhabdomyosarcoma,4,PATHWAY_D20_R20,,,0.2584451435877964,0.977390981205018,0.3348059006019896,0.269933406508506,0.14,0.021841244856369325,-0.0007122193070992489,-0.0026934796209951983,-0.001530201655890795,,-0.0020176178237878983,False,13
SKMEL24_SKIN,ACH-000822,skin,3,PATHWAY_D20_R20,,,0.3855082358484833,0.8638406880274573,0.4940724121222347,0.38006729943570766,0.3,0.21251892659257518,0.009373004485563885,0.021002878514056578,-0.0008021019859026923,,-0.0003976425603260947,False,13
SKUT1_SOFT_TISSUE,ACH-000939,soft_tissue,1,PATHWAY_D20_R20,,,0.27716781973814986,0.9141793006444754,0.41624527775532505,0.31790068458434567,0.21,0.09946202799884078,0.0014105149376689163,0.004652284527420836,-0.0017461102335050716,,1.1060702063137029e-05,False,13
SNB75_CENTRAL_NERVOUS_SYSTEM,ACH-000504,central_nervous_system,4,PATHWAY_D20_R20,,,0.34061364367951247,0.9479864420367115,0.33197632956107387,0.2888592108879414,0.09,0.0973313608297926,0.0013849211440716824,0.0038544741005890337,0.003494020562618938,,0.0015103998984620226,False,13
SNU1041_UPPER_AERODIGESTIVE_TRACT,ACH-000618,upper_aerodigestive,2,PATHWAY_D20_R20,,,0.357904053124534,0.8741793861177893,0.48087166797907266,0.3778533544810645,0.15,0.11051021609378317,0.0019211564549883597,0.004692417858351505,-0.0003300786423721114,,0.00028341993879138494,False,13
SNU1105_CENTRAL_NERVOUS_SYSTEM,ACH-000368,central_nervous_system,2,PATHWAY_D20_R20,,,0.33704736739199,0.9119701359480709,0.40275313609346325,0.3336583804122636,0.12000000000000001,0.11869725567943866,0.0021519381611133648,0.0058226336331532735,-0.0004726769673000786,,-0.0005330128526209732,False,13
SNU1214_UPPER_AERODIGESTIVE_TRACT,ACH-000715,upper_aerodigestive,1,PATHWAY_D20_R20,,,0.572421629195061,0.9276283693237416,0.3671304877115095,0.30054787993506654,0.07,0.09096083235488106,0.002477530092988234,0.004014920266623978,-0.0008902950935173459,,5.274307592761929e-05,False,13
SNU245_BILIARY_TRACT,ACH-000268,bile_duct,4,PATHWAY_D20_R20,,,0.35196177477268964,0.9025433726897201,0.41341217419367254,0.3398007822877522,0.12,0.11040113825765195,0.002139696109944522,0.00548687011493687,-0.00010840153018376597,,0.0008218247993254657,False,13
SNU685_ENDOMETRIUM,ACH-000407,uterus,0,PATHWAY_D20_R20,,,0.2953553238892273,0.9605598358731616,0.3260510110037634,0.22812501166021526,0.15,0.04170148428901184,-0.0009946910174170598,-0.0032349518127967603,-0.0031662698231195163,,-0.0030324736969591926,False,13
SW480_LARGE_INTESTINE,ACH-000842,colorectal,3,PATHWAY_D20_R20,,,0.44067254750728707,0.9416532766009487,0.35540937458183497,0.2560645570329387,0.21,0.04522725548885848,-0.0005656522047710055,-0.001208716665134113,-0.0007070107067482789,,-0.0007242957625961943,False,13
SW48_LARGE_INTESTINE,ACH-000958,colorectal,2,PATHWAY_D20_R20,,,0.4277755168651493,0.951786907433153,0.2902568049983517,0.25237948232372515,0.08,0.05756605651997278,6.2238379043844105e-06,1.3847841210723466e-05,0.0002129484775971746,,0.000498543433275378,False,13
SW579_THYROID,ACH-000163,thyroid,2,PATHWAY_D20_R20,,,0.392226416617878,0.9205102660894773,0.3899673609218401,0.3077381111843938,0.14,0.1155730761466143,0.002781506993682792,0.006527876844611313,0.0006724423404897983,,0.0011950471340714808,False,13
SW900_LUNG,ACH-000669,lung,3,PATHWAY_D20_R20,,,0.3767915556650417,0.8579019542095812,0.5157850347968475,0.398354307112101,0.19,0.17290563819403357,0.00501729578291199,0.01142368450750042,0.004343164687229284,,0.004222577626679991,False,13
TE11_OESOPHAGUS,ACH-000488,esophagus,4,PATHWAY_D20_R20,,,0.2925942795659321,0.949218623924939,0.3826822229424572,0.28244067554424,0.18,0.06155336760645907,-0.0037660581680640792,-0.01221764334290587,0.0013540999237959817,,0.0023719020257760848,False,13
TE6_OESOPHAGUS,ACH-000605,esophagus,0,PATHWAY_D20_R20,,,0.3483403935454637,0.9323756625608823,0.36336550512316673,0.28090668399568347,0.2,0.04370513449616905,-0.00027058903755927677,-0.000724264649896611,0.0008654017955955773,,-0.0002475253652649001,False,13
TEN_ENDOMETRIUM,ACH-000397,uterus,1,PATHWAY_D20_R20,,,0.30330878049812104,0.9365499160459234,0.35818135581905924,0.2856906623392503,0.16,0.07898469231058794,0.0009248311825688638,0.002855672575548418,-0.00028885632819714013,,-0.00013880238729324645,False,13
TUHR4TKB_KIDNEY,ACH-000495,kidney,1,PATHWAY_D20_R20,,,0.32775665445182084,0.9335871641534643,0.3680597620788737,0.29935682196242563,0.13,0.08184854779346869,0.0007965625105151308,0.0022689410730853954,-0.001676796902242761,,-0.0008489546737604492,False,13
UACC257_SKIN,ACH-000579,skin,0,PATHWAY_D20_R20,,,0.37196918403490653,0.8387845760014548,0.5469324731546459,0.42304684985335994,0.13,0.2486301914718855,0.011894846808318649,0.026822689795135024,0.0017500797807695756,,0.0028518182552411675,False,13
22RV1_PROSTATE,ACH-000956,prostate,1,LINEAGE_D20_R20,,,0.4129332978290237,0.9621457558958261,0.2654850298902144,0.23814452251704896,0.05,0.08803367242793601,0.001645642825739757,0.003834392307014989,0.00034759630010738896,,0.00021249132564626905,False,14
42MGBA_CENTRAL_NERVOUS_SYSTEM,ACH-000323,central_nervous_system,2,LINEAGE_D20_R20,,,0.2110221091476469,0.881557133870024,0.4971618794563577,0.3746223658093648,0.31,0.15992746743466343,0.0029642131773972014,0.012383172945246712,0.001034273933410379,,0.0010781393888698865,False,14
769P_KIDNEY,ACH-000411,kidney,3,LINEAGE_D20_R20,,,0.2603165240969347,0.8896223404406328,0.4620916922136729,0.334313702397447,0.33999999999999997,0.08197172389564197,0.0006900234642379099,0.0023581303236274165,-0.0003830668426098027,,0.0005114089912754971,False,14
786O_KIDNEY,ACH-000649,kidney,2,LINEAGE_D20_R20,,,0.18665334983933782,0.8764720998894592,0.5319030979417012,0.3906302463162814,0.35,0.24278362136931964,0.006572131199815839,0.030860896085764367,0.0012150344107146882,,0.0017425065038101928,False,14
8505C_THYROID,ACH-001307,thyroid,0,LINEAGE_D20_R20,,,0.28527620826816824,0.8487932379725216,0.5230399787009733,0.42047908110736987,0.24,0.1229463605981468,0.0021876712253517394,0.006509062056938575,-0.0003815031368406552,,0.0003660714079966598,False,14
A2780_OVARY,ACH-000657,ovary,0,LINEAGE_D20_R20,,,0.2743650449723965,0.8633670251818772,0.5037617626802479,0.40163732300449584,0.16999999999999998,0.03103341106321059,-0.0011485098563155938,-0.0036141103110967077,-0.001867596053442,,-0.00020638239121051338,False,14
A375_SKIN,ACH-000219,skin,1,LINEAGE_D20_R20,,,0.3827737157037298,0.8073361181457659,0.6420123097200295,0.4931383969617703,0.2,0.24866533618912298,0.009355535017233962,0.019732445082087602,0.00035530808476857967,,0.001336440398691796,False,14
ACCMESO1_PLEURA,ACH-000086,mesothelioma,3,LINEAGE_D20_R20,,,0.18932119537692574,0.8672339747370726,0.5242581733356692,0.38460696451232135,0.39,0.15642444750614007,0.0028950782578592293,0.01326164363023108,0.0005448374977415626,,0.0005281550809766722,False,14
AGS_STOMACH,ACH-000880,gastric,0,LINEAGE_D20_R20,,,0.28341730029511936,0.8778091720784361,0.47431481836411693,0.36633577668913725,0.22,0.0866624755959589,0.0005120636621969155,0.0015859800333164475,-0.00016563000623864843,,0.00013787162123735097,False,14
BEN_LUNG,ACH-000603,lung,0,LINEAGE_D20_R20,,,0.27824459881416125,1.0244700339663733,0.2698655480139441,0.20068481289669338,0.21000000000000002,0.041946030027451134,-0.007520551839623857,-0.027689953484887453,-0.0026179861296340423,,-3.9067064519671124e-05,False,14
CAL120_BREAST,ACH-000212,breast,1,LINEAGE_D20_R20,,,0.22211513795972343,0.8934224156818488,0.47207252169063124,0.3703074081961013,0.27,0.0769756605022296,0.000262627057651843,0.0010563750963847873,-0.00226073679032493,,0.00021905207809785887,False,14
CAL62_THYROID,ACH-000174,thyroid,3,LINEAGE_D20_R20,,,0.238870027686909,0.7765489734496291,0.6434483122896344,0.49746318746530166,0.28,0.13532720256987743,0.0024645383022907086,0.008012033603393864,0.0009437049941360132,,0.0016961838294740073,False,14
CAOV3_OVARY,ACH-000713,ovary,2,LINEAGE_D20_R20,,,0.29676367284280486,0.9060824301379564,0.4342667692870534,0.3380718146990403,0.24000000000000002,-0.007746093922988494,-0.0024879753927570247,-0.0075963165181165415,-0.0018090101356629806,,-0.0013176158516488568,False,14
CJM_SKIN,ACH-000458,skin,3,LINEAGE_D20_R20,,,0.4337086544721216,0.8941178732557523,0.43433836626422084,0.3463453891871315,0.12,0.14125888109370469,0.004709768501125033,0.009709486200772832,0.0013157769741451997,,0.0014734268806850248,False,14
COLO668_LUNG,ACH-000803,lung,1,LINEAGE_D20_R20,,,0.42238649032005116,0.9741217378176035,0.236537900830022,0.21353257025268288,0.09,0.06025032865206003,-0.0011898662706428809,-0.002744109070465184,-0.0019271797856170725,,-0.00022616706725714364,False,14
COLO680N_OESOPHAGUS,ACH-000717,esophagus,2,LINEAGE_D20_R20,,,0.2747283290000663,0.8842655798737367,0.4809735616561515,0.3610356466751145,0.25,0.06450268676676656,-0.00031432024312239015,-0.0010116997146318862,-0.0008335867440399936,,5.764150419801384e-05,False,14
COV434_OVARY,ACH-000123,ovary,1,LINEAGE_D20_R20,,,0.34404780474244934,0.9718366536758488,0.2564065738381368,0.2181870328574798,0.08,0.1274902102494539,0.0026211790734511076,0.007404081247763927,-0.001190939016720849,,-1.2542702349127577e-05,False,14
DMS273_LUNG,ACH-000749,lung,0,LINEAGE_D20_R20,,,0.20966025386214013,0.9232968689367143,0.4105617061498418,0.3164525161060589,0.30000000000000004,0.24434970642248302,0.006262608681822351,0.027579128045435497,0.0007556679260567745,,-0.0004762311218826365,False,14
EFM192A_BREAST,ACH-000117,breast,4,LINEAGE_D20_R20,,,0.37604556192067246,0.9523658309062915,0.3000259325802626,0.24626194758130374,0.13,0.07935570578045797,3.384782314985735e-05,8.572235250925431e-05,0.0008019122054088723,,8.924599848803005e-05,False,14
G401_SOFT_TISSUE,ACH-000096,rhabdoid,2,LINEAGE_D20_R20,,,0.2914196837195767,0.9140887946771181,0.3970766529773044,0.35430462553468206,0.11000000000000001,0.05686208779962474,1.3944458522430203e-05,4.3739232437944864e-05,-0.0014952846465383085,,-0.000455825392423892,False,14
GCIY_STOMACH,ACH-000047,gastric,1,LINEAGE_D20_R20,,,0.2096991582074487,0.8419227763279932,0.5401992559945966,0.42463742755288,0.26,0.1038186965995228,0.0013181442882497507,0.005292227723996068,-0.0006544952027029982,,0.00011245363593270774,False,14
GP2D_LARGE_INTESTINE,ACH-000982,colorectal,1,LINEAGE_D20_R20,,,0.26232030506942117,0.9193685755563556,0.4126349554328361,0.3297239576298486,0.16999999999999998,0.08597804129076508,-0.00022886881935396675,-0.0008021292914517364,0.0007580009293836065,,-0.0003769456465487764,False,14
HCC1143_BREAST,ACH-000374,breast,2,LINEAGE_D20_R20,,,0.3006939571144183,0.9187557882269681,0.42121653938332765,0.32381721662411733,0.22999999999999998,0.028711741661772244,-0.00021323975805059847,-0.0006515437286109815,0.0003371634176707605,,0.0005890368835206883,False,14
HCC1195_LUNG,ACH-000868,lung,0,LINEAGE_D20_R20,,,0.343468291269935,0.9008845336316184,0.44024771159443427,0.34008217764032606,0.2,0.042336168728348736,8.83268936441306e-06,2.316730085716312e-05,0.00015539158333038872,,-0.0003177155032308976,False,14
HCC1419_BREAST,ACH-000277,breast,3,LINEAGE_D20_R20,,,0.41596984023933126,0.9465062280566724,0.29984253644526315,0.2390904838108608,0.05,0.06836846295385299,0.00046615135198901925,0.0010606902597091183,0.00017701086081145512,,-7.709723486237774e-05,False,14
HEC1B_ENDOMETRIUM,ACH-000941,uterus,4,LINEAGE_D20_R20,,,0.2610603189388415,0.905783052937574,0.43659356450639986,0.34223509308662975,0.17,0.09724227843980646,0.001454337105398995,0.0050460135369608805,-0.001095600447545031,,0.0001660977518372908,False,14
HEP3B217_LIVER,ACH-000625,liver,3,LINEAGE_D20_R20,,,0.49818249163533157,0.9625242075646926,0.26114082366182767,0.20313608139263478,0.08,0.0440191903515899,-0.0009744836644744459,-0.0018827721421000865,-0.0015882448604458976,,-0.0015960371334783896,False,14
HS766T_PANCREAS,ACH-000178,pancreas,2,LINEAGE_D20_R20,,,0.5647640741709448,0.9029486322226675,0.43523608974044853,0.367760705133676,0.08,0.1575133310654179,0.005700091077354585,0.009113344274593649,0.003825098261001525,,0.0038890767444892393,False,14
HS852T_SKIN,ACH-000274,skin,4,LINEAGE_D20_R20,,,0.560951116914902,0.9379635369714336,0.3245449228644586,0.2791661953758841,0.06,0.10786269578281635,0.004108505688723785,0.006869811666757486,0.00037012684807002927,,1.872659908919161e-06,False,14
HUCCT1_BILIARY_TRACT,ACH-000976,bile_duct,3,LINEAGE_D20_R20,,,0.35436420694562254,0.8212078039560965,0.589266031701417,0.4380591666019134,0.27,0.26590794220495123,0.009378575357001262,0.02173402144517833,0.004307727456805965,,0.004361708187855751,False,14
IGR1_SKIN,ACH-000882,skin,2,LINEAGE_D20_R20,,,0.2929238884898902,0.8568374757884498,0.5155212857802985,0.400456020984101,0.2,0.18319609627718744,0.003196023857996111,0.00934875277384406,-0.002187313569832927,,-0.0017971517673261994,False,14
IGROV1_OVARY,ACH-000966,ovary,4,LINEAGE_D20_R20,,,0.21504100875959872,0.8737912638365278,0.49750896855470866,0.38617252913951716,0.19,0.09368568085311124,0.0010293283686474697,0.004182542396593547,-0.0016073586711044252,,-0.0003375770663358313,False,14
ISTMES1_PLEURA,ACH-000569,mesothelioma,0,LINEAGE_D20_R20,,,0.310784169678727,0.8931346853938316,0.44583100100203293,0.3726574165968384,0.14,0.051286354920676035,-0.00015832555046751962,-0.0004549975658438843,-0.0005812402015352158,,0.00035235177922499084,False,14
J82_URINARY_TRACT,ACH-000396,urinary_tract,0,LINEAGE_D20_R20,,,0.21864027843409456,0.8924869950103621,0.46771665320542394,0.35687940495377585,0.25,0.03587838664751265,-0.0009688534799010551,-0.003954848288134083,-0.0016352983003584676,,0.00135176498377515,False,14
JHH5_LIVER,ACH-000734,liver,4,LINEAGE_D20_R20,,,0.3708537687540806,0.89367700564819,0.42715449473863687,0.339271251586165,0.17,0.04831359279893266,-0.004635504069572194,-0.011170557631065448,-0.004980819944594095,,-0.00032245897512911403,False,14
KNS42_CENTRAL_NERVOUS_SYSTEM,ACH-000622,central_nervous_system,3,LINEAGE_D20_R20,,,0.2887975207342873,0.9620248131379723,0.32554515434705844,0.26752996306106913,0.12,0.08287357904007357,0.00047563611796308525,0.0015844102343457456,-0.000696663785444751,,-0.0009090505327588039,False,14
KNS60_CENTRAL_NERVOUS_SYSTEM,ACH-000445,central_nervous_system,4,LINEAGE_D20_R20,,,0.2784797641510765,0.9335579976104398,0.3891718586926712,0.29567678076116954,0.25,0.12514226716632879,0.0025487678309509265,0.008544328525592948,0.0009574666084932737,,9.33991233474929e-05,False,14
KNS81_CENTRAL_NERVOUS_SYSTEM,ACH-000479,central_nervous_system,0,LINEAGE_D20_R20,,,0.3428569259241482,0.8917748862416758,0.451134948748046,0.3588030168737072,0.18,0.10139031525545485,0.0018528428493336246,0.004819265986050869,0.0002403864681186918,,-0.00015368221803430115,False,14
KYSE270_OESOPHAGUS,ACH-000873,esophagus,3,LINEAGE_D20_R20,,,0.2547988990531953,0.8843502113767358,0.47823831265134437,0.3701715555205571,0.22999999999999998,0.028528599606619975,-0.002868254715538643,-0.00995507309252286,-0.0019079132244669283,,-0.002368957969876906,False,14
LI7_LIVER,ACH-000471,liver,1,LINEAGE_D20_R20,,,0.42749208245598236,0.9694293258827666,0.2604214608230661,0.20861990999643545,0.11,0.03273836453561169,-0.001655499168982888,-0.0037541968828201933,-0.00011523572298277607,,-0.00035276363604164196,False,14
LK2_LUNG,ACH-000769,lung,3,LINEAGE_D20_R20,,,0.3098428262014908,0.9705261321075113,0.2768983254586648,0.22677684084820757,0.16,0.07108331481054737,-0.0003009628086608762,-0.0009427110970382513,-0.0013653385311901967,,-0.0012937640176012843,False,14
LMSU_STOMACH,ACH-000255,gastric,3,LINEAGE_D20_R20,,,0.23898453672364756,0.8437966015757395,0.5299486915166518,0.4129857497477658,0.28,0.18116117453120323,0.004062440111421622,0.014343493546138508,0.00044084577159614335,,0.0007338964638248513,False,14
LN229_CENTRAL_NERVOUS_SYSTEM,ACH-000595,central_nervous_system,1,LINEAGE_D20_R20,,,0.3120546779541367,0.8637601831788135,0.4940267349498038,0.37988291252202677,0.22,0.11588456061532378,0.0018870644472483433,0.0052233510592173404,0.0003394938756630661,,0.00022283513120996412,False,14
LNCAPCLONEFGC_PROSTATE,ACH-000977,prostate,4,LINEAGE_D20_R20,,,0.2685869131079011,0.9977512476351017,0.2810028776481211,0.23657904854681688,0.16,0.13214853225461068,0.0004819416524645681,0.0017903250738082743,-0.0030336141562549157,,-0.0007789093080791121,False,14
LOVO_LARGE_INTESTINE,ACH-000950,colorectal,0,LINEAGE_D20_R20,,,0.2921770070921649,0.8413278263655308,0.5412451733948185,0.4139617262808217,0.25,0.15752638075283873,0.003680166482029512,0.01059709146111043,-0.0020897727039048686,,-0.0002742513805831792,False,14
LUDLU1_LUNG,ACH-000390,lung,2,LINEAGE_D20_R20,,,0.3216332331031339,0.9322896507585438,0.3733161779168204,0.28514008026673276,0.19,0.06632408822585541,-0.00036740654506528525,-0.0010649686796372348,-8.239715857921714e-05,,0.00020853988191249506,False,14
MALME3M_SKIN,ACH-000477,skin,0,LINEAGE_D20_R20,,,0.5993368711345501,0.9225085453417986,0.3730711277676823,0.2864992341566839,0.11000000000000001,0.160227852815432,0.008385266281556003,0.012906731042691466,0.0006308824897953702,,-0.0003784475273491683,False,14
MDAMB435S_SKIN,ACH-000884,skin,1,LINEAGE_D20_R20,,,0.27229828339400364,0.8847351571964902,0.4860825715072803,0.3740289459089551,0.19,0.07560446037839966,-0.002140334179612513,-0.006954244710064894,-0.0006031993015348514,,-0.0007244909050208581,False,14
MDAMB468_BREAST,ACH-000849,breast,0,LINEAGE_D20_R20,,,0.2610387335483116,0.9032164945584821,0.4536484356396226,0.3202249621050265,0.3,0.05895627355785198,0.0001942357953956808,0.0006720725765495539,4.464374068202659e-07,,-0.0007364675961588074,False,14
MIAPACA2_PANCREAS,ACH-000601,pancreas,0,LINEAGE_D20_R20,,,0.2632629082516218,0.7963159513505256,0.6257804769983624,0.4750049907559565,0.24000000000000002,0.05595377904430045,-0.0005723600432251397,-0.0017312709768450008,-0.0016898462769143197,,0.0007466669088557198,False,14
MSTO211H_PLEURA,ACH-000335,mesothelioma,2,LINEAGE_D20_R20,,,0.2363301876441442,0.805750141671929,0.58297499018915,0.4444568469451455,0.27,0.08815468702077195,0.00015275941613726585,0.0005208218316132829,-0.00018619767616820382,,0.001147006313086285,False,14
NCIH1048_LUNG,ACH-000866,lung,4,LINEAGE_D20_R20,,,0.4070353110541438,0.9572097168459052,0.2794546425877276,0.23854179291430602,0.08,0.11100744964164866,0.002188910929991239,0.005147579963201476,0.0016845715671326977,,9.19999093834667e-05,False,14
NCIH1299_LUNG,ACH-000510,lung,3,LINEAGE_D20_R20,,,0.17834136356093486,0.8032857100049359,0.5975937878820287,0.4545402888010167,0.41000000000000003,0.13775062961209522,0.0019836300665699858,0.008934672554902767,-0.0010128905067872673,,-0.0008021592789861642,False,14
NCIH1355_LUNG,ACH-000666,lung,1,LINEAGE_D20_R20,,,0.3335247391921524,0.8830893168579739,0.4518348380895241,0.3602889057166332,0.14,0.008335528352786111,-0.002226177139343477,-0.005894355105259708,-0.0016721961224422377,,-0.0004373435880163923,False,14
NCIH1573_LUNG,ACH-000916,lung,4,LINEAGE_D20_R20,,,0.3725723480336594,0.933165992360026,0.35046464202091654,0.2880247741675321,0.14,0.061793124854743406,0.00045795577568530366,0.001147022204223691,-0.0004003503769628991,,-7.212050561722361e-05,False,14
NCIH1581_LUNG,ACH-000015,lung,2,LINEAGE_D20_R20,,,0.2454126947457693,0.8968099025270293,0.4362551870920885,0.3640672791017711,0.19,0.133530960107519,0.0021501473863619613,0.00785726863062064,-0.0006335807580147013,,-0.00011517278944400688,False,14
NCIH1650_LUNG,ACH-000035,lung,4,LINEAGE_D20_R20,,,0.3504660616639656,0.9332868760042088,0.35632871288528634,0.2969626547408081,0.16999999999999998,0.05562366755419541,0.0002759467702280749,0.0007348429057777439,0.0006025068818787949,,-0.00010813229016332082,False,14
NCIH1693_LUNG,ACH-000021,lung,3,LINEAGE_D20_R20,,,0.24338503588452334,0.8378052226597053,0.5364468343579113,0.4312534127065434,0.33999999999999997,0.04176757022658278,-0.001609090368217908,-0.005538977814823487,-7.0100958923347e-05,,8.200283967646493e-05,False,14
NCIH1793_LUNG,ACH-000888,lung,2,LINEAGE_D20_R20,,,0.31951994966690034,0.9392188602870862,0.35533513405858647,0.2806355897124895,0.14,0.07486114649337976,0.0006922509159451584,0.0020348498332718457,4.438132845840936e-06,,0.0001586201093746742,False,14
NCIH1915_LUNG,ACH-000434,lung,2,LINEAGE_D20_R20,,,0.3415522080540816,0.8691432267013909,0.4938334493871417,0.40068418516936527,0.18,0.10918255188307086,0.002030691734987655,0.005167473450218618,-5.900196855307405e-05,,0.000503563643879601,False,14
NCIH2126_LUNG,ACH-000785,lung,1,LINEAGE_D20_R20,,,0.2862162630674892,0.9572460890162219,0.33975168003027667,0.252540967451029,0.27,0.07827946165235847,0.000322772721270681,0.001079508626680048,0.0022677134745888172,,6.181383665559981e-05,False,14
NCIH2347_LUNG,ACH-000875,lung,0,LINEAGE_D20_R20,,,0.4853187715322325,0.9130261940222465,0.41055007451022163,0.3156857446350719,0.1,0.12756016996590694,0.003100220187354563,0.005832418617055857,0.0010125851586481605,,-0.00041776190379894107,False,14
NCIH23_LUNG,ACH-000900,lung,0,LINEAGE_D20_R20,,,0.2742506950701245,0.8931765358267788,0.45030928796455294,0.34091539855964026,0.27,0.13241479386357896,0.00254164455271505,0.008277598991377477,-0.00032015274862412513,,0.00023617066275510856,False,14
NCIH2444_LUNG,ACH-000186,lung,2,LINEAGE_D20_R20,,,0.32900657499779373,0.8534578228407598,0.5336709149518531,0.40718234676179943,0.26,0.16339891657185032,0.004086987632035466,0.010601829359907167,-0.0011067380891808254,,-0.0013291941641968563,False,14
NCIH322_LUNG,ACH-000837,lung,4,LINEAGE_D20_R20,,,0.31943599633418357,0.9124479094480528,0.4033307034005427,0.3251492153654056,0.19,0.06406236295830542,-1.1246091556504911e-05,-3.212372070759972e-05,-0.0006689185723536828,,-0.0003385004229982669,False,14
NCIH522_LUNG,ACH-000343,lung,1,LINEAGE_D20_R20,,,0.3252567073313815,0.9649214907831997,0.27920460283983756,0.24210170990098917,0.14,0.18905162082075122,0.004312111134077645,0.012792506995644604,-0.0009957612347538114,,-7.571122338273506e-05,False,14
NCIH838_LUNG,ACH-000416,lung,4,LINEAGE_D20_R20,,,0.21065525893476544,0.901252071905132,0.46656112832240976,0.36239329326662495,0.26,0.1711823837436999,0.0033897242207647227,0.014502348493930839,0.0035412966212541586,,-0.0001103137312638558,False,14
NCIH841_LUNG,ACH-000292,lung,1,LINEAGE_D20_R20,,,0.23748653968126068,0.8976358548361821,0.4431515310834584,0.36180833789887684,0.25,0.1848032855306952,0.004046968452766003,0.01529646266044915,-0.00103762195062429,,-7.597257040378724e-05,False,14
NUGC3_STOMACH,ACH-000911,gastric,4,LINEAGE_D20_R20,,,0.31247797533767113,0.873336687067531,0.4846953421037174,0.3891534622823851,0.16999999999999998,0.10009310657346501,0.0016213036730560737,0.004531340095336622,-0.0002512536254294373,,0.00013391373641524762,False,14
OAW42_OVARY,ACH-000704,ovary,3,LINEAGE_D20_R20,,,0.17784063554703813,0.8151408733509532,0.5746265623333392,0.42755404900858884,0.39,0.10304916882707738,0.0007759723546250097,0.003556705591495235,-0.0013014487485550341,,-0.0002643604180066206,False,14
OSRC2_KIDNEY,ACH-000159,kidney,4,LINEAGE_D20_R20,,,0.3073902097726851,0.9155977307110854,0.4044806098985682,0.3428753730564055,0.13,0.043113090909404676,-0.0004268899215801869,-0.0012715416140002267,-0.0001969533824738301,,-0.00010782677428072818,False,14
PANC0403_PANCREAS,ACH-000235,pancreas,1,LINEAGE_D20_R20,,,0.37447123297609775,0.860873703494917,0.5005003320641226,0.38340110055488674,0.21000000000000002,0.20570478985987345,0.007959537965114338,0.018298219790286896,0.001208448309322263,,0.00017487945193433996,False,14
PATU8988S_PANCREAS,ACH-000022,pancreas,3,LINEAGE_D20_R20,,,0.3333351137474923,0.8974756230890913,0.46167941624145714,0.34496400559285517,0.26,0.13202218813174607,0.0013127931645636193,0.0035345807110088723,-0.00198613984876711,,-0.0010895209203544143,False,14
PC3_PROSTATE,ACH-000090,prostate,2,LINEAGE_D20_R20,,,0.27508823733698057,1.065694428893542,0.20469514101475708,0.16918660278767933,0.1,-0.14278217445869518,-0.005180981753657277,-0.02007117223375876,-0.003389976917982651,,-0.003707923663490875,False,14
QGP1_PANCREAS,ACH-000347,pancreas,4,LINEAGE_D20_R20,,,0.4944657472925063,0.9337229842774344,0.3260302433796077,0.2772452671991796,0.08,0.02677212511879565,-0.0013815843834126817,-0.0026089109317981585,0.0016714578145773928,,0.0002824947345214657,False,14
RCC10RGB_KIDNEY,ACH-000189,kidney,0,LINEAGE_D20_R20,,,0.2828646335578643,0.8807766374214083,0.47862298382950647,0.357024928353036,0.25,0.07675189203051756,0.0012657576339359933,0.00394128364011459,-0.002404124901856264,,0.0005691231085709902,False,14
RH30_SOFT_TISSUE,ACH-000833,rhabdomyosarcoma,4,LINEAGE_D20_R20,,,0.25619138947742126,0.9688677065527856,0.3386945725713013,0.2730349491141591,0.15,0.10652469550828819,0.0015415348032759013,0.0058297950312371505,0.0007235524544843552,,0.00023613628658725183,False,14
SKMEL24_SKIN,ACH-000822,skin,3,LINEAGE_D20_R20,,,0.3862044511986696,0.8654007562470025,0.49220641835354423,0.3789800173697421,0.31,0.20428573229461844,0.008676789135377616,0.019442810294511337,-0.0014983173360889612,,-0.0010938579105123636,False,14
SKUT1_SOFT_TISSUE,ACH-000939,soft_tissue,1,LINEAGE_D20_R20,,,0.2774402337125993,0.9150778003941333,0.4143828327776004,0.3172113100364211,0.21,0.0851897533587855,0.0011381009632194794,0.003753784777762892,-0.0020185242079545085,,-0.0002613532723862999,False,14
SNB75_CENTRAL_NERVOUS_SYSTEM,ACH-000504,central_nervous_system,4,LINEAGE_D20_R20,,,0.341972520504664,0.951768430311537,0.3288695000600767,0.2871938048609802,0.09,0.0632743690749397,2.6044318920170895e-05,7.248582576346863e-05,0.0021351437374674265,,0.00015152307331051107,False,14
SNU1041_UPPER_AERODIGESTIVE_TRACT,ACH-000618,upper_aerodigestive,2,LINEAGE_D20_R20,,,0.3583814440368831,0.8753454117356952,0.4787876629664584,0.3756944572825077,0.16999999999999998,0.10591052279519175,0.0014437655426392526,0.003526392240445597,-0.0008074695547212185,,-0.0001939709735577222,False,14
SNU1105_CENTRAL_NERVOUS_SYSTEM,ACH-000368,central_nervous_system,2,LINEAGE_D20_R20,,,0.3364596516753854,0.9103799167865386,0.40619257758761024,0.335257810380387,0.13,0.12657835650517665,0.0027396538777179624,0.007412852794685509,0.00011503874930451907,,5.470286398362445e-05,False,14
SNU1214_UPPER_AERODIGESTIVE_TRACT,ACH-000715,upper_aerodigestive,1,LINEAGE_D20_R20,,,0.5721316626656581,0.9271584688777945,0.37046062102357447,0.30493767162463453,0.08,0.0980755902665063,0.0027674966223911746,0.004484820712571058,-0.0006003285641144052,,0.00034270960533056005,False,14
SNU245_BILIARY_TRACT,ACH-000268,bile_duct,4,LINEAGE_D20_R20,,,0.35241405205184423,0.9037031573316254,0.41111719268337427,0.33732264679229945,0.13,0.10381854687308426,0.001687418830789933,0.004327085473031511,-0.0005606788093383552,,0.00036954752017087644,False,14
SNU685_ENDOMETRIUM,ACH-000407,uterus,0,LINEAGE_D20_R20,,,0.29223147309256786,0.9504003927691097,0.3353499457561612,0.23265113910108054,0.14,0.12179207851841725,0.0021291597792423844,0.006924491291255164,-4.241902646007212e-05,,9.137709970025165e-05,False,14
SW480_LARGE_INTESTINE,ACH-000842,colorectal,3,LINEAGE_D20_R20,,,0.4394545647419282,0.939050624204444,0.3598753801547899,0.2582591300886574,0.19,0.06708093022630307,0.0006523305605878882,0.001393935731370588,0.0005109720586106148,,0.0004936870027626994,False,14
SW48_LARGE_INTESTINE,ACH-000958,colorectal,2,LINEAGE_D20_R20,,,0.42842125220511823,0.9532236480085681,0.29004090802015026,0.25239813661519733,0.09,0.050177870023659636,-0.0006395115020645381,-0.001422892734204373,-0.0004327868623717479,,-0.00014719190669354454,False,14
SW579_THYROID,ACH-000163,thyroid,2,LINEAGE_D20_R20,,,0.3935161055804181,0.9235370176793302,0.383058893849957,0.3028285827729726,0.13,0.08569734579511978,0.0014918180311426776,0.0035011252547584304,-0.0006172466220503159,,-9.464182846863345e-05,False,14
SW900_LUNG,ACH-000669,lung,3,LINEAGE_D20_R20,,,0.3778160519273906,0.8602345896742966,0.5113555475965462,0.39521910063334414,0.19,0.14764836563594258,0.003992799520563084,0.009091049042785015,0.0033186684248803777,,0.0031980813643310846,False,14
TE11_OESOPHAGUS,ACH-000488,esophagus,4,LINEAGE_D20_R20,,,0.2948384926702927,0.9564991793680454,0.3771494742489063,0.27701181367123895,0.18,0.056695783931850346,-0.006010271272424705,-0.019498198786012222,-0.0008901131805646445,,0.00012768892141545862,False,14
TE6_OESOPHAGUS,ACH-000605,esophagus,0,LINEAGE_D20_R20,,,0.34810024454909627,0.9317328744038086,0.36371975327087797,0.2803268343357172,0.2,0.05008621137795553,-3.0440041191848177e-05,-8.147649282286284e-05,0.0011055507919630059,,-7.376368897471508e-06,False,14
TEN_ENDOMETRIUM,ACH-000397,uterus,1,LINEAGE_D20_R20,,,0.3031719647142894,0.9361274593974518,0.35897752167093144,0.2874330768273601,0.16,0.0846687861124032,0.0010616469664004868,0.0032781292240200433,-0.00015204054436551706,,-1.986603461623382e-06,False,14
TUHR4TKB_KIDNEY,ACH-000495,kidney,1,LINEAGE_D20_R20,,,0.32664961341826837,0.9304338512151066,0.3722243382857376,0.30017914120531825,0.13,0.10494783340666469,0.0019036035440676002,0.0054222540114431395,-0.0005697558686902915,,0.0002580863597920202,False,14
UACC257_SKIN,ACH-000579,skin,0,LINEAGE_D20_R20,,,0.37444946911217175,0.8443775792828809,0.5389059100622561,0.41777001054003876,0.12,0.21843968665513486,0.009414561731053428,0.021229686513708934,-0.0007302052964956451,,0.00037153317797594676,False,14
22RV1_PROSTATE,ACH-000956,prostate,1,BRAF_KRAS_D20_R20,,,0.4182510262187229,0.9745362069155311,0.25131333407209583,0.23161488496278498,0.05,0.03394993138381941,-0.0036720855639594263,-0.008556058712690051,-0.004970132089591794,,-0.005105237064052914,False,15
42MGBA_CENTRAL_NERVOUS_SYSTEM,ACH-000323,central_nervous_system,2,BRAF_KRAS_D20_R20,,,0.21073664212899898,0.8803645787970501,0.4967315325347011,0.3741308955667456,0.32,0.16752239811442776,0.0032496801960451294,0.0135757280182206,0.001319740952058307,,0.0013636064075178145,False,15
769P_KIDNEY,ACH-000411,kidney,3,BRAF_KRAS_D20_R20,,,0.2602358478622799,0.889346632315916,0.4610997257726129,0.3349430317442664,0.36,0.085603038941228,0.0007706996988927073,0.0026338384483441946,-0.0003023906079550054,,0.0005920852259302944,False,15
786O_KIDNEY,ACH-000649,kidney,2,BRAF_KRAS_D20_R20,,,0.18547829916981934,0.8709543894991776,0.5343816570073949,0.39108119234681593,0.36,0.27104234278242595,0.007747181869334319,0.03637860647604596,0.0023900850802331675,,0.002917557173328672,False,15
8505C_THYROID,ACH-001307,thyroid,0,BRAF_KRAS_D20_R20,,,0.2902645231946578,0.8636351625907204,0.5003590800576574,0.40132411839743787,0.23,0.07874350252984386,-0.002800643701137806,-0.008332862561260201,-0.005369818063330201,,-0.004622243518492886,False,15
A2780_OVARY,ACH-000657,ovary,0,BRAF_KRAS_D20_R20,,,0.2749218568215342,0.8651191907677828,0.5008098842220784,0.39907194953915964,0.16999999999999998,0.019044242394600768,-0.0017053217054532888,-0.005366275897002226,-0.002424407902579695,,-0.0007631942403482084,False,15
A375_SKIN,ACH-000219,skin,1,BRAF_KRAS_D20_R20,,,0.37603471516974635,0.7931223978507718,0.6405689680598982,0.4839739786113806,0.24000000000000002,0.2877801202165906,0.016094535551217426,0.03394616537708173,0.007094308618752043,,0.00807544093267526,False,15
ACCMESO1_PLEURA,ACH-000086,mesothelioma,3,BRAF_KRAS_D20_R20,,,0.18806110245679175,0.8614617980429092,0.5272293680321615,0.38548089270785235,0.38,0.19130081032952123,0.0041551711779932166,0.01903382032439449,0.0018049304178755499,,0.0017882480011106594,False,15
AGS_STOMACH,ACH-000880,gastric,0,BRAF_KRAS_D20_R20,,,0.2844986793023514,0.8811584538973403,0.4723693324782081,0.3651848336771109,0.23,0.08631067550460235,-0.0005693153450351263,-0.001763301785587701,-0.0012470090134706902,,-0.0009435073859946908,False,15
BEN_LUNG,ACH-000603,lung,0,BRAF_KRAS_D20_R20,,,0.2738298640086895,1.0082154021230616,0.2799654710359406,0.20686400644073516,0.21000000000000002,0.09415307340766389,-0.0031058170341521363,-0.01143532164157579,0.0017967486758376783,,0.0043756677409520495,False,15
CAL120_BREAST,ACH-000212,breast,1,BRAF_KRAS_D20_R20,,,0.22062388117105114,0.8874240751149886,0.4756918601002161,0.37276552303265775,0.26,0.12406361124710524,0.0017538838463241335,0.007054715663245004,-0.0007694800016526393,,0.0017103088667701494,False,15
CAL62_THYROID,ACH-000174,thyroid,3,BRAF_KRAS_D20_R20,,,0.23887575675984274,0.776567598246338,0.6376624904207444,0.4904648871539677,0.26,0.14117839317089106,0.0024588092293569563,0.007993408806684976,0.0009379759212022609,,0.001690454756540255,False,15
CAOV3_OVARY,ACH-000713,ovary,2,BRAF_KRAS_D20_R20,,,0.2955140668939773,0.9022671181626652,0.4383574316777996,0.3409949630756454,0.23,0.01673058413557017,-0.0012383694439294657,-0.0037810045428253725,-0.0005594041868354216,,-6.800990282129771e-05,False,15
CJM_SKIN,ACH-000458,skin,3,BRAF_KRAS_D20_R20,,,0.4349060671997836,0.8965864154681958,0.4306634264294919,0.34250708487250325,0.12,0.12486134863605086,0.0035123557734630384,0.007240943988329307,0.00011836424648320465,,0.0002760141530230298,False,15
COLO668_LUNG,ACH-000803,lung,1,BRAF_KRAS_D20_R20,,,0.4264937513427378,0.9835940394578818,0.2270771271887665,0.20330069206868878,0.09,0.01909323512434321,-0.00529712729332954,-0.01221641071074353,-0.0060344408083037315,,-0.004333428089943803,False,15
COLO680N_OESOPHAGUS,ACH-000717,esophagus,2,BRAF_KRAS_D20_R20,,,0.27422830347411276,0.8826561522502067,0.4819745925576914,0.361594767409297,0.25,0.07441747818857203,0.00018570528283112786,0.0005977279088981158,-0.00033356121808647554,,0.0005576670301515319,False,15
COV434_OVARY,ACH-000123,ovary,1,BRAF_KRAS_D20_R20,,,0.34361145627410683,0.970604094044701,0.2567022405584721,0.21739708996354645,0.08,0.13734258963235535,0.0030575275417936143,0.008636640878911694,-0.0007545905483783422,,0.00042380576599337916,False,15
DMS273_LUNG,ACH-000749,lung,0,BRAF_KRAS_D20_R20,,,0.2087440081867368,0.9192619278942745,0.4130448738994218,0.31759754326394707,0.32,0.26173846218234464,0.007178854357225678,0.03161406908787523,0.001671913601460101,,0.0004400145535206901,False,15
EFM192A_BREAST,ACH-000117,breast,4,BRAF_KRAS_D20_R20,,,0.3755472503031208,0.9511038163906144,0.3004503777513075,0.24785458844403174,0.13,0.08910242691015897,0.0005321594407015073,0.0013477368681863444,0.0013002238229605223,,0.00058755761603968,False,15
G401_SOFT_TISSUE,ACH-000096,rhabdoid,2,BRAF_KRAS_D20_R20,,,0.2915298619989203,0.914434388115692,0.39481091189264156,0.3527069029845596,0.11000000000000001,0.05955906359789149,-9.623382082113441e-05,-0.00030185420613593195,-0.0016054629258818731,,-0.0005660036717674566,False,15
GCIY_STOMACH,ACH-000047,gastric,1,BRAF_KRAS_D20_R20,,,0.2091944124491672,0.8398962686691892,0.5408175949977961,0.4239315844198999,0.26,0.124143973184531,0.0018228900465312448,0.0073187353828000346,-0.00014974944442150417,,0.0006171993942142018,False,15
GP2D_LARGE_INTESTINE,ACH-000982,colorectal,1,BRAF_KRAS_D20_R20,,,0.26589500254143356,0.9318970167764098,0.4058800029629289,0.32477037118824575,0.16999999999999998,0.03102355581302735,-0.003803566291366356,-0.01333057051150588,-0.0028166965426287827,,-0.003951643118561166,False,15
HCC1143_BREAST,ACH-000374,breast,2,BRAF_KRAS_D20_R20,,,0.3001222815650569,0.9170090613389256,0.42219922765357776,0.3243302221631045,0.22000000000000003,0.04710353866828089,0.00035843579131084047,0.0010951831594315786,0.0009088389670321995,,0.0011607124328821272,False,15
HCC1195_LUNG,ACH-000868,lung,0,BRAF_KRAS_D20_R20,,,0.3438956708645903,0.9020055095021743,0.4384793849188996,0.3381346784549024,0.18,0.02179962803174641,-0.0004185469052908619,-0.001097808569698766,-0.00027198801132488626,,-0.0007450950978861726,False,15
HCC1419_BREAST,ACH-000277,breast,3,BRAF_KRAS_D20_R20,,,0.41647421761735093,0.9476538985928628,0.2960346421171748,0.23858485980014102,0.05,0.060347395360406876,-3.822602603065217e-05,-8.698027648124107e-05,-0.0003273665172082163,,-0.0005814746128820492,False,15
HEC1B_ENDOMETRIUM,ACH-000941,uterus,4,BRAF_KRAS_D20_R20,,,0.2662635625557374,0.9238363898355268,0.4218867971558884,0.3360743231703257,0.17,-0.023377412718684303,-0.0037489065114968967,-0.013007323360991974,-0.006298844064440923,,-0.005037145865058601,False,15
HEP3B217_LIVER,ACH-000625,liver,3,BRAF_KRAS_D20_R20,,,0.4977803175681797,0.9617471785004681,0.26242505764527974,0.20538421472267654,0.09,0.04877669816206959,-0.0005723095973225734,-0.0011057430778755872,-0.001186070793294025,,-0.001193863066326517,False,15
HS766T_PANCREAS,ACH-000178,pancreas,2,BRAF_KRAS_D20_R20,,,0.5633721803722771,0.9007232629770208,0.43700314592102607,0.3667731116169538,0.08,0.173589196261277,0.00709198487602225,0.011338713520240407,0.00521699205966919,,0.005280970543156904,False,15
HS852T_SKIN,ACH-000274,skin,4,BRAF_KRAS_D20_R20,,,0.5622062199943745,0.9400621885084166,0.3210233443553155,0.27786393866117565,0.06,0.0915858230397678,0.0028534026092512654,0.004771160129774521,-0.00088497623140249,,-0.0012532304195636002,False,15
HUCCT1_BILIARY_TRACT,ACH-000976,bile_duct,3,BRAF_KRAS_D20_R20,,,0.35208506496897984,0.8159260933858467,0.5867041692217285,0.4346422752414248,0.27,0.26289005768591384,0.011657717333643958,0.027015732015428173,0.006586869433448661,,0.006640850164498446,False,15
IGR1_SKIN,ACH-000882,skin,2,BRAF_KRAS_D20_R20,,,0.2948728513859955,0.8625384258096764,0.5161559744783321,0.4017697268636103,0.22,0.20022798152389842,0.0012470609618908113,0.003647802752617446,-0.004136276465938227,,-0.003746114663431499,False,15
IGROV1_OVARY,ACH-000966,ovary,4,BRAF_KRAS_D20_R20,,,0.21486111447375195,0.8730602867252608,0.49523531609560434,0.3837272434480088,0.2,0.10262317835040632,0.0012092226544942464,0.004913519507860564,-0.0014274643852576485,,-0.0001576827804890546,False,15
ISTMES1_PLEURA,ACH-000569,mesothelioma,0,BRAF_KRAS_D20_R20,,,0.31096567520317836,0.8936562978030017,0.44484399639276073,0.3719877713948448,0.14,0.05064626943377599,-0.00033983107491886155,-0.0009766099750140311,-0.0007627457259865578,,0.0001708462547736489,False,15
J82_URINARY_TRACT,ACH-000396,urinary_tract,0,BRAF_KRAS_D20_R20,,,0.21740414318369986,0.8874411057398556,0.4709444529074889,0.35868541450645064,0.25,0.07965553362415402,0.0002672817704936492,0.0010910409823724487,-0.0003991630499637633,,0.0025879002341698543,False,15
JHH5_LIVER,ACH-000734,liver,4,BRAF_KRAS_D20_R20,,,0.37207118499231706,0.8966107142688946,0.4212659939029584,0.3351189677969794,0.17,0.031240896094174995,-0.005852920307808651,-0.014104266251770081,-0.006198236182830552,,-0.0015398752133655713,False,15
KNS42_CENTRAL_NERVOUS_SYSTEM,ACH-000622,central_nervous_system,3,BRAF_KRAS_D20_R20,,,0.28774919058685483,0.9585326792317447,0.3284725057093692,0.26919316572459917,0.12,0.10911515326811738,0.0015239662653955821,0.005076544140573347,0.0003516663619877458,,0.00013927961467369299,False,15
KNS60_CENTRAL_NERVOUS_SYSTEM,ACH-000445,central_nervous_system,4,BRAF_KRAS_D20_R20,,,0.27741921630786937,0.9300026839096661,0.3917248359432527,0.29759580869645075,0.26,0.1517178263062705,0.0036093156741580645,0.012099642226366614,0.0020180144517004117,,0.001153946966554631,False,15
KNS81_CENTRAL_NERVOUS_SYSTEM,ACH-000479,central_nervous_system,0,BRAF_KRAS_D20_R20,,,0.34317021043531554,0.8925897429302333,0.44994753239483604,0.35777790851829167,0.16999999999999998,0.09191001291987433,0.0015395583381662692,0.00400440929749335,-7.289804304866365e-05,,-0.0004669667292016566,False,15
KYSE270_OESOPHAGUS,ACH-000873,esophagus,3,BRAF_KRAS_D20_R20,,,0.25463763673218665,0.8837905057885207,0.47742531306334585,0.3682413517837817,0.22999999999999998,0.03585013620064836,-0.0027069923945299834,-0.009395367504307806,-0.001746650903458269,,-0.0022076956488682464,False,15
LI7_LIVER,ACH-000471,liver,1,BRAF_KRAS_D20_R20,,,0.42651255429631874,0.9672080372028677,0.26291394813619995,0.21251015969450418,0.11,0.04731220456985721,-0.000675971009319265,-0.0015329082029212904,0.0008642924366808469,,0.000626764523621981,False,15
LK2_LUNG,ACH-000769,lung,3,BRAF_KRAS_D20_R20,,,0.30922282999165834,0.9685841070787998,0.2781013132589765,0.2269000229838273,0.15,0.08811116968146504,0.00031903340117156453,0.0009993139316731847,-0.0007453423213577559,,-0.0006737678077688436,False,15
LMSU_STOMACH,ACH-000255,gastric,3,BRAF_KRAS_D20_R20,,,0.23876678215621508,0.8430277628613352,0.5308443248208438,0.41354100573301794,0.29000000000000004,0.1852174995534218,0.004280194678854099,0.015112332260542871,0.0006586003390286199,,0.0009516510312573279,False,15
LN229_CENTRAL_NERVOUS_SYSTEM,ACH-000595,central_nervous_system,1,BRAF_KRAS_D20_R20,,,0.31218758840758104,0.8641280762620581,0.49409900738741697,0.3802380735475431,0.21000000000000002,0.11057241266277354,0.0017541539938040196,0.0048554579759727545,0.00020658342221874237,,8.992467776564039e-05,False,15
LNCAPCLONEFGC_PROSTATE,ACH-000977,prostate,4,BRAF_KRAS_D20_R20,,,0.2666740924230185,0.9906454687169861,0.2835263667403131,0.23554455221919474,0.16,0.16046871329962745,0.0023947623373472005,0.008896103991923865,-0.0011207934713722834,,0.0011339113768035203,False,15
LOVO_LARGE_INTESTINE,ACH-000950,colorectal,0,BRAF_KRAS_D20_R20,,,0.2898173742943838,0.8345332303343936,0.5484677682729823,0.41709206748365296,0.26,0.20379711699742697,0.006039799279810576,0.01739168749224762,0.00026986009387619525,,0.0020853814171978846,False,15
LUDLU1_LUNG,ACH-000390,lung,2,BRAF_KRAS_D20_R20,,,0.3213797838520406,0.9315549999530064,0.3734055064323562,0.28518690447316253,0.19,0.0729941961188895,-0.00011395729397195575,-0.00033031787409987245,0.00017105209251411235,,0.00046198913300582456,False,15
MALME3M_SKIN,ACH-000477,skin,0,BRAF_KRAS_D20_R20,,,0.5970983149914515,0.9190629252394902,0.3775544146876314,0.29294730060216406,0.11000000000000001,0.1779942181475064,0.01062382242465465,0.016352351144999888,0.002869438632894017,,0.0018601086157494784,False,15
MDAMB435S_SKIN,ACH-000884,skin,1,BRAF_KRAS_D20_R20,,,0.27947642160609454,0.9080579308853096,0.4697333813050705,0.3591451926376223,0.21000000000000002,0.07826262390747157,-0.009318472391703414,-0.030277018398884303,-0.007781337513625752,,-0.007902629117111759,False,15
MDAMB468_BREAST,ACH-000849,breast,0,BRAF_KRAS_D20_R20,,,0.2601449226345317,0.9001238318361011,0.4565210571839109,0.32137234108949364,0.29000000000000004,0.08231919421126457,0.0010880467091755608,0.0037647352989305105,0.0008942573511867002,,0.00015734331762107256,False,15
MIAPACA2_PANCREAS,ACH-000601,pancreas,0,BRAF_KRAS_D20_R20,,,0.2614569528192044,0.7908533089759774,0.6257300645178714,0.47498773297307406,0.25,0.11987526250663919,0.0012335953891922657,0.003731371397703187,0.00011610915550308576,,0.0025526223412731253,False,15
MSTO211H_PLEURA,ACH-000335,mesothelioma,2,BRAF_KRAS_D20_R20,,,0.23753879147988854,0.8098707862733822,0.5780957269618788,0.4393776207491117,0.27,0.06535790648160554,-0.0010558444196070715,-0.0035998227698398333,-0.0013948015119125412,,-6.15975226580523e-05,False,15
NCIH1048_LUNG,ACH-000866,lung,4,BRAF_KRAS_D20_R20,,,0.4065829420110158,0.9561458974869385,0.281079996796184,0.23828860249889816,0.08,0.1209146723626788,0.0026412799731192482,0.006211399322168187,0.002136940610260707,,0.0005443689525114759,False,15
NCIH1299_LUNG,ACH-000510,lung,3,BRAF_KRAS_D20_R20,,,0.17789669035369132,0.8012828115978103,0.5982144060924962,0.4530727145825807,0.4,0.15237943135035512,0.00242830327381352,0.010937570962028298,-0.0005682172995437329,,-0.0003574860717426298,False,15
NCIH1355_LUNG,ACH-000666,lung,1,BRAF_KRAS_D20_R20,,,0.3320378530784254,0.8791524177673781,0.4570643354320947,0.35600652525988463,0.15,0.052715884438173065,-0.0007392910256164842,-0.0019574560146639053,-0.00018531000871524483,,0.0010495425257106006,False,15
NCIH1573_LUNG,ACH-000916,lung,4,BRAF_KRAS_D20_R20,,,0.37419029036867074,0.9372183831845209,0.34661253096414096,0.2811642463051926,0.13,0.03881034402547294,-0.0011599865593260317,-0.0029053686202712425,-0.0020182927119742344,,-0.001690062840628559,False,15
NCIH1581_LUNG,ACH-000015,lung,2,BRAF_KRAS_D20_R20,,,0.24524852938941535,0.8962099942077689,0.43605826167996503,0.3644124896185964,0.19,0.1392086306574276,0.0023143127427159016,0.008457176949881018,-0.000469415401660761,,4.8992566909933366e-05,False,15
NCIH1650_LUNG,ACH-000035,lung,4,BRAF_KRAS_D20_R20,,,0.3499556244271611,0.9319275878269979,0.3580718689819679,0.29829776352160603,0.16999999999999998,0.07237447097141594,0.00078638400703257,0.002094131082988615,0.00111294411868329,,0.00040230494664117433,False,15
NCIH1693_LUNG,ACH-000021,lung,3,BRAF_KRAS_D20_R20,,,0.24383458527872856,0.8393527082269253,0.5344605242915857,0.42819168290701065,0.35,0.03081075352425921,-0.0020586397624231256,-0.007086463382043551,-0.0005196503531285646,,-0.0003675465545287526,False,15
NCIH1793_LUNG,ACH-000888,lung,2,BRAF_KRAS_D20_R20,,,0.31934223733276873,0.9386964804604243,0.35477920403230867,0.28030641245373356,0.13,0.08100091393554283,0.0008699632500767662,0.0025572296599337685,0.00018215046697744874,,0.000336332443506282,False,15
NCIH1915_LUNG,ACH-000434,lung,2,BRAF_KRAS_D20_R20,,,0.34192053725611465,0.8700805089779928,0.4943945184779875,0.40147416986063367,0.19,0.09932051499214282,0.0016623625329545977,0.004230191173616671,-0.00042733117058613157,,0.00013523444184654343,False,15
NCIH2126_LUNG,ACH-000785,lung,1,BRAF_KRAS_D20_R20,,,0.28502703642974586,0.9532687379889488,0.34182178970798544,0.2541522547247844,0.26,0.1074074288791732,0.0015119993590140268,0.005056859653953083,0.003456940112332163,,0.0012510404743989456,False,15
NCIH2347_LUNG,ACH-000875,lung,0,BRAF_KRAS_D20_R20,,,0.483214865694257,0.9090681333567516,0.41365662307098244,0.3179972613071682,0.1,0.149737114441618,0.0052041260253301025,0.009790479282550724,0.0031164909966236998,,0.0016861439341765982,False,15
NCIH23_LUNG,ACH-000900,lung,0,BRAF_KRAS_D20_R20,,,0.27781645188650006,0.9047894519582647,0.43503274663060254,0.3300580892066184,0.25,0.016192405813038147,-0.0010241122636605038,-0.0033353171401083737,-0.003885909564999679,,-0.003329586153620445,False,15
NCIH2444_LUNG,ACH-000186,lung,2,BRAF_KRAS_D20_R20,,,0.32698411323721893,0.8482114662566386,0.5382031502104039,0.4067928089125621,0.27,0.19438639793014093,0.006109449392610267,0.01584818594402837,0.0009157236713939754,,0.0006932675963779444,False,15
NCIH322_LUNG,ACH-000837,lung,4,BRAF_KRAS_D20_R20,,,0.31916982505801983,0.9116876087077547,0.4038640084759259,0.3259419370692397,0.18,0.0728943154518014,0.00025492518460723534,0.0007281770195904924,-0.00040274729618994254,,-7.232914683452663e-05,False,15
NCIH522_LUNG,ACH-000343,lung,1,BRAF_KRAS_D20_R20,,,0.3243848619260335,0.9623350341497204,0.28257268410895525,0.24462328788772206,0.14,0.20686104294870872,0.00518395653942566,0.015378963629123832,-0.00012391582940579626,,0.0007961341819652801,False,15
NCIH838_LUNG,ACH-000416,lung,4,BRAF_KRAS_D20_R20,,,0.20932803343537165,0.8955737672795427,0.47047409358889547,0.3651280604726752,0.26,0.20472364780381622,0.004716949720158514,0.02018065311952011,0.00486852212064795,,0.0012169117681299357,False,15
NCIH841_LUNG,ACH-000292,lung,1,BRAF_KRAS_D20_R20,,,0.2365752683583583,0.8941914919934751,0.4466080771916602,0.36405781477314486,0.25,0.20669010372758226,0.004958239775668394,0.018740825503156144,-0.00012635062772189953,,0.0008352987524986033,False,15
NUGC3_STOMACH,ACH-000911,gastric,4,BRAF_KRAS_D20_R20,,,0.31250394461517633,0.8734092679358543,0.4847499001951,0.38871976207194325,0.16999999999999998,0.097468191382873,0.0015953343955508736,0.004458759227013331,-0.00027722290293463736,,0.00010794445891004756,False,15
OAW42_OVARY,ACH-000704,ovary,3,BRAF_KRAS_D20_R20,,,0.17770327825021698,0.814511289754676,0.5726214135226211,0.42464591424595954,0.39,0.11378246976730487,0.0009133296514461653,0.004186289187772418,-0.0011640914517338785,,-0.00012700312118546497,False,15
OSRC2_KIDNEY,ACH-000159,kidney,4,BRAF_KRAS_D20_R20,,,0.30700855333489746,0.9144609223247414,0.4049103243667699,0.34220953928055353,0.14,0.0540726567082911,-4.523348379253944e-05,-0.0001347332276562252,0.00018470305531381737,,0.0002738296635069193,False,15
PANC0403_PANCREAS,ACH-000235,pancreas,1,BRAF_KRAS_D20_R20,,,0.37379540273421563,0.8593200341285439,0.5005658541036407,0.3820989793573539,0.22,0.20685709521881962,0.008635368206996452,0.01985188915666003,0.001884278551204377,,0.0008507096938164538,False,15
PATU8988S_PANCREAS,ACH-000022,pancreas,3,BRAF_KRAS_D20_R20,,,0.3346102814583862,0.9009089005587567,0.4580311254690327,0.3423982261103412,0.26,0.12664425021940098,3.7625453669698494e-05,0.00010130324134349777,-0.003261307559661031,,-0.002364688631248335,False,15
PC3_PROSTATE,ACH-000090,prostate,2,BRAF_KRAS_D20_R20,,,0.27210744068937315,1.0541467945353036,0.20955823168571475,0.17387812708861822,0.1,-0.05354776374478758,-0.0022001851060498567,-0.008523537875520404,-0.0004091802703752312,,-0.0007271270158834553,False,15
QGP1_PANCREAS,ACH-000347,pancreas,4,BRAF_KRAS_D20_R20,,,0.49422748918586146,0.9332730702609775,0.3249506355035095,0.27414931628550054,0.08,0.036360361210148746,-0.001143326276767831,-0.0021589969153412714,0.0019097159212222437,,0.0005207528411663165,False,15
RCC10RGB_KIDNEY,ACH-000189,kidney,0,BRAF_KRAS_D20_R20,,,0.2834399697437854,0.8825681044735055,0.47518525097604225,0.35422166612363715,0.25,0.06279545248858771,0.0006904214480148996,0.0021498165880173836,-0.0029794610877773575,,-6.2130773501034575e-06,False,15
RH30_SOFT_TISSUE,ACH-000833,rhabdomyosarcoma,4,BRAF_KRAS_D20_R20,,,0.2550672673443779,0.9646164878246756,0.34082986402358906,0.2746348714505469,0.15,0.14154876732195354,0.0026656569363192606,0.010081013759347224,0.0018476745875277145,,0.0013602584196306111,False,15
SKMEL24_SKIN,ACH-000822,skin,3,BRAF_KRAS_D20_R20,,,0.38439629371375944,0.8613490658793792,0.4972651902964559,0.38583411159567105,0.33,0.22718165023689113,0.01048494662028776,0.023494500662134654,0.00030984014882118327,,0.0007142995743977809,False,15
SKUT1_SOFT_TISSUE,ACH-000939,soft_tissue,1,BRAF_KRAS_D20_R20,,,0.2763042761949416,0.9113310853171982,0.4181094671869522,0.3207747060946672,0.23,0.12247377821771037,0.0022740584808771946,0.007500499854698028,-0.0008825666902967932,,0.0008746042452714153,False,15
SNB75_CENTRAL_NERVOUS_SYSTEM,ACH-000504,central_nervous_system,4,BRAF_KRAS_D20_R20,,,0.34115014591543447,0.9494796201733307,0.33077346168020855,0.2879261137837084,0.09,0.08221736122057767,0.000848418908149684,0.002361295963969834,0.0029575183266969396,,0.0009738976625400242,False,15
SNU1041_UPPER_AERODIGESTIVE_TRACT,ACH-000618,upper_aerodigestive,2,BRAF_KRAS_D20_R20,,,0.3587801247468078,0.8763191879620789,0.47830993416746337,0.3749132386641771,0.16999999999999998,0.09567784576239238,0.001045084832714538,0.0025526160140619814,-0.0012061502646459332,,-0.0005926516834824369,False,15
SNU1105_CENTRAL_NERVOUS_SYSTEM,ACH-000368,central_nervous_system,2,BRAF_KRAS_D20_R20,,,0.3367220926122025,0.911090019638489,0.40451210301881074,0.33359183992997005,0.13,0.12110166945416942,0.0024772129409008636,0.00670274994273512,-0.00014740218751257972,,-0.00020773807283347434,False,15
SNU1214_UPPER_AERODIGESTIVE_TRACT,ACH-000715,upper_aerodigestive,1,BRAF_KRAS_D20_R20,,,0.5728331479844412,0.9282952492668975,0.3686648300841106,0.30344258189834644,0.08,0.08538013028342008,0.002066011303608062,0.0033480403234680267,-0.0013018138828975179,,-0.00035877571345255266,False,15
SNU245_BILIARY_TRACT,ACH-000268,bile_duct,4,BRAF_KRAS_D20_R20,,,0.3534011747231225,0.9062344578558638,0.4049928459826219,0.33210133686708165,0.13,0.08452308174759443,0.0007002961595116708,0.0017957849487931776,-0.0015478014806166174,,-0.0006175751511073857,False,15
SNU685_ENDOMETRIUM,ACH-000407,uterus,0,BRAF_KRAS_D20_R20,,,0.2915696062583738,0.9482478576827207,0.3373888832007581,0.23466171149014625,0.14,0.1414830808049728,0.0027910266134364425,0.009077026377644182,0.000619447807733986,,0.0007532439338943098,False,15
SW480_LARGE_INTESTINE,ACH-000842,colorectal,3,BRAF_KRAS_D20_R20,,,0.4404351264850876,0.9411459423348304,0.3576570097764091,0.25545032549352803,0.2,0.06408598339738202,-0.0003282311825715256,-0.0007013823990158485,-0.000469589684548799,,-0.0004868747403967144,False,15
SW48_LARGE_INTESTINE,ACH-000958,colorectal,2,BRAF_KRAS_D20_R20,,,0.4278095562138251,0.951862643900365,0.2899994843346633,0.25230195502188585,0.08,0.05960939657065573,-2.7815510771411756e-05,-6.188862600131628e-05,0.00017890912892137845,,0.0004645040845995818,False,15
SW579_THYROID,ACH-000163,thyroid,2,BRAF_KRAS_D20_R20,,,0.39340542887518787,0.9232772721877851,0.38362092159920924,0.30285144517734036,0.12,0.08823415161853616,0.001602494736372917,0.0037608707463034907,-0.0005065699168200766,,1.6034876761605865e-05,False,15
SW900_LUNG,ACH-000669,lung,3,BRAF_KRAS_D20_R20,,,0.3759954772857645,0.8560893944878526,0.5107888436621152,0.3903284044174658,0.18,0.16759382584705648,0.005813374162189189,0.013236244229228977,0.0051392430665064825,,0.005018656005957189,False,15
TE11_OESOPHAGUS,ACH-000488,esophagus,4,BRAF_KRAS_D20_R20,,,0.29446157599915174,0.9552764065768425,0.3770608758388922,0.27789601884966975,0.18,0.06428511490614225,-0.005633354601283724,-0.018275425994809358,-0.0005131965094236635,,0.0005046055925564397,False,15
TE6_OESOPHAGUS,ACH-000605,esophagus,0,BRAF_KRAS_D20_R20,,,0.34817303167407176,0.9319276980450871,0.36296170919143267,0.27902248014038017,0.2,0.05116630103568531,-0.00010322716616734118,-0.00027630013410140375,0.0010327636669875129,,-8.016349387296451e-05,False,15
TEN_ENDOMETRIUM,ACH-000397,uterus,1,BRAF_KRAS_D20_R20,,,0.30274890285547357,0.9348211386648125,0.3591930278552468,0.2863965738483078,0.16,0.09996980254908287,0.001484708825216341,0.004584449956659298,0.00027102131445033706,,0.00042107525535423074,False,15
TUHR4TKB_KIDNEY,ACH-000495,kidney,1,BRAF_KRAS_D20_R20,,,0.32629965517420245,0.9294370246969812,0.37281257515527916,0.2998963187607236,0.13,0.11447256213085105,0.002253561788133518,0.006419080529568522,-0.0002197976246243738,,0.0006080446038579379,False,15
UACC257_SKIN,ACH-000579,skin,0,BRAF_KRAS_D20_R20,,,0.37163212448792876,0.8380245121001063,0.5424996662994463,0.4200652980422582,0.15,0.24789459366061736,0.012231906355296418,0.027582753696483553,0.002087139327747345,,0.003188877802218937,False,15
