outer_fold,component,direction,loading_rank,gene_index,gene_id,gene_symbol,loading
0,1,negative,1,15509,ENSG00000167656,LY6D,-0.03215217268610464
0,1,negative,2,8824,ENSG00000250722,SEPP1,-0.029369842907353026
0,1,negative,3,3279,ENSG00000134321,RSAD2,-0.02575758879450577
0,1,negative,4,962,ENSG00000162366,PDZK1IP1,-0.02530696408593166
0,1,negative,5,12492,ENSG00000127954,STEAP4,-0.02495034861932219
0,1,negative,6,31855,ENSG00000100100,PIK3IP1,-0.024932609767724198
0,1,negative,7,17325,ENSG00000138294,MSMB,-0.024857169441522067
0,1,negative,8,1329,ENSG00000162645,GBP2,-0.024257639576003808
0,1,negative,9,25594,ENSG00000179044,EXOC3L1,-0.023934206253449396
0,1,negative,10,9180,ENSG00000164180,TMEM161B,-0.02384309070780611
0,1,negative,11,21387,ENSG00000256262,USP30-AS1,-0.023736412915802287
0,1,negative,12,1264,ENSG00000137959,IFI44L,-0.023671932165668427
0,1,negative,13,15508,ENSG00000180155,LYNX1,-0.023610507858197387
0,1,negative,14,264,ENSG00000215910,C1orf167,-0.023322447961089697
0,1,negative,15,22306,ENSG00000102524,TNFSF13B,-0.02273981712011099
0,1,negative,16,24691,ENSG00000167964,RAB26,-0.02268421045099398
0,1,negative,17,19060,ENSG00000133328,HRASLS2,-0.02258315399340228
0,1,negative,18,1494,ENSG00000143126,CELSR2,-0.02240863164517632
0,1,negative,19,1960,ENSG00000143556,S100A7,-0.02240138283729012
0,1,negative,20,2691,ENSG00000186007,LEMD1,-0.022025135355839543
0,1,negative,21,12730,ENSG00000228742,RP5-884M6.1,-0.02197179024498027
0,1,negative,22,17249,ENSG00000165507,C10orf10,-0.021226664360877914
0,1,negative,23,17458,ENSG00000237512,UNC5B-AS1,-0.021215381190268428
0,1,negative,24,21207,ENSG00000139329,LUM,-0.021108849280874843
0,1,negative,25,16536,ENSG00000185585,OLFML2A,-0.021076303033079516
0,1,negative,26,6996,ENSG00000136514,RTP4,-0.02104127687638069
0,1,negative,27,1331,ENSG00000162654,GBP4,-0.020985186057301725
0,1,negative,28,27027,ENSG00000186832,KRT16,-0.020957599286666483
0,1,negative,29,5889,ENSG00000182179,UBA7,-0.020854976279358787
0,1,negative,30,16815,ENSG00000169583,CLIC3,-0.02073940115472625
0,1,negative,31,6841,ENSG00000121858,TNFSF10,-0.02069495886922401
0,1,negative,32,26263,ENSG00000213859,KCTD11,-0.020677818111491702
0,1,negative,33,23703,ENSG00000104140,RHOV,-0.020093862093111443
0,1,negative,34,1492,ENSG00000116299,KIAA1324,-0.020065860844262505
0,1,negative,35,20194,ENSG00000159403,C1R,-0.01998957444921683
0,1,negative,36,10293,ENSG00000111859,NEDD9,-0.019857638664343927
0,1,negative,37,20895,ENSG00000170581,STAT2,-0.0198318506460966
0,1,negative,38,12956,ENSG00000146859,TMEM140,-0.019589082438474653
0,1,negative,39,28937,ENSG00000078804,TP53INP2,-0.019433054511195966
0,1,negative,40,26611,ENSG00000168961,LGALS9,-0.01924295552342533
0,1,negative,41,27043,ENSG00000108771,DHX58,-0.01892013626831896
0,1,negative,42,121,ENSG00000157873,TNFRSF14,-0.018910558930828148
0,1,negative,43,26237,ENSG00000258315,C17orf49,-0.018860181042067957
0,1,negative,44,27715,ENSG00000070731,ST6GALNAC2,-0.018830460210538413
0,1,negative,45,6159,ENSG00000184500,PROS1,-0.01865614878685032
0,1,negative,46,16393,ENSG00000242616,GNG10,-0.018583007340299575
0,1,negative,47,30513,ENSG00000268913,AC026806.2,-0.0184327503817603
0,1,negative,48,17652,ENSG00000119922,IFIT2,-0.018268557226829064
0,1,negative,49,20918,ENSG00000123384,LRP1,-0.018211652441862465
0,1,negative,50,25657,ENSG00000062038,CDH3,-0.018120888206489386
0,1,positive,1,21187,ENSG00000139318,DUSP6,0.04194552927799783
0,1,positive,2,27063,ENSG00000131470,PSMC3IP,0.04127166886546067
0,1,positive,3,18907,ENSG00000189057,FAM111B,0.040184016572023966
0,1,positive,4,25907,ENSG00000131153,GINS2,0.039781865804236816
0,1,positive,5,4305,ENSG00000169607,CKAP2L,0.038739750517435174
0,1,positive,6,29968,ENSG00000105011,ASF1B,0.03851694614311593
0,1,positive,7,14770,ENSG00000104738,MCM4,0.03845114946313109
0,1,positive,8,2783,ENSG00000143476,DTL,0.03813021068954796
0,1,positive,9,13166,ENSG00000196584,XRCC2,0.03717237275828087
0,1,positive,10,22823,ENSG00000198554,WDHD1,0.036468108085162064
0,1,positive,11,21909,ENSG00000187676,B3GALTL,0.03538578547223812
0,1,positive,12,17376,ENSG00000170312,CDK1,0.03535111832222531
0,1,positive,13,3323,ENSG00000171848,RRM2,0.03488708202958202
0,1,positive,14,9623,ENSG00000113070,HBEGF,0.03472242267674495
0,1,positive,15,16997,ENSG00000065328,MCM10,0.03472020629629076
0,1,positive,16,9771,ENSG00000250072,CTC-529P8.1,0.03447147329751593
0,1,positive,17,23783,ENSG00000092470,WDR76,0.03349610960605356
0,1,positive,18,30439,ENSG00000075702,WDR62,0.03338029843559006
0,1,positive,19,21927,ENSG00000133119,RFC3,0.03324444781691596
0,1,positive,20,25986,ENSG00000167513,CDT1,0.03296501347664436
0,1,positive,21,19145,ENSG00000014138,POLA2,0.032912050794115404
0,1,positive,22,8592,ENSG00000112941,PAPD7,0.03280707075044108
0,1,positive,23,744,ENSG00000092853,CLSPN,0.03235818943251517
0,1,positive,24,28918,ENSG00000101412,E2F1,0.03227623190176934
0,1,positive,25,15604,ENSG00000160957,RECQL4,0.03209745177807138
0,1,positive,26,32406,ENSG00000159055,MIS18A,0.03205682699273678
0,1,positive,27,28674,ENSG00000125885,MCM8,0.031721222411544785
0,1,positive,28,4704,ENSG00000144354,CDCA7,0.03163790432883185
0,1,positive,29,24086,ENSG00000137807,KIF23,0.03147688530302832
0,1,positive,30,28486,ENSG00000075336,TIMM21,0.03131831773874426
0,1,positive,31,23694,ENSG00000051180,RAD51,0.03089308825752351
0,1,positive,32,25334,ENSG00000171241,SHCBP1,0.030872473778465342
0,1,positive,33,6397,ENSG00000114491,UMPS,0.030590381415629243
0,1,positive,34,20177,ENSG00000111665,CDCA3,0.030463762924300614
0,1,positive,35,24711,ENSG00000162062,C16orf59,0.030307266478304173
0,1,positive,36,20119,ENSG00000111247,RAD51AP1,0.030215769277416496
0,1,positive,37,26024,ENSG00000187741,FANCA,0.030094726718353147
0,1,positive,38,15890,ENSG00000137135,ARHGEF39,0.030055921763788494
0,1,positive,39,9864,ENSG00000135074,ADAM19,0.02999788286044408
0,1,positive,40,8433,ENSG00000151725,CENPU,0.02963875943568945
0,1,positive,41,19182,ENSG00000175592,FOSL1,0.029383899831520316
0,1,positive,42,17687,ENSG00000138160,KIF11,0.02930935286797824
0,1,positive,43,8248,ENSG00000121211,MND1,0.029117245504745457
0,1,positive,44,15015,ENSG00000164683,HEY1,0.029063511045150363
0,1,positive,45,26055,ENSG00000179409,GEMIN4,0.029037799764053587
0,1,positive,46,27664,ENSG00000125454,SLC25A19,0.029015392176002304
0,1,positive,47,13320,ENSG00000181544,FANCB,0.028968954952011624
0,1,positive,48,31593,ENSG00000093009,CDC45,0.028937810528217953
0,1,positive,49,17708,ENSG00000119969,HELLS,0.0287550365169681
0,1,positive,50,23923,ENSG00000138587,MNS1,0.028724723246595262
0,2,negative,1,7658,ENSG00000181617,FDCSP,-0.035098939821785705
0,2,negative,2,31275,ENSG00000171425,ZNF581,-0.03283945433008688
0,2,negative,3,23595,ENSG00000166922,SCG5,-0.028959098014156144
0,2,negative,4,28352,ENSG00000206129,CTD-2008L17.2,-0.028613328417403584
0,2,negative,5,17249,ENSG00000165507,C10orf10,-0.027822744420555493
0,2,negative,6,16995,ENSG00000151468,CCDC3,-0.027666704164776
0,2,negative,7,6162,ENSG00000178700,DHFRL1,-0.026888389239139273
0,2,negative,8,277,ENSG00000048707,VPS13D,-0.026794410434984213
0,2,negative,9,18111,ENSG00000151651,ADAM8,-0.02644097328941441
0,2,negative,10,5633,ENSG00000170293,CMTM8,-0.02643150010976797
0,2,negative,11,2191,ENSG00000162738,VANGL2,-0.025910723500209995
0,2,negative,12,21568,ENSG00000089041,P2RX7,-0.025604878981887
0,2,negative,13,21577,ENSG00000139714,MORN3,-0.025506784256223682
0,2,negative,14,31940,ENSG00000128311,TST,-0.025299085888503676
0,2,negative,15,11025,ENSG00000112208,BAG2,-0.025228385191692147
0,2,negative,16,26111,ENSG00000132361,CLUH,-0.024925299991153692
0,2,negative,17,1537,ENSG00000224699,LAMTOR5-AS1,-0.02483252498255932
0,2,negative,18,13541,ENSG00000102109,PCSK1N,-0.024631134202274665
0,2,negative,19,6359,ENSG00000051341,POLQ,-0.02449142966685356
0,2,negative,20,30846,ENSG00000181027,FKRP,-0.024450447667807608
0,2,negative,21,16949,ENSG00000223784,RP11-554I8.2,-0.024416405879504527
0,2,negative,22,6961,ENSG00000113790,EHHADH,-0.024363929827194535
0,2,negative,23,7809,ENSG00000172493,AFF1,-0.02420776294864295
0,2,negative,24,18463,ENSG00000133816,MICAL2,-0.02419082749978247
0,2,negative,25,5761,ENSG00000186448,ZNF197,-0.023853661765165457
0,2,negative,26,19019,ENSG00000149480,MTA2,-0.023692966137099893
0,2,negative,27,20489,ENSG00000235884,LINC00941,-0.023479970441331273
0,2,negative,28,12995,ENSG00000273391,RP11-634H22.1,-0.023358750094459764
0,2,negative,29,357,ENSG00000142632,ARHGEF19,-0.023332586320612192
0,2,negative,30,19834,ENSG00000160695,VPS11,-0.023300075646686017
0,2,negative,31,26167,ENSG00000244184,RP11-314A20.2,-0.023208690030839505
0,2,negative,32,24122,ENSG00000261423,RP11-1007O24.3,-0.02318929957883511
0,2,negative,33,3651,ENSG00000234362,AC104654.2,-0.023178172537296118
0,2,negative,34,12419,ENSG00000178809,TRIM73,-0.023176787204841356
0,2,negative,35,12532,ENSG00000105825,TFPI2,-0.023099903124245494
0,2,negative,36,5476,ENSG00000214021,TTLL3,-0.022993140442574476
0,2,negative,37,28545,ENSG00000060069,CTDP1,-0.022842042689037056
0,2,negative,38,19044,ENSG00000162231,NXF1,-0.022777797842722592
0,2,negative,39,23678,ENSG00000259330,LINC00984,-0.02272105494373814
0,2,negative,40,20118,ENSG00000047621,C12orf4,-0.022545324358488297
0,2,negative,41,23126,ENSG00000100601,ALKBH1,-0.022440095271805172
0,2,negative,42,24896,ENSG00000234719,RP11-166B2.1,-0.022362478124708023
0,2,negative,43,20351,ENSG00000111341,MGP,-0.022353002989902962
0,2,negative,44,15813,ENSG00000241043,GVQW1,-0.02232168276228318
0,2,negative,45,29069,ENSG00000064205,WISP2,-0.022309020906449536
0,2,negative,46,30863,ENSG00000118162,KPTN,-0.022163265017983474
0,2,negative,47,29750,ENSG00000167785,ZNF558,-0.022092798376591373
0,2,negative,48,1388,ENSG00000172339,ALG14,-0.022065939414986163
0,2,negative,49,818,ENSG00000168389,MFSD2A,-0.021934888593828104
0,2,negative,50,346,ENSG00000116809,ZBTB17,-0.021863214889699053
0,2,positive,1,1960,ENSG00000143556,S100A7,0.04477675338722451
0,2,positive,2,24129,ENSG00000140463,BBS4,0.03415265264683634
0,2,positive,3,29856,ENSG00000198551,ZNF627,0.0338839297308561
0,2,positive,4,12422,ENSG00000006606,CCL26,0.033415282996338315
0,2,positive,5,11953,ENSG00000006468,ETV1,0.033301855802031696
0,2,positive,6,665,ENSG00000084636,COL16A1,0.0319984336386212
0,2,positive,7,15508,ENSG00000180155,LYNX1,0.0318966640488644
0,2,positive,8,18896,ENSG00000110031,LPXN,0.03064010031558625
0,2,positive,9,15327,ENSG00000172164,SNTB1,0.030530333171083723
0,2,positive,10,19920,ENSG00000110013,SIAE,0.03021429551125131
0,2,positive,11,12246,ENSG00000146674,IGFBP3,0.029447262060260392
0,2,positive,12,2480,ENSG00000157064,NMNAT2,0.029402067570241636
0,2,positive,13,14590,ENSG00000171320,ESCO2,0.028890190896963798
0,2,positive,14,2765,ENSG00000082497,SERTAD4,0.028757892403232243
0,2,positive,15,30591,ENSG00000197782,ZNF780A,0.028458520391698702
0,2,positive,16,28588,ENSG00000125775,SDCBP2,0.0281765503832334
0,2,positive,17,15809,ENSG00000107201,DDX58,0.02795522225643927
0,2,positive,18,12414,ENSG00000174428,GTF2IRD2B,0.027939145778370485
0,2,positive,19,21459,ENSG00000166578,IQCD,0.027666930900282723
0,2,positive,20,21387,ENSG00000256262,USP30-AS1,0.027536830773415476
0,2,positive,21,16268,ENSG00000136943,CTSV,0.027443064299384666
0,2,positive,22,27221,ENSG00000198933,TBKBP1,0.027434924730394633
0,2,positive,23,26670,ENSG00000109118,PHF12,0.0272194628375968
0,2,positive,24,13822,ENSG00000102384,CENPI,0.026784305624376826
0,2,positive,25,15509,ENSG00000167656,LY6D,0.026716051675733515
0,2,positive,26,19649,ENSG00000182359,KBTBD3,0.026510669624756497
0,2,positive,27,21499,ENSG00000135116,HRK,0.026454206874376367
0,2,positive,28,23919,ENSG00000181827,RFX7,0.02644894615373853
0,2,positive,29,2566,ENSG00000177888,ZBTB41,0.026398515747314635
0,2,positive,30,18144,ENSG00000185201,IFITM2,0.0263900956119445
0,2,positive,31,2798,ENSG00000123685,BATF3,0.02633302676418866
0,2,positive,32,4940,ENSG00000082126,MPP4,0.026320822824080176
0,2,positive,33,21980,ENSG00000023516,AKAP11,0.02624504920538733
0,2,positive,34,5837,ENSG00000114270,COL7A1,0.025810757529046307
0,2,positive,35,30091,ENSG00000269439,CTD-3131K8.2,0.02569733751881128
0,2,positive,36,18488,ENSG00000186104,CYP2R1,0.025657364939766437
0,2,positive,37,4115,ENSG00000196843,ARID5A,0.02554797109522592
0,2,positive,38,26824,ENSG00000161570,CCL5,0.02535209263658878
0,2,positive,39,22918,ENSG00000140006,WDR89,0.025321276716685073
0,2,positive,40,7828,ENSG00000138646,HERC5,0.02531154223487385
0,2,positive,41,13106,ENSG00000181444,ZNF467,0.025286965732966404
0,2,positive,42,28268,ENSG00000141469,SLC14A1,0.02517572357148648
0,2,positive,43,20322,ENSG00000111276,CDKN1B,0.025019225887637442
0,2,positive,44,19845,ENSG00000110395,CBL,0.025000473616486645
0,2,positive,45,30123,ENSG00000130513,GDF15,0.02499208135688792
0,2,positive,46,5836,ENSG00000145040,UCN2,0.024883643198308422
0,2,positive,47,24369,ENSG00000140543,DET1,0.02483942932841998
0,2,positive,48,3986,ENSG00000159399,HK2,0.024815325589864805
0,2,positive,49,3522,ENSG00000138002,IFT172,0.024795160301263497
0,2,positive,50,18167,ENSG00000247095,MIR210HG,0.024792421725654618
0,3,negative,1,1957,ENSG00000143546,S100A8,-0.034681923889158674
0,3,negative,2,30240,ENSG00000196081,ZNF724P,-0.03259809588319515
0,3,negative,3,27388,ENSG00000263004,RP11-166P13.3,-0.030642776420927283
0,3,negative,4,1960,ENSG00000143556,S100A7,-0.030279921021465473
0,3,negative,5,6391,ENSG00000065534,MYLK,-0.03024558305581322
0,3,negative,6,734,ENSG00000197056,ZMYM1,-0.02921401617151093
0,3,negative,7,2763,ENSG00000143469,SYT14,-0.029043371876111907
0,3,negative,8,11637,ENSG00000213079,SCAF8,-0.028875161270432426
0,3,negative,9,22137,ENSG00000136122,BORA,-0.02871741354481265
0,3,negative,10,12597,ENSG00000106258,CYP3A5,-0.02804065328568209
0,3,negative,11,19345,ENSG00000254469,RP11-849H4.2,-0.027457584374748826
0,3,negative,12,30203,ENSG00000196705,ZNF431,-0.02738092964036324
0,3,negative,13,26644,ENSG00000076382,SPAG5,-0.026077680113617486
0,3,negative,14,7658,ENSG00000181617,FDCSP,-0.026057705658352994
0,3,negative,15,30244,ENSG00000269416,CTB-175P5.4,-0.02600156631810059
0,3,negative,16,26824,ENSG00000161570,CCL5,-0.025873350612455704
0,3,negative,17,10251,ENSG00000164304,CAGE1,-0.025848588583572717
0,3,negative,18,7160,ENSG00000127419,TMEM175,-0.0257354140570019
0,3,negative,19,9095,ENSG00000132846,ZBED3,-0.025543273507714126
0,3,negative,20,19113,ENSG00000269038,AP001462.6,-0.025489148033482692
0,3,negative,21,23117,ENSG00000100577,GSTZ1,-0.025421597916126717
0,3,negative,22,31411,ENSG00000083807,SLC27A5,-0.025367361844379523
0,3,negative,23,18968,ENSG00000167987,VPS37C,-0.02521601093742579
0,3,negative,24,26008,ENSG00000268218,AC137932.1,-0.02510403071299022
0,3,negative,25,17434,ENSG00000171224,C10orf35,-0.02507316738031257
0,3,negative,26,12696,ENSG00000222011,FAM185A,-0.0250452847544279
0,3,negative,27,21805,ENSG00000165480,SKA3,-0.02502494253636044
0,3,negative,28,12615,ENSG00000166997,CNPY4,-0.0247825928578146
0,3,negative,29,4176,ENSG00000175874,CREG2,-0.024759904424991194
0,3,negative,30,25623,ENSG00000159761,C16orf86,-0.024601654426017687
0,3,negative,31,4278,ENSG00000169679,BUB1,-0.02455759882921783
0,3,negative,32,8638,ENSG00000145491,ROPN1L,-0.024506722588035712
0,3,negative,33,23070,ENSG00000119718,EIF2B2,-0.024504665192580547
0,3,negative,34,19195,ENSG00000174996,KLC2,-0.024400719952292118
0,3,negative,35,5291,ENSG00000157985,AGAP1,-0.024191551862935604
0,3,negative,36,4468,ENSG00000183840,GPR39,-0.024095490887799845
0,3,negative,37,29387,ENSG00000203880,PCMTD2,-0.023898100190868146
0,3,negative,38,4419,ENSG00000136720,HS6ST1,-0.023861984973000735
0,3,negative,39,30976,ENSG00000126460,PRRG2,-0.02370507481544042
0,3,negative,40,17376,ENSG00000170312,CDK1,-0.023685299084175177
0,3,negative,41,24581,ENSG00000090565,RAB11FIP3,-0.0236611971981821
0,3,negative,42,15407,ENSG00000246228,CASC8,-0.023609219343379038
0,3,negative,43,8537,ENSG00000153395,LPCAT1,-0.023600204204715664
0,3,negative,44,29051,ENSG00000223891,OSER1-AS1,-0.02355758142134857
0,3,negative,45,16242,ENSG00000158169,FANCC,-0.023492687244151548
0,3,negative,46,4979,ENSG00000183671,GPR1,-0.023358675183119747
0,3,negative,47,10826,ENSG00000001167,NFYA,-0.02333838268412127
0,3,negative,48,10992,ENSG00000170899,GSTA4,-0.023169593879386954
0,3,negative,49,5646,ENSG00000153558,FBXL2,-0.02313832621346475
0,3,negative,50,2085,ENSG00000183856,IQGAP3,-0.023105252678788206
0,3,positive,1,4699,ENSG00000152256,PDK1,0.037319148147728
0,3,positive,2,27513,ENSG00000178607,ERN1,0.032052738621314004
0,3,positive,3,16077,ENSG00000135048,TMEM2,0.03140334297849221
0,3,positive,4,13636,ENSG00000130119,GNL3L,0.03112420585596082
0,3,positive,5,6423,ENSG00000070476,ZXDC,0.031031417537425936
0,3,positive,6,7269,ENSG00000170801,HTRA3,0.03077634737185729
0,3,positive,7,4147,ENSG00000144182,LIPT1,0.03073826156728477
0,3,positive,8,4356,ENSG00000115107,STEAP3,0.030042564510456463
0,3,positive,9,20449,ENSG00000064102,ASUN,0.030013426438512413
0,3,positive,10,20962,ENSG00000166896,XRCC6BP1,0.029994432311084805
0,3,positive,11,7822,ENSG00000118785,SPP1,0.029522096722917224
0,3,positive,12,5963,ENSG00000114854,TNNC1,0.029237562248690452
0,3,positive,13,19633,ENSG00000187240,DYNC2H1,0.029164031687543866
0,3,positive,14,2104,ENSG00000027869,SH2D2A,0.029106780955037343
0,3,positive,15,17438,ENSG00000099284,H2AFY2,0.029019478843007894
0,3,positive,16,2035,ENSG00000231064,RP11-263K19.4,0.028866020446105308
0,3,positive,17,30110,ENSG00000099308,MAST3,0.02878400000956558
0,3,positive,18,17325,ENSG00000138294,MSMB,0.02769112819286449
0,3,positive,19,8182,ENSG00000151611,MMAA,0.0276610512471707
0,3,positive,20,3491,ENSG00000084764,MAPRE3,0.027434189955251147
0,3,positive,21,8768,ENSG00000164187,LMBRD2,0.02731052173485837
0,3,positive,22,15500,ENSG00000167653,PSCA,0.02690079369551993
0,3,positive,23,8185,ENSG00000151612,ZNF827,0.02677954834880755
0,3,positive,24,15930,ENSG00000147912,FBXO10,0.02667003343881629
0,3,positive,25,12191,ENSG00000122641,INHBA,0.026657328319667006
0,3,positive,26,13937,ENSG00000123496,IL13RA2,0.02655401254335545
0,3,positive,27,12431,ENSG00000146700,SRCRB4D,0.026269801711236454
0,3,positive,28,25944,ENSG00000103264,FBXO31,0.026202859598004516
0,3,positive,29,32667,ENSG00000173638,SLC19A1,0.026057709957412495
0,3,positive,30,11353,ENSG00000153975,ZUFSP,0.02596879742866398
0,3,positive,31,15523,ENSG00000250571,GLI4,0.025909668052163853
0,3,positive,32,8898,ENSG00000177058,SLC38A9,0.025859470541056542
0,3,positive,33,24840,ENSG00000184857,TMEM186,0.025596943785743658
0,3,positive,34,26584,ENSG00000154035,C17orf103,0.025586454177172716
0,3,positive,35,30397,ENSG00000236144,AD000090.2,0.02541979153309796
0,3,positive,36,18711,ENSG00000085117,CD82,0.025373222722781103
0,3,positive,37,19648,ENSG00000170903,MSANTD4,0.02536212284457793
0,3,positive,38,23380,ENSG00000271780,RP11-1017G21.5,0.025341242718242268
0,3,positive,39,3985,ENSG00000272711,RP11-259N19.1,0.025331632985958776
0,3,positive,40,10210,ENSG00000270504,RP11-420L9.5,0.02532967347419133
0,3,positive,41,15635,ENSG00000107104,KANK1,0.02526411919545087
0,3,positive,42,23998,ENSG00000259248,USP3-AS1,0.025230353959883337
0,3,positive,43,24656,ENSG00000138834,MAPK8IP3,0.025155188409948598
0,3,positive,44,5888,ENSG00000185614,FAM212A,0.02514255212036604
0,3,positive,45,21939,ENSG00000133104,SPG20,0.024929005799942783
0,3,positive,46,7235,ENSG00000072840,EVC,0.024802768270861125
0,3,positive,47,11446,ENSG00000146409,SLC18B1,0.024476072924298604
0,3,positive,48,8063,ENSG00000164066,INTU,0.024258017541060387
0,3,positive,49,18248,ENSG00000254827,SLC22A18AS,0.02425687394551047
0,3,positive,50,28911,ENSG00000101400,SNTA1,0.024139675837531908
0,4,negative,1,11975,ENSG00000106541,AGR2,-0.03768321048488311
0,4,negative,2,8020,ENSG00000138735,PDE5A,-0.03697590468366174
0,4,negative,3,26774,ENSG00000108691,CCL2,-0.03650607496532579
0,4,negative,4,32542,ENSG00000183486,MX2,-0.035101245201761264
0,4,negative,5,17655,ENSG00000185745,IFIT1,-0.03394515413849031
0,4,negative,6,10607,ENSG00000227507,LTB,-0.033767350113813224
0,4,negative,7,17384,ENSG00000150347,ARID5B,-0.033185260353459
0,4,negative,8,20166,ENSG00000126746,ZNF384,-0.032225031158822526
0,4,negative,9,30203,ENSG00000196705,ZNF431,-0.03182299731871302
0,4,negative,10,9158,ENSG00000164176,EDIL3,-0.03180028599697104
0,4,negative,11,6198,ENSG00000168386,FILIP1L,-0.03173001606827879
0,4,negative,12,31770,ENSG00000233521,RP5-1172A22.1,-0.031726043829660995
0,4,negative,13,7733,ENSG00000169245,CXCL10,-0.03171770810103349
0,4,negative,14,16815,ENSG00000169583,CLIC3,-0.031375335216437344
0,4,negative,15,15777,ENSG00000147883,CDKN2B,-0.031005445491248985
0,4,negative,16,21985,ENSG00000133106,EPSTI1,-0.03089586065638909
0,4,negative,17,23400,ENSG00000185215,TNFAIP2,-0.030731435283122246
0,4,negative,18,18489,ENSG00000175868,CALCB,-0.029717296927995487
0,4,negative,19,20351,ENSG00000111341,MGP,-0.029377670351638813
0,4,negative,20,9417,ENSG00000168916,ZNF608,-0.028965939971557688
0,4,negative,21,9566,ENSG00000152377,SPOCK1,-0.02862719357777517
0,4,negative,22,21452,ENSG00000111335,OAS2,-0.028461465551581685
0,4,negative,23,3621,ENSG00000138061,CYP1B1,-0.028455686744332274
0,4,negative,24,27162,ENSG00000131094,C1QL1,-0.028435390853609976
0,4,negative,25,15316,ENSG00000136999,NOV,-0.028068825964206685
0,4,negative,26,32592,ENSG00000160207,HSF2BP,-0.02802241042038097
0,4,negative,27,2173,ENSG00000224259,LINC01133,-0.027893128692443724
0,4,negative,28,1302,ENSG00000142871,CYR61,-0.027660543687637266
0,4,negative,29,12567,ENSG00000164715,LMTK2,-0.027393699528123747
0,4,negative,30,12397,ENSG00000165171,WBSCR27,-0.02734518204541799
0,4,negative,31,12255,ENSG00000136205,TNS3,-0.027120524789701256
0,4,negative,32,3279,ENSG00000134321,RSAD2,-0.02692859041768705
0,4,negative,33,8328,ENSG00000181381,DDX60L,-0.026900332583589467
0,4,negative,34,19653,ENSG00000152402,GUCY1A2,-0.026856826285811645
0,4,negative,35,27338,ENSG00000108846,ABCC3,-0.026762005621188592
0,4,negative,36,6486,ENSG00000034533,ASTE1,-0.02666137002468999
0,4,negative,37,23091,ENSG00000119699,TGFB3,-0.026638453463707336
0,4,negative,38,17133,ENSG00000095739,BAMBI,-0.02657397067953199
0,4,negative,39,5939,ENSG00000041880,PARP3,-0.026568943533829627
0,4,negative,40,27303,ENSG00000108813,DLX4,-0.02644191700759116
0,4,negative,41,20572,ENSG00000272369,RP11-446N19.1,-0.026423983044011078
0,4,negative,42,15809,ENSG00000107201,DDX58,-0.02640454801068725
0,4,negative,43,13478,ENSG00000147050,KDM6A,-0.02638626958609623
0,4,negative,44,922,ENSG00000236624,CCDC163P,-0.026371721304653945
0,4,negative,45,215,ENSG00000180758,GPR157,-0.02631165047753374
0,4,negative,46,20500,ENSG00000139160,METTL20,-0.026240156151196868
0,4,negative,47,19622,ENSG00000137673,MMP7,-0.026217449251824624
0,4,negative,48,31922,ENSG00000100342,APOL1,-0.02592193500102898
0,4,negative,49,4621,ENSG00000115267,IFIH1,-0.025906166323166984
0,4,negative,50,9408,ENSG00000168944,CEP120,-0.02583315818821375
0,4,positive,1,6191,ENSG00000240476,LINC00973,0.04267965296704872
0,4,positive,2,29735,ENSG00000167772,ANGPTL4,0.03871673843707414
0,4,positive,3,18896,ENSG00000110031,LPXN,0.03131627750917396
0,4,positive,4,19182,ENSG00000175592,FOSL1,0.030219047998913565
0,4,positive,5,17436,ENSG00000197467,COL13A1,0.029405359815410557
0,4,positive,6,11953,ENSG00000006468,ETV1,0.029290719043212718
0,4,positive,7,29048,ENSG00000124191,TOX2,0.027579689690105588
0,4,positive,8,20489,ENSG00000235884,LINC00941,0.026850676796571216
0,4,positive,9,32534,ENSG00000183036,PCP4,0.026336398729691138
0,4,positive,10,12392,ENSG00000106089,STX1A,0.025948870467870717
0,4,positive,11,5836,ENSG00000145040,UCN2,0.02534286013327191
0,4,positive,12,4303,ENSG00000144136,SLC20A1,0.025075320822432356
0,4,positive,13,3443,ENSG00000205639,MFSD2B,0.024693368990758528
0,4,positive,14,22298,ENSG00000233532,LINC00460,0.02454804727785599
0,4,positive,15,10734,ENSG00000137309,HMGA1,0.02417677798982387
0,4,positive,16,12926,ENSG00000226380,MIR29A,0.02365845824947439
0,4,positive,17,26956,ENSG00000266088,RP5-1028K7.2,0.02357987003486515
0,4,positive,18,11037,ENSG00000198225,FKBP1C,0.023478777913988034
0,4,positive,19,6700,ENSG00000114790,ARHGEF26,0.023034157313865596
0,4,positive,20,13481,ENSG00000229563,RP11-245M24.1,0.022639616875133595
0,4,positive,21,11149,ENSG00000135318,NT5E,0.022331344059766917
0,4,positive,22,5984,ENSG00000163932,PRKCD,0.022265122550265616
0,4,positive,23,15028,ENSG00000076641,PAG1,0.022190832172169925
0,4,positive,24,32613,ENSG00000184441,AP001062.7,0.021799297494877818
0,4,positive,25,20079,ENSG00000151062,CACNA2D4,0.02162351887652826
0,4,positive,26,9771,ENSG00000250072,CTC-529P8.1,0.02131047572008287
0,4,positive,27,31636,ENSG00000099937,SERPIND1,0.02118867501872482
0,4,positive,28,15057,ENSG00000133740,E2F5,0.020800390884138188
0,4,positive,29,27546,ENSG00000154217,PITPNC1,0.020770629648463684
0,4,positive,30,21336,ENSG00000171310,CHST11,0.020759899780715584
0,4,positive,31,15011,ENSG00000104432,IL7,0.020728380097899065
0,4,positive,32,16550,ENSG00000167081,PBX3,0.020694536589103998
0,4,positive,33,5456,ENSG00000070950,RAD18,0.020629251958634482
0,4,positive,34,22073,ENSG00000139668,WDFY2,0.02062722370070216
0,4,positive,35,7966,ENSG00000170522,ELOVL6,0.020523129713743503
0,4,positive,36,14461,ENSG00000003989,SLC7A2,0.0203744074696636
0,4,positive,37,29315,ENSG00000101187,SLCO4A1,0.02026306578357571
0,4,positive,38,20906,ENSG00000198056,PRIM1,0.020206195357367982
0,4,positive,39,17645,ENSG00000138134,STAMBPL1,0.02017577184690885
0,4,positive,40,848,ENSG00000127124,HIVEP3,0.020173088859407717
0,4,positive,41,15443,ENSG00000261220,RP11-629O1.2,0.019974403138861892
0,4,positive,42,9017,ENSG00000172062,SMN1,0.019872560757058653
0,4,positive,43,6733,ENSG00000163661,PTX3,0.01977172973348066
0,4,positive,44,28244,ENSG00000134775,FHOD3,0.019657975318949347
0,4,positive,45,16087,ENSG00000165092,ALDH1A1,0.019630216292788574
0,4,positive,46,28242,ENSG00000260552,RP11-49I11.1,0.019515312361657173
0,4,positive,47,29191,ENSG00000101096,NFATC2,0.019379055287776698
0,4,positive,48,512,ENSG00000001460,STPG1,0.01922567836999349
0,4,positive,49,21010,ENSG00000256268,RP11-221N13.3,0.019168981236445167
0,4,positive,50,8675,ENSG00000145555,MYO10,0.019058402398683557
0,5,negative,1,18523,ENSG00000173432,SAA1,-0.03278516589732358
0,5,negative,2,26500,ENSG00000177427,MIEF2,-0.032540899408783866
0,5,negative,3,17119,ENSG00000120539,MASTL,-0.03173320178503596
0,5,negative,4,24757,ENSG00000008517,IL32,-0.03150123535155613
0,5,negative,5,5489,ENSG00000144554,FANCD2,-0.03148370636982308
0,5,negative,6,20572,ENSG00000272369,RP11-446N19.1,-0.031222137364547497
0,5,negative,7,32542,ENSG00000183486,MX2,-0.031155487961278136
0,5,negative,8,10791,ENSG00000172738,TMEM217,-0.02829766277652301
0,5,negative,9,15060,ENSG00000185015,CA13,-0.028028316609737834
0,5,negative,10,2204,ENSG00000158764,ITLN2,-0.02788399196808676
0,5,negative,11,549,ENSG00000175087,PDIK1L,-0.027744273291116985
0,5,negative,12,16290,ENSG00000095383,TBC1D2,-0.02755685114442058
0,5,negative,13,18704,ENSG00000187479,C11orf96,-0.02726156891405597
0,5,negative,14,21023,ENSG00000127311,HELB,-0.02724535925582106
0,5,negative,15,17870,ENSG00000148835,TAF5,-0.02723217519336863
0,5,negative,16,15848,ENSG00000164976,KIAA1161,-0.027012413209068567
0,5,negative,17,32607,ENSG00000160223,ICOSLG,-0.026982673577913428
0,5,negative,18,10934,ENSG00000112796,ENPP5,-0.026749267085985955
0,5,negative,19,12431,ENSG00000146700,SRCRB4D,-0.02672706757004617
0,5,negative,20,23694,ENSG00000051180,RAD51,-0.026554899767297406
0,5,negative,21,28400,ENSG00000141682,PMAIP1,-0.026413877766547866
0,5,negative,22,18429,ENSG00000166483,WEE1,-0.026292625652190777
0,5,negative,23,20821,ENSG00000135447,PPP1R1A,-0.026276728716551085
0,5,negative,24,18522,ENSG00000134339,SAA2,-0.026248156751006925
0,5,negative,25,31866,ENSG00000100150,DEPDC5,-0.026004972067797383
0,5,negative,26,486,ENSG00000204219,TCEA3,-0.02576177272428278
0,5,negative,27,4168,ENSG00000170485,NPAS2,-0.025752954218843955
0,5,negative,28,601,ENSG00000117748,RPA2,-0.025365515358134135
0,5,negative,29,21567,ENSG00000135114,OASL,-0.025259277042769143
0,5,negative,30,17457,ENSG00000107731,UNC5B,-0.02500939520344602
0,5,negative,31,21451,ENSG00000111331,OAS3,-0.02490192866377279
0,5,negative,32,6740,ENSG00000178053,MLF1,-0.024854215903538823
0,5,negative,33,4182,ENSG00000115594,IL1R1,-0.02484249764563986
0,5,negative,34,6191,ENSG00000240476,LINC00973,-0.024835843485174463
0,5,negative,35,2757,ENSG00000123689,G0S2,-0.024762213623220414
0,5,negative,36,20463,ENSG00000174236,REP15,-0.024420572676364685
0,5,negative,37,1258,ENSG00000162614,NEXN,-0.024380778215035048
0,5,negative,38,15595,ENSG00000160949,TONSL,-0.024260783469244384
0,5,negative,39,3791,ENSG00000162927,PUS10,-0.024252929902391984
0,5,negative,40,15152,ENSG00000175305,CCNE2,-0.023938198543048808
0,5,negative,41,24018,ENSG00000140451,PIF1,-0.023861091980050583
0,5,negative,42,25450,ENSG00000198848,CES1,-0.023760769415395445
0,5,negative,43,12477,ENSG00000224046,AC005076.5,-0.023754638136219173
0,5,negative,44,24735,ENSG00000005001,PRSS22,-0.02366719793564299
0,5,negative,45,29572,ENSG00000060566,CREB3L3,-0.02366516208287022
0,5,negative,46,1715,ENSG00000272755,RP11-326G21.1,-0.023506481873801718
0,5,negative,47,4885,ENSG00000119041,GTF3C3,-0.023483587733792402
0,5,negative,48,28571,ENSG00000101255,TRIB3,-0.023361224167416265
0,5,negative,49,11177,ENSG00000146281,PM20D2,-0.023292974305767534
0,5,negative,50,6379,ENSG00000173193,PARP14,-0.02323565923536542
0,5,positive,1,3643,ENSG00000231312,AC007246.3,0.034405523909495535
0,5,positive,2,12414,ENSG00000174428,GTF2IRD2B,0.03298938272731289
0,5,positive,3,4371,ENSG00000163083,INHBB,0.03264520834046436
0,5,positive,4,31408,ENSG00000083812,ZNF324,0.03224243242908171
0,5,positive,5,31940,ENSG00000128311,TST,0.03167248947469952
0,5,positive,6,3966,ENSG00000115274,INO80B,0.03148156958839605
0,5,positive,7,32534,ENSG00000183036,PCP4,0.03146805045220654
0,5,positive,8,24031,ENSG00000138617,PARP16,0.028979614464011923
0,5,positive,9,32202,ENSG00000185386,MAPK11,0.02894366907916274
0,5,positive,10,3474,ENSG00000268412,AC013449.1,0.028210895206168783
0,5,positive,11,867,ENSG00000164011,ZNF691,0.028023157036676547
0,5,positive,12,29813,ENSG00000065989,PDE4A,0.027901737028673716
0,5,positive,13,5906,ENSG00000186792,HYAL3,0.027851354275914852
0,5,positive,14,10416,ENSG00000010704,HFE,0.027695501701891993
0,5,positive,15,17057,ENSG00000241058,NSUN6,0.027657553668004063
0,5,positive,16,10231,ENSG00000272142,RP11-428J1.5,0.027296578179493408
0,5,positive,17,29346,ENSG00000101210,EEF1A2,0.02728852674301774
0,5,positive,18,9659,ENSG00000112852,PCDHB2,0.02690432805315245
0,5,positive,19,6348,ENSG00000242622,RP11-18H7.1,0.026628533521256187
0,5,positive,20,10199,ENSG00000272277,RP1-40E16.12,0.0264010392850679
0,5,positive,21,27596,ENSG00000133195,SLC39A11,0.026325814224855793
0,5,positive,22,6390,ENSG00000239523,MYLK-AS1,0.0260508409867649
0,5,positive,23,30991,ENSG00000104973,MED25,0.02594513547336644
0,5,positive,24,5763,ENSG00000169981,ZNF35,0.02564129843949276
0,5,positive,25,6715,ENSG00000174928,C3orf33,0.025618482065584088
0,5,positive,26,30366,ENSG00000180884,ZNF792,0.025554104248347243
0,5,positive,27,23049,ENSG00000205659,LIN52,0.025544558271547654
0,5,positive,28,3796,ENSG00000173209,AHSA2,0.025506885232164187
0,5,positive,29,335,ENSG00000197312,DDI2,0.025485074945130866
0,5,positive,30,27966,ENSG00000262001,DLGAP1-AS2,0.025304057050778726
0,5,positive,31,13471,ENSG00000189221,MAOA,0.024932908280796754
0,5,positive,32,20486,ENSG00000133704,IPO8,0.024818926374942915
0,5,positive,33,25147,ENSG00000213658,LAT,0.024781347866174384
0,5,positive,34,861,ENSG00000117385,LEPRE1,0.02472527797643608
0,5,positive,35,30804,ENSG00000104936,DMPK,0.024607716969633757
0,5,positive,36,4653,ENSG00000152253,SPC25,0.024549412818082178
0,5,positive,37,25130,ENSG00000184110,EIF3C,0.024545482023923596
0,5,positive,38,13149,ENSG00000033100,CHPF2,0.024519008165861396
0,5,positive,39,31110,ENSG00000204611,ZNF616,0.024477870804018937
0,5,positive,40,13322,ENSG00000102048,ASB9,0.024433043109711127
0,5,positive,41,22952,ENSG00000171723,GPHN,0.024358384119605347
0,5,positive,42,8077,ENSG00000151466,SCLT1,0.024323092976131885
0,5,positive,43,13167,ENSG00000133627,ACTR3B,0.024191126475026054
0,5,positive,44,20316,ENSG00000165714,LOH12CR1,0.02418993710036341
0,5,positive,45,1592,ENSG00000081026,MAGI3,0.024081707626133875
0,5,positive,46,23040,ENSG00000140043,PTGR2,0.023955401799950093
0,5,positive,47,13467,ENSG00000171657,GPR82,0.02382823874193526
0,5,positive,48,21944,ENSG00000120693,SMAD9,0.023781251910257855
0,5,positive,49,24688,ENSG00000008710,PKD1,0.02361485127588949
0,5,positive,50,3742,ENSG00000115239,GPR75-ASB3,0.023595989425024097
0,6,negative,1,27099,ENSG00000175906,ARL4D,-0.03611258716029778
0,6,negative,2,27926,ENSG00000176912,C18orf56,-0.03461765783127739
0,6,negative,3,16997,ENSG00000065328,MCM10,-0.03436750063191605
0,6,negative,4,8144,ENSG00000109436,TBC1D9,-0.03368030701127434
0,6,negative,5,19496,ENSG00000165490,C11orf82,-0.03115379711343315
0,6,negative,6,15509,ENSG00000167656,LY6D,-0.030282205868279594
0,6,negative,7,24957,ENSG00000103226,NOMO3,-0.02979467422294426
0,6,negative,8,32102,ENSG00000100271,TTLL1,-0.029147330720798816
0,6,negative,9,29834,ENSG00000161888,SPC24,-0.028962240047714194
0,6,negative,10,15830,ENSG00000165272,AQP3,-0.02878959666901083
0,6,negative,11,12276,ENSG00000132436,FIGNL1,-0.02877253140761067
0,6,negative,12,22787,ENSG00000139926,FRMD6,-0.028282694552262434
0,6,negative,13,22869,ENSG00000100578,KIAA0586,-0.02801293748137217
0,6,negative,14,270,ENSG00000120937,NPPB,-0.02798294067567017
0,6,negative,15,30439,ENSG00000075702,WDR62,-0.027958868378337297
0,6,negative,16,8065,ENSG00000164070,HSPA4L,-0.027859371646638653
0,6,negative,17,31822,ENSG00000099992,TBC1D10A,-0.027857750947186503
0,6,negative,18,30404,ENSG00000105672,ETV2,-0.0278413128382022
0,6,negative,19,4091,ENSG00000163067,ZNF2,-0.027690957570058607
0,6,negative,20,15103,ENSG00000155099,TMEM55A,-0.02741165587219724
0,6,negative,21,7790,ENSG00000173085,COQ2,-0.027326770189513867
0,6,negative,22,28315,ENSG00000167306,MYO5B,-0.027270840137404447
0,6,negative,23,23850,ENSG00000166200,COPS2,-0.0270889491025002
0,6,negative,24,9454,ENSG00000245937,CTC-228N24.3,-0.02700095736562153
0,6,negative,25,12216,ENSG00000122678,POLM,-0.026779646116796587
0,6,negative,26,2074,ENSG00000163472,TMEM79,-0.02665471950969741
0,6,negative,27,11062,ENSG00000119900,OGFRL1,-0.026615185389538037
0,6,negative,28,910,ENSG00000173846,PLK3,-0.02648755319211278
0,6,negative,29,570,ENSG00000175793,SFN,-0.02648730617618704
0,6,negative,30,21302,ENSG00000111670,GNPTAB,-0.026306407335398057
0,6,negative,31,23415,ENSG00000126215,XRCC3,-0.02629401284251266
0,6,negative,32,744,ENSG00000092853,CLSPN,-0.02618336601262313
0,6,negative,33,20972,ENSG00000198673,FAM19A2,-0.026115332111389125
0,6,negative,34,26447,ENSG00000170425,ADORA2B,-0.026062808546586085
0,6,negative,35,31593,ENSG00000093009,CDC45,-0.025988801366226763
0,6,negative,36,23714,ENSG00000104147,OIP5,-0.025961299178257898
0,6,negative,37,1796,ENSG00000233368,RP11-277L2.3,-0.0259072473645169
0,6,negative,38,24876,ENSG00000175643,RMI2,-0.02577234294858436
0,6,negative,39,12388,ENSG00000009950,MLXIPL,-0.025730827746373742
0,6,negative,40,12928,ENSG00000273319,RP11-138A9.2,-0.02564173818407956
0,6,negative,41,24018,ENSG00000140451,PIF1,-0.025617448751894402
0,6,negative,42,578,ENSG00000158246,FAM46B,-0.025614519423393153
0,6,negative,43,24355,ENSG00000183655,KLHL25,-0.025593805753082635
0,6,negative,44,965,ENSG00000123473,STIL,-0.025534679831453907
0,6,negative,45,16759,ENSG00000122133,PAEP,-0.02550411161107507
0,6,negative,46,4535,ENSG00000204406,MBD5,-0.025440574220916674
0,6,negative,47,26824,ENSG00000161570,CCL5,-0.025394583224101406
0,6,negative,48,22422,ENSG00000129484,PARP2,-0.025379537617165816
0,6,negative,49,19475,ENSG00000188997,KCTD21,-0.025285177648208333
0,6,negative,50,17588,ENSG00000108219,TSPAN14,-0.02523478714000891
0,6,positive,1,26774,ENSG00000108691,CCL2,0.048333718567295535
0,6,positive,2,31206,ENSG00000182909,LENG9,0.03798577794318375
0,6,positive,3,25093,ENSG00000155592,ZKSCAN2,0.03415709522276276
0,6,positive,4,23668,ENSG00000104081,BMF,0.03101115630629718
0,6,positive,5,17652,ENSG00000119922,IFIT2,0.030862326905680658
0,6,positive,6,23813,ENSG00000166920,C15orf48,0.03065817055467913
0,6,positive,7,28228,ENSG00000186814,ZSCAN30,0.03053902021814234
0,6,positive,8,23044,ENSG00000156050,FAM161B,0.030022840281037463
0,6,positive,9,31770,ENSG00000233521,RP5-1172A22.1,0.029780391978956884
0,6,positive,10,7694,ENSG00000163739,CXCL1,0.029380195586504218
0,6,positive,11,247,ENSG00000271895,RP4-635E18.8,0.028808520693506385
0,6,positive,12,20193,ENSG00000182326,C1S,0.028762318568001315
0,6,positive,13,9494,ENSG00000164402,SEPT8,0.028355036717061573
0,6,positive,14,5783,ENSG00000163818,LZTFL1,0.027811819500833515
0,6,positive,15,5252,ENSG00000221944,TIGD1,0.027571630700728555
0,6,positive,16,24089,ENSG00000245750,RP11-279F6.1,0.02751032702993801
0,6,positive,17,17466,ENSG00000122863,CHST3,0.02716789050782487
0,6,positive,18,9751,ENSG00000164266,SPINK1,0.02698868602695999
0,6,positive,19,8947,ENSG00000130449,ZSWIM6,0.026867614431900815
0,6,positive,20,10710,ENSG00000235863,B3GALT4,0.026784050311431926
0,6,positive,21,11985,ENSG00000048052,HDAC9,0.02677992380734469
0,6,positive,22,18036,ENSG00000107902,LHPP,0.026664341768197652
0,6,positive,23,14474,ENSG00000156011,PSD3,0.02665042542566565
0,6,positive,24,16826,ENSG00000197355,UAP1L1,0.02616115970932114
0,6,positive,25,15644,ENSG00000147852,VLDLR,0.02605587297612793
0,6,positive,26,30588,ENSG00000187187,ZNF546,0.026030980713906596
0,6,positive,27,14831,ENSG00000181690,PLAG1,0.026015841193401706
0,6,positive,28,15243,ENSG00000164929,BAALC,0.025561625249161963
0,6,positive,29,2877,ENSG00000154309,DISP1,0.025144638022058217
0,6,positive,30,2451,ENSG00000153029,MR1,0.025072964178818588
0,6,positive,31,23193,ENSG00000165533,TTC8,0.024433324698171076
0,6,positive,32,4992,ENSG00000118263,KLF7,0.02429548388063396
0,6,positive,33,32,ENSG00000223764,RP11-54O7.3,0.024274395185011458
0,6,positive,34,16432,ENSG00000106948,AKNA,0.024196087729987336
0,6,positive,35,21406,ENSG00000076513,ANKRD13A,0.024081872748042115
0,6,positive,36,20353,ENSG00000111348,ARHGDIB,0.023909161818837822
0,6,positive,37,18222,ENSG00000149043,SYT8,0.0238346646498982
0,6,positive,38,27179,ENSG00000159314,ARHGAP27,0.023768112413001943
0,6,positive,39,685,ENSG00000183615,FAM167B,0.023766567351446742
0,6,positive,40,13685,ENSG00000090776,EFNB1,0.023689118678191026
0,6,positive,41,3579,ENSG00000272754,AL133245.2,0.023209468601541286
0,6,positive,42,21231,ENSG00000120833,SOCS2,0.023187698200038246
0,6,positive,43,27051,ENSG00000167925,GHDC,0.023174716278945576
0,6,positive,44,20195,ENSG00000139178,C1RL,0.02313106502910772
0,6,positive,45,2208,ENSG00000158773,USF1,0.0228618612827965
0,6,positive,46,374,ENSG00000058453,CROCC,0.022762540740489418
0,6,positive,47,14265,ENSG00000130830,MPP1,0.02275936817894296
0,6,positive,48,12750,ENSG00000091129,NRCAM,0.022662787107451145
0,6,positive,49,331,ENSG00000116138,DNAJC16,0.02256640401403743
0,6,positive,50,17427,ENSG00000156510,HKDC1,0.022544232815192904
0,7,negative,1,30492,ENSG00000171817,ZNF540,-0.03833623785183461
0,7,negative,2,2757,ENSG00000123689,G0S2,-0.0358768916454393
0,7,negative,3,11284,ENSG00000155085,AK9,-0.033961692360668046
0,7,negative,4,30245,ENSG00000197372,ZNF675,-0.03381714283653017
0,7,negative,5,17655,ENSG00000185745,IFIT1,-0.033712988940840065
0,7,negative,6,30489,ENSG00000188227,ZNF793,-0.03309143009439773
0,7,negative,7,31006,ENSG00000142528,ZNF473,-0.03307654115592088
0,7,negative,8,26978,ENSG00000212901,KRTAP3-1,-0.030383029053414855
0,7,negative,9,711,ENSG00000116525,TRIM62,-0.029807851242786263
0,7,negative,10,11423,ENSG00000118507,AKAP7,-0.029798265457784346
0,7,negative,11,9778,ENSG00000145882,PCYOX1L,-0.029394825566257207
0,7,negative,12,27926,ENSG00000176912,C18orf56,-0.02859753907528509
0,7,negative,13,8078,ENSG00000151470,C4orf33,-0.028322111482878113
0,7,negative,14,20324,ENSG00000178878,APOLD1,-0.02819588282025147
0,7,negative,15,15257,ENSG00000147650,LRP12,-0.028158192029079446
0,7,negative,16,5963,ENSG00000114854,TNNC1,-0.027165487049238605
0,7,negative,17,20252,ENSG00000110852,CLEC2B,-0.027138587524861653
0,7,negative,18,32562,ENSG00000160181,TFF2,-0.02688726346137202
0,7,negative,19,8768,ENSG00000164187,LMBRD2,-0.026731184939869333
0,7,negative,20,16623,ENSG00000160445,ZER1,-0.026405403134636195
0,7,negative,21,785,ENSG00000204084,INPP5B,-0.026152987361973693
0,7,negative,22,217,ENSG00000234546,RP3-510D11.2,-0.026093239541095922
0,7,negative,23,24772,ENSG00000140993,TIGD7,-0.026086114584224003
0,7,negative,24,23048,ENSG00000119711,ALDH6A1,-0.026079502906625612
0,7,negative,25,18217,ENSG00000244242,IFITM10,-0.02600780917577354
0,7,negative,26,21881,ENSG00000139508,SLC46A3,-0.02562125457461731
0,7,negative,27,25263,ENSG00000178226,PRSS36,-0.025315834136028427
0,7,negative,28,2683,ENSG00000174529,TMEM81,-0.025194365621060474
0,7,negative,29,19398,ENSG00000149380,P4HA3,-0.025141744545618412
0,7,negative,30,22959,ENSG00000198133,TMEM229B,-0.02512700959131871
0,7,negative,31,27705,ENSG00000185262,UBALD2,-0.025040274860125725
0,7,negative,32,9861,ENSG00000055163,CYFIP2,-0.024954626613899297
0,7,negative,33,1807,ENSG00000264207,RP11-196G18.23,-0.024821188261915914
0,7,negative,34,13846,ENSG00000158164,TMSB15A,-0.02480030966175075
0,7,negative,35,4988,ENSG00000118246,FASTKD2,-0.02473334465942865
0,7,negative,36,12411,ENSG00000196275,GTF2IRD2,-0.02470167777821067
0,7,negative,37,6412,ENSG00000114544,SLC41A3,-0.024691315667295426
0,7,negative,38,27647,ENSG00000167861,HID1,-0.024623098584307987
0,7,negative,39,27869,ENSG00000264569,RP13-650J16.1,-0.024541169654569026
0,7,negative,40,31354,ENSG00000083817,ZNF416,-0.024448780843423657
0,7,negative,41,17770,ENSG00000119943,PYROXD2,-0.024363895689376813
0,7,negative,42,7259,ENSG00000245468,RP11-367J11.3,-0.024284969301432955
0,7,negative,43,10677,ENSG00000204287,HLA-DRA,-0.024268302652369796
0,7,negative,44,29557,ENSG00000105289,TJP3,-0.024187333462106556
0,7,negative,45,4690,ENSG00000172878,METAP1D,-0.024012895199727127
0,7,negative,46,11480,ENSG00000146410,MTFR2,-0.023929402606749167
0,7,negative,47,16995,ENSG00000151468,CCDC3,-0.023928309727009125
0,7,negative,48,18634,ENSG00000121690,DEPDC7,-0.023860505193356397
0,7,negative,49,26923,ENSG00000173991,TCAP,-0.023556464693060632
0,7,negative,50,5243,ENSG00000163283,ALPP,-0.023521387463034223
0,7,positive,1,21935,ENSG00000133083,DCLK1,0.0413701604971072
0,7,positive,2,1965,ENSG00000188015,S100A3,0.038279198627094786
0,7,positive,3,10569,ENSG00000137331,IER3,0.032291442704121084
0,7,positive,4,24983,ENSG00000170537,TMC7,0.03223337731063569
0,7,positive,5,27026,ENSG00000186847,KRT14,0.03159273854854475
0,7,positive,6,6198,ENSG00000168386,FILIP1L,0.03158335790320415
0,7,positive,7,14610,ENSG00000120875,DUSP4,0.031320710094446244
0,7,positive,8,1966,ENSG00000196754,S100A2,0.03058018888924828
0,7,positive,9,12086,ENSG00000146592,CREB5,0.030213063610942788
0,7,positive,10,10069,ENSG00000196923,PDLIM7,0.02995738326798915
0,7,positive,11,4267,ENSG00000144063,MALL,0.02994876965608486
0,7,positive,12,15915,ENSG00000137075,RNF38,0.02953747567386283
0,7,positive,13,28960,ENSG00000061656,SPAG4,0.02949489960088725
0,7,positive,14,31540,ENSG00000100181,TPTEP1,0.02881135751346582
0,7,positive,15,17672,ENSG00000148677,ANKRD1,0.02835601482613698
0,7,positive,16,20326,ENSG00000013588,GPRC5A,0.02820477361227558
0,7,positive,17,27640,ENSG00000109066,TMEM104,0.027627838917202486
0,7,positive,18,16837,ENSG00000188566,NDOR1,0.027606123546799654
0,7,positive,19,9771,ENSG00000250072,CTC-529P8.1,0.027603235390966784
0,7,positive,20,18704,ENSG00000187479,C11orf96,0.027583337054851498
0,7,positive,21,29854,ENSG00000130176,CNN1,0.027373162043517835
0,7,positive,22,17448,ENSG00000107719,PALD1,0.026259546297028397
0,7,positive,23,17249,ENSG00000165507,C10orf10,0.0259982788248545
0,7,positive,24,23400,ENSG00000185215,TNFAIP2,0.025809625407074255
0,7,positive,25,16485,ENSG00000175764,TTLL11,0.025741944041869788
0,7,positive,26,13350,ENSG00000008086,CDKL5,0.025560749082578132
0,7,positive,27,404,ENSG00000169991,IFFO2,0.02545383357203641
0,7,positive,28,27401,ENSG00000264112,RP11-159D12.2,0.025279911537355686
0,7,positive,29,7691,ENSG00000169429,IL8,0.025247413832603732
0,7,positive,30,11531,ENSG00000010818,HIVEP2,0.02515735475221571
0,7,positive,31,24735,ENSG00000005001,PRSS22,0.025037381645171546
0,7,positive,32,22939,ENSG00000257365,FNTB,0.025010990142294368
0,7,positive,33,25635,ENSG00000261884,CTC-479C5.12,0.02476516306412818
0,7,positive,34,14065,ENSG00000134590,FAM127A,0.024723382004866998
0,7,positive,35,23335,ENSG00000196405,EVL,0.024713534951285594
0,7,positive,36,11392,ENSG00000135547,HEY2,0.024524426273896442
0,7,positive,37,26774,ENSG00000108691,CCL2,0.0244459706769728
0,7,positive,38,5529,ENSG00000154764,WNT7A,0.024392370017048085
0,7,positive,39,10061,ENSG00000169220,RGS14,0.024372958666023094
0,7,positive,40,11498,ENSG00000118503,TNFAIP3,0.024322931176824113
0,7,positive,41,8938,ENSG00000164181,ELOVL7,0.024265778046279766
0,7,positive,42,10024,ENSG00000145920,CPLX2,0.02423713735140547
0,7,positive,43,3998,ENSG00000270696,RP11-342K6.1,0.024206451972715586
0,7,positive,44,26325,ENSG00000178971,CTC1,0.02414439930216363
0,7,positive,45,17564,ENSG00000253626,EIF5AL1,0.024120979401095286
0,7,positive,46,10918,ENSG00000146232,NFKBIE,0.024095187484841976
0,7,positive,47,15830,ENSG00000165272,AQP3,0.02409325939366258
0,7,positive,48,6352,ENSG00000163430,FSTL1,0.023883766210491576
0,7,positive,49,11970,ENSG00000106524,ANKMY2,0.02385538634780602
0,7,positive,50,8294,ENSG00000109756,RAPGEF2,0.023819575923366674
0,8,negative,1,5164,ENSG00000116106,EPHA4,-0.03529994100873186
0,8,negative,2,17287,ENSG00000165388,ZNF488,-0.03513365815861676
0,8,negative,3,30545,ENSG00000104835,SARS2,-0.03493180716088897
0,8,negative,4,488,ENSG00000007968,E2F2,-0.029167327877041856
0,8,negative,5,7192,ENSG00000214367,HAUS3,-0.028094022519524767
0,8,negative,6,18910,ENSG00000110042,DTX4,-0.028088560712024452
0,8,negative,7,10695,ENSG00000204257,HLA-DMA,-0.02699637495991509
0,8,negative,8,26378,ENSG00000273290,CTC-297N7.8,-0.026925613958875414
0,8,negative,9,21567,ENSG00000135114,OASL,-0.026631780253097606
0,8,negative,10,11392,ENSG00000135547,HEY2,-0.026207293773513315
0,8,negative,11,26296,ENSG00000141499,WRAP53,-0.02594090437288127
0,8,negative,12,11882,ENSG00000272953,RP11-1275H24.2,-0.025824221242629453
0,8,negative,13,13856,ENSG00000133169,BEX1,-0.025553549550994294
0,8,negative,14,29753,ENSG00000181143,MUC16,-0.025547849547781856
0,8,negative,15,10554,ENSG00000204576,PRR3,-0.025538631165396276
0,8,negative,16,11027,ENSG00000146143,PRIM2,-0.02552880267939788
0,8,negative,17,7184,ENSG00000068078,FGFR3,-0.025518304292202382
0,8,negative,18,21462,ENSG00000151176,PLBD2,-0.025361165438561362
0,8,negative,19,30915,ENSG00000063180,CA11,-0.02505406469777054
0,8,negative,20,9366,ENSG00000092421,SEMA6A,-0.02499302773120329
0,8,negative,21,23395,ENSG00000166126,AMN,-0.024930477041707526
0,8,negative,22,19865,ENSG00000137709,POU2F3,-0.024749126956585134
0,8,negative,23,29123,ENSG00000100985,MMP9,-0.024665630091273243
0,8,negative,24,14466,ENSG00000104760,FGL1,-0.02464099834497457
0,8,negative,25,19999,ENSG00000174370,C11orf45,-0.02453427781930506
0,8,negative,26,22458,ENSG00000165795,NDRG2,-0.02445054614902049
0,8,negative,27,13846,ENSG00000158164,TMSB15A,-0.024364114071760524
0,8,negative,28,12713,ENSG00000228393,LINC01004,-0.024144808735751512
0,8,negative,29,28430,ENSG00000057149,SERPINB3,-0.02412469091799924
0,8,negative,30,6802,ENSG00000085276,MECOM,-0.024054178499074135
0,8,negative,31,4824,ENSG00000144369,FAM171B,-0.024035539968723128
0,8,negative,32,20632,ENSG00000167550,RHEBL1,-0.0240286074572175
0,8,negative,33,28429,ENSG00000206073,SERPINB4,-0.023994505394536996
0,8,negative,34,4469,ENSG00000150551,LYPD1,-0.023911768277030558
0,8,negative,35,4621,ENSG00000115267,IFIH1,-0.02390586912804031
0,8,negative,36,2444,ENSG00000143324,XPR1,-0.02384148834684723
0,8,negative,37,5489,ENSG00000144554,FANCD2,-0.02383498039535144
0,8,negative,38,4684,ENSG00000071967,CYBRD1,-0.023702443047204008
0,8,negative,39,26634,ENSG00000076351,SLC46A1,-0.02369355479451855
0,8,negative,40,6942,ENSG00000163888,CAMK2N2,-0.023624808427237614
0,8,negative,41,25619,ENSG00000159753,RLTPR,-0.023605453495066753
0,8,negative,42,4554,ENSG00000184898,RBM43,-0.02358815107891631
0,8,negative,43,7734,ENSG00000169248,CXCL11,-0.023536639683780884
0,8,negative,44,19688,ENSG00000214290,COLCA2,-0.023383146336300748
0,8,negative,45,1853,ENSG00000143409,FAM63A,-0.023380985906365507
0,8,negative,46,22556,ENSG00000100918,REC8,-0.023341345820405073
0,8,negative,47,10424,ENSG00000188987,HIST1H4D,-0.02320913402822547
0,8,negative,48,3865,ENSG00000243667,WDR92,-0.023019938457585515
0,8,negative,49,18021,ENSG00000196177,ACADSB,-0.02300259737038586
0,8,negative,50,24955,ENSG00000091262,ABCC6,-0.022985554328853672
0,8,positive,1,21976,ENSG00000102760,RGCC,0.04589542366908281
0,8,positive,2,18248,ENSG00000254827,SLC22A18AS,0.04290276570652965
0,8,positive,3,1929,ENSG00000240386,LCE1F,0.0335455052537843
0,8,positive,4,28432,ENSG00000197632,SERPINB2,0.03331415346632511
0,8,positive,5,19298,ENSG00000162341,TPCN2,0.03303006714276543
0,8,positive,6,31270,ENSG00000179943,FIZ1,0.032388360553400226
0,8,positive,7,14623,ENSG00000271869,RP11-51J9.5,0.03151980964005735
0,8,positive,8,31636,ENSG00000099937,SERPIND1,0.03023426310326365
0,8,positive,9,7901,ENSG00000248161,RP11-499E18.1,0.030175675651738884
0,8,positive,10,9045,ENSG00000251493,FOXD1,0.03015733374396461
0,8,positive,11,2448,ENSG00000232586,RP11-46A10.4,0.029989998419746627
0,8,positive,12,24061,ENSG00000259673,IQCH-AS1,0.029654514562891834
0,8,positive,13,12435,ENSG00000243566,UPK3B,0.029492407440341522
0,8,positive,14,725,ENSG00000189433,GJB4,0.02937614932858437
0,8,positive,15,10877,ENSG00000137171,KLC4,0.029313317777974142
0,8,positive,16,19245,ENSG00000175505,CLCF1,0.02927399750924527
0,8,positive,17,32566,ENSG00000160188,RSPH1,0.02927389609421517
0,8,positive,18,20950,ENSG00000111012,CYP27B1,0.028950454113258833
0,8,positive,19,6587,ENSG00000272565,RP11-485G4.2,0.028896097687567707
0,8,positive,20,23003,ENSG00000006432,MAP3K9,0.028760714661511422
0,8,positive,21,15476,ENSG00000123908,AGO2,0.028541275075596912
0,8,positive,22,26939,ENSG00000108342,CSF3,0.028418416779918108
0,8,positive,23,4185,ENSG00000115602,IL1RL1,0.02797201295287801
0,8,positive,24,24841,ENSG00000140650,PMM2,0.027809310095289717
0,8,positive,25,10193,ENSG00000244041,LINC01011,0.027366942850125472
0,8,positive,26,20715,ENSG00000170442,KRT86,0.027240004186325027
0,8,positive,27,24103,ENSG00000137821,LRRC49,0.027092324946139463
0,8,positive,28,10952,ENSG00000153294,GPR115,0.02690403571622107
0,8,positive,29,13646,ENSG00000256045,MTRNR2L10,0.02682184499068948
0,8,positive,30,14275,ENSG00000155961,RAB39B,0.026729459263424262
0,8,positive,31,7348,ENSG00000263327,TAPT1-AS1,0.026577473085631853
0,8,positive,32,15011,ENSG00000104432,IL7,0.026561767934688646
0,8,positive,33,12015,ENSG00000136244,IL6,0.02645425247888669
0,8,positive,34,26237,ENSG00000258315,C17orf49,0.026318144559329213
0,8,positive,35,691,ENSG00000225828,FAM229A,0.025822981822925615
0,8,positive,36,18465,ENSG00000133808,MICALCL,0.02564972914659588
0,8,positive,37,2764,ENSG00000203706,SERTAD4-AS1,0.025494741283034434
0,8,positive,38,1943,ENSG00000163216,SPRR2D,0.025369004218338487
0,8,positive,39,30733,ENSG00000186019,AC084219.4,0.025351886205636512
0,8,positive,40,4992,ENSG00000118263,KLF7,0.025349498427834845
0,8,positive,41,29497,ENSG00000099840,IZUMO4,0.024970218057630823
0,8,positive,42,19778,ENSG00000149591,TAGLN,0.024849863206943105
0,8,positive,43,12679,ENSG00000160999,SH2B2,0.024691130072630053
0,8,positive,44,25605,ENSG00000159713,TPPP3,0.02462986663158709
0,8,positive,45,5651,ENSG00000271020,RP11-10C24.1,0.02458871282964104
0,8,positive,46,22936,ENSG00000126822,PLEKHG3,0.02456847796297813
0,8,positive,47,3439,ENSG00000119771,KLHL29,0.024567149555295795
0,8,positive,48,20237,ENSG00000139187,KLRG1,0.024534497080908442
0,8,positive,49,13355,ENSG00000044446,PHKA2,0.02447926384110779
0,8,positive,50,13003,ENSG00000157800,SLC37A3,0.024398718960789267
0,9,negative,1,7698,ENSG00000163734,CXCL3,-0.04124901003781014
0,9,negative,2,10671,ENSG00000213654,GPSM3,-0.038654617725376574
0,9,negative,3,27978,ENSG00000198081,ZBTB14,-0.03433038589749835
0,9,negative,4,9345,ENSG00000248175,CTC-428G20.3,-0.03160138378299092
0,9,negative,5,7523,ENSG00000074966,TXK,-0.029958016053163616
0,9,negative,6,26049,ENSG00000183688,FAM101B,-0.029852952824690616
0,9,negative,7,7699,ENSG00000081041,CXCL2,-0.029806872928240503
0,9,negative,8,16448,ENSG00000182752,PAPPA,-0.0298010015366667
0,9,negative,9,31391,ENSG00000182318,ZSCAN22,-0.029589074332302737
0,9,negative,10,19037,ENSG00000185670,ZBTB3,-0.029546887028169128
0,9,negative,11,8020,ENSG00000138735,PDE5A,-0.0295248228960294
0,9,negative,12,17517,ENSG00000267957,RP11-178G16.4,-0.029240056830590753
0,9,negative,13,26325,ENSG00000178971,CTC1,-0.028707935209171816
0,9,negative,14,27571,ENSG00000154265,ABCA5,-0.02868980704410718
0,9,negative,15,25597,ENSG00000125122,LRRC29,-0.027989198484789365
0,9,negative,16,12628,ENSG00000078487,ZCWPW1,-0.027516200702601745
0,9,negative,17,5941,ENSG00000090097,PCBP4,-0.027406271142006187
0,9,negative,18,5433,ENSG00000134107,BHLHE40,-0.02719559584104269
0,9,negative,19,27054,ENSG00000126561,STAT5A,-0.02718095866081494
0,9,negative,20,17162,ENSG00000216937,CCDC7,-0.027063629936265748
0,9,negative,21,6374,ENSG00000272758,RP11-299J3.8,-0.026980482612553355
0,9,negative,22,923,ENSG00000132763,MMACHC,-0.026778710548101756
0,9,negative,23,23444,ENSG00000179627,ZBTB42,-0.02663569205240761
0,9,negative,24,5684,ENSG00000114739,ACVR2B,-0.026506472318281685
0,9,negative,25,13850,ENSG00000158301,GPRASP2,-0.02648865098735201
0,9,negative,26,24157,ENSG00000138623,SEMA7A,-0.026370095973980878
0,9,negative,27,10356,ENSG00000172197,MBOAT1,-0.026072544971081423
0,9,negative,28,10460,ENSG00000112812,PRSS16,-0.025856025420589235
0,9,negative,29,13412,ENSG00000198814,GK,-0.025627180018114076
0,9,negative,30,7063,ENSG00000229334,AC046143.3,-0.025528408176253806
0,9,negative,31,5991,ENSG00000271976,RP11-884K10.7,-0.02522332107660823
0,9,negative,32,10938,ENSG00000153291,SLC25A27,-0.02505022906185013
0,9,negative,33,7691,ENSG00000169429,IL8,-0.025050120856295613
0,9,negative,34,17911,ENSG00000138166,DUSP5,-0.025049253412940068
0,9,negative,35,23992,ENSG00000166128,RAB8B,-0.02498803451588626
0,9,negative,36,27125,ENSG00000125319,C17orf53,-0.024894739423543023
0,9,negative,37,3812,ENSG00000115507,OTX1,-0.024788874126235927
0,9,negative,38,4100,ENSG00000232931,LINC00342,-0.024757410584969542
0,9,negative,39,31359,ENSG00000121417,ZNF211,-0.024617909817480993
0,9,negative,40,1272,ENSG00000117114,LPHN2,-0.024601648453338072
0,9,negative,41,25596,ENSG00000102890,ELMO3,-0.02459402012298282
0,9,negative,42,12393,ENSG00000225969,LINC00035,-0.024498641438875667
0,9,negative,43,5922,ENSG00000114737,CISH,-0.02428446827482469
0,9,negative,44,25853,ENSG00000260682,7SK,-0.023978679806516568
0,9,negative,45,28383,ENSG00000267010,RP11-108P20.1,-0.02393097277636025
0,9,negative,46,1821,ENSG00000014914,MTMR11,-0.023817495970122893
0,9,negative,47,8045,ENSG00000181004,BBS12,-0.023719173142905323
0,9,negative,48,28843,ENSG00000170191,NANP,-0.023713050245130103
0,9,negative,49,28696,ENSG00000132623,ANKEF1,-0.023672826496939792
0,9,negative,50,21822,ENSG00000127863,TNFRSF19,-0.023553808619797018
0,9,positive,1,1941,ENSG00000163209,SPRR3,0.04855402498989443
0,9,positive,2,11669,ENSG00000203711,C6orf99,0.03701665848312197
0,9,positive,3,12357,ENSG00000243335,KCTD7,0.03531312348876627
0,9,positive,4,5072,ENSG00000115461,IGFBP5,0.034958715802241226
0,9,positive,5,2033,ENSG00000185499,MUC1,0.03381439118937352
0,9,positive,6,17879,ENSG00000107954,NEURL1,0.03328926339130114
0,9,positive,7,26888,ENSG00000261005,CTB-58E17.1,0.0330888850419717
0,9,positive,8,4599,ENSG00000226266,AC009961.3,0.03274163644329794
0,9,positive,9,15130,ENSG00000183808,RBM12B,0.030698954825170918
0,9,positive,10,25277,ENSG00000261474,RP11-452L6.1,0.02993834770202423
0,9,positive,11,5899,ENSG00000001617,SEMA3F,0.028680469811849952
0,9,positive,12,20150,ENSG00000139192,TAPBPL,0.02849068945795921
0,9,positive,13,14692,ENSG00000272092,RP11-350N15.5,0.028358530713513894
0,9,positive,14,31408,ENSG00000083812,ZNF324,0.02815115247687853
0,9,positive,15,5761,ENSG00000186448,ZNF197,0.02810250355396039
0,9,positive,16,7184,ENSG00000068078,FGFR3,0.02784438597522855
0,9,positive,17,25811,ENSG00000140876,NUDT7,0.027696993253204325
0,9,positive,18,1295,ENSG00000097096,SYDE2,0.02738407275633196
0,9,positive,19,15441,ENSG00000104419,NDRG1,0.02705179664732592
0,9,positive,20,17225,ENSG00000243660,ZNF487,0.026939846586517543
0,9,positive,21,6169,ENSG00000080200,CRYBG3,0.026885893128176252
0,9,positive,22,32588,ENSG00000142178,SIK1,0.026808345779051047
0,9,positive,23,17805,ENSG00000272572,RP11-179B2.2,0.026679210365301652
0,9,positive,24,698,ENSG00000162520,SYNC,0.026583000454831033
0,9,positive,25,22985,ENSG00000100647,KIAA0247,0.026582125616543394
0,9,positive,26,18788,ENSG00000149177,PTPRJ,0.02657072051619859
0,9,positive,27,1423,ENSG00000156876,SASS6,0.02631690499355873
0,9,positive,28,14727,ENSG00000104332,SFRP1,0.026283162136432434
0,9,positive,29,141,ENSG00000078900,TP73,0.025914321732175064
0,9,positive,30,15254,ENSG00000176406,RIMS2,0.025858459023942706
0,9,positive,31,29005,ENSG00000198959,TGM2,0.02583442979404061
0,9,positive,32,29121,ENSG00000100982,PCIF1,0.025811827679231833
0,9,positive,33,9216,ENSG00000113391,FAM172A,0.025721884342726334
0,9,positive,34,27517,ENSG00000256525,POLG2,0.025475894671040156
0,9,positive,35,10794,ENSG00000137200,CMTR1,0.025439561331779263
0,9,positive,36,1907,ENSG00000237975,FLG-AS1,0.025422240450080902
0,9,positive,37,27110,ENSG00000161647,MPP3,0.025348292362125956
0,9,positive,38,29346,ENSG00000101210,EEF1A2,0.02529747253870741
0,9,positive,39,10421,ENSG00000168298,HIST1H1E,0.025194430930685026
0,9,positive,40,22741,ENSG00000253459,AL139099.1,0.025050577017175175
0,9,positive,41,869,ENSG00000227533,SLC2A1-AS1,0.024766743394863837
0,9,positive,42,23731,ENSG00000137877,SPTBN5,0.0246665204091507
0,9,positive,43,2871,ENSG00000154305,MIA3,0.024577233177098926
0,9,positive,44,19404,ENSG00000175536,LIPT2,0.024544753946235513
0,9,positive,45,27521,ENSG00000176809,LRRC37A3,0.024535877430944767
0,9,positive,46,21845,ENSG00000139505,MTMR6,0.02452102710924356
0,9,positive,47,21601,ENSG00000184445,KNTC1,0.024461091363787
0,9,positive,48,27814,ENSG00000167302,ENTHD2,0.024405899584998593
0,9,positive,49,16561,ENSG00000136828,RALGPS1,0.0243534617758507
0,9,positive,50,31234,ENSG00000129991,TNNI3,0.024323697994678258
0,10,negative,1,7694,ENSG00000163739,CXCL1,-0.03814612164656454
0,10,negative,2,11495,ENSG00000230533,RP11-95M15.1,-0.036030987176867924
0,10,negative,3,3353,ENSG00000224184,AC096559.1,-0.034694808843405145
0,10,negative,4,21993,ENSG00000179630,LACC1,-0.03452028292190003
0,10,negative,5,962,ENSG00000162366,PDZK1IP1,-0.03408543639974319
0,10,negative,6,7698,ENSG00000163734,CXCL3,-0.03396333409673976
0,10,negative,7,27978,ENSG00000198081,ZBTB14,-0.03366831561782158
0,10,negative,8,17672,ENSG00000148677,ANKRD1,-0.033589813034732935
0,10,negative,9,10193,ENSG00000244041,LINC01011,-0.03310217442837033
0,10,negative,10,19687,ENSG00000196167,COLCA1,-0.03249048801165394
0,10,negative,11,29346,ENSG00000101210,EEF1A2,-0.03207557553456775
0,10,negative,12,29231,ENSG00000087510,TFAP2C,-0.03198352552731482
0,10,negative,13,31359,ENSG00000121417,ZNF211,-0.029386708352740702
0,10,negative,14,6037,ENSG00000168306,ACOX2,-0.028964246728959708
0,10,negative,15,20022,ENSG00000182667,NTM,-0.028172443375337843
0,10,negative,16,14554,ENSG00000159167,STC1,-0.027837417657670685
0,10,negative,17,7741,ENSG00000138771,SHROOM3,-0.027731751458884228
0,10,negative,18,19033,ENSG00000168000,BSCL2,-0.027308797438862303
0,10,negative,19,12763,ENSG00000128512,DOCK4,-0.027021772510139385
0,10,negative,20,4813,ENSG00000170396,ZNF804A,-0.026974505379553083
0,10,negative,21,23142,ENSG00000211448,DIO2,-0.026973732529314218
0,10,negative,22,28700,ENSG00000132639,SNAP25,-0.026968204886676988
0,10,negative,23,935,ENSG00000117472,TSPAN1,-0.026946283473667162
0,10,negative,24,16480,ENSG00000148175,STOM,-0.026787748075752807
0,10,negative,25,28200,ENSG00000118276,B4GALT6,-0.026743812635901996
0,10,negative,26,26978,ENSG00000212901,KRTAP3-1,-0.026698663230973967
0,10,negative,27,16569,ENSG00000136830,FAM129B,-0.02650512446055879
0,10,negative,28,24753,ENSG00000162069,CCDC64B,-0.026400845496188218
0,10,negative,29,5673,ENSG00000144677,CTDSPL,-0.026381374253574733
0,10,negative,30,1641,ENSG00000134253,TRIM45,-0.026340542748424615
0,10,negative,31,15399,ENSG00000168672,FAM84B,-0.02617904095103698
0,10,negative,32,7082,ENSG00000145113,MUC4,-0.025978740890760445
0,10,negative,33,5836,ENSG00000145040,UCN2,-0.02557188342073189
0,10,negative,34,13482,ENSG00000270069,RP6-99M1.2,-0.025522478643582192
0,10,negative,35,5311,ENSG00000124839,RAB17,-0.02536068675877317
0,10,negative,36,13271,ENSG00000101846,STS,-0.02519749419410398
0,10,negative,37,29212,ENSG00000064787,BCAS1,-0.024902513417385475
0,10,negative,38,10239,ENSG00000124785,NRN1,-0.024879284623030448
0,10,negative,39,5243,ENSG00000163283,ALPP,-0.02486557553098134
0,10,negative,40,882,ENSG00000198198,SZT2,-0.024846297947111157
0,10,negative,41,5958,ENSG00000168237,GLYCTK,-0.024837358897773675
0,10,negative,42,31891,ENSG00000100234,TIMP3,-0.024831896958431385
0,10,negative,43,29735,ENSG00000167772,ANGPTL4,-0.02473202305713087
0,10,negative,44,22327,ENSG00000225760,LINC00431,-0.02451445710547827
0,10,negative,45,30560,ENSG00000128011,LRFN1,-0.02437193210576763
0,10,negative,46,28372,ENSG00000049759,NEDD4L,-0.024356047817697367
0,10,negative,47,5367,ENSG00000172478,C2orf54,-0.02428132720594156
0,10,negative,48,28046,ENSG00000141404,GNAL,-0.024171798400552905
0,10,negative,49,150,ENSG00000169598,DFFB,-0.024088345415778544
0,10,negative,50,23110,ENSG00000198894,CIPC,-0.0237506055679586
0,10,positive,1,7705,ENSG00000109321,AREG,0.0392856551554356
0,10,positive,2,13732,ENSG00000125931,CITED1,0.03353098109322482
0,10,positive,3,17760,ENSG00000155254,MARVELD1,0.03212889428270158
0,10,positive,4,26955,ENSG00000131746,TNS4,0.031784036159765376
0,10,positive,5,22222,ENSG00000080166,DCT,0.030976574688098266
0,10,positive,6,12597,ENSG00000106258,CYP3A5,0.030961811126067797
0,10,positive,7,25511,ENSG00000102996,MMP15,0.030820478135225433
0,10,positive,8,10928,ENSG00000124813,RUNX2,0.029850609691859136
0,10,positive,9,31623,ENSG00000206176,AC023490.1,0.029275363918782934
0,10,positive,10,3007,ENSG00000116991,SIPA1L2,0.029236699656478397
0,10,positive,11,16839,ENSG00000197191,C9orf169,0.029204232485648313
0,10,positive,12,18111,ENSG00000151651,ADAM8,0.02830794610498
0,10,positive,13,32019,ENSG00000100311,PDGFB,0.028091817780661655
0,10,positive,14,31631,ENSG00000099910,KLHL22,0.028000156110724796
0,10,positive,15,1997,ENSG00000143515,ATP8B2,0.027723913481771847
0,10,positive,16,7265,ENSG00000163995,ABLIM2,0.027697501181558053
0,10,positive,17,17987,ENSG00000198873,GRK5,0.027561071982886765
0,10,positive,18,6391,ENSG00000065534,MYLK,0.027344078373936462
0,10,positive,19,18488,ENSG00000186104,CYP2R1,0.027044826652589088
0,10,positive,20,17466,ENSG00000122863,CHST3,0.02701221537771723
0,10,positive,21,23080,ENSG00000170345,FOS,0.02700894551102115
0,10,positive,22,14536,ENSG00000173535,TNFRSF10C,0.026912007058564072
0,10,positive,23,15316,ENSG00000136999,NOV,0.026881577516451226
0,10,positive,24,14226,ENSG00000198910,L1CAM,0.02686314328404273
0,10,positive,25,12147,ENSG00000271122,RP11-379H18.1,0.026538988148688956
0,10,positive,26,27926,ENSG00000176912,C18orf56,0.026484551973841385
0,10,positive,27,18327,ENSG00000121236,TRIM6,0.02646237862442088
0,10,positive,28,11570,ENSG00000203727,SAMD5,0.02635885226731915
0,10,positive,29,28069,ENSG00000215527,AP005482.1,0.026154666088915052
0,10,positive,30,20351,ENSG00000111341,MGP,0.02604248636634446
0,10,positive,31,14620,ENSG00000272256,RP11-489E7.4,0.025972738113895704
0,10,positive,32,14384,ENSG00000173273,TNKS,0.02596131921885618
0,10,positive,33,14505,ENSG00000158856,DMTN,0.025908504905834448
0,10,positive,34,27706,ENSG00000129646,QRICH2,0.02577387426217746
0,10,positive,35,4852,ENSG00000233654,AC093388.3,0.02574760125232914
0,10,positive,36,23451,ENSG00000185567,AHNAK2,0.025731238720872004
0,10,positive,37,17444,ENSG00000172731,LRRC20,0.025435644317667316
0,10,positive,38,5072,ENSG00000115461,IGFBP5,0.025355624427047852
0,10,positive,39,18142,ENSG00000142102,ATHL1,0.02499516495183877
0,10,positive,40,10204,ENSG00000137285,TUBB2B,0.024857403490319594
0,10,positive,41,16753,ENSG00000196422,PPP1R26,0.024754998304461016
0,10,positive,42,8392,ENSG00000109674,NEIL3,0.02462330817253189
0,10,positive,43,685,ENSG00000183615,FAM167B,0.024571843098793334
0,10,positive,44,8292,ENSG00000052795,FNIP2,0.024502566044678747
0,10,positive,45,16245,ENSG00000237857,RP11-435O5.2,0.02431476521917447
0,10,positive,46,1798,ENSG00000229801,RP11-353N4.1,0.024151043943241867
0,10,positive,47,29318,ENSG00000101188,NTSR1,0.024002444014324283
0,10,positive,48,4520,ENSG00000169554,ZEB2,0.023924654260453728
0,10,positive,49,9188,ENSG00000081189,MEF2C,0.023826664777878294
0,10,positive,50,16816,ENSG00000107331,ABCA2,0.02374756222146417
0,11,negative,1,3654,ENSG00000162878,PKDCC,-0.04055377044693891
0,11,negative,2,32506,ENSG00000198054,DSCR8,-0.03271371190773032
0,11,negative,3,21935,ENSG00000133083,DCLK1,-0.030767789554119726
0,11,negative,4,30421,ENSG00000004777,ARHGAP33,-0.03067353212881814
0,11,negative,5,5580,ENSG00000114166,KAT2B,-0.03016085392535623
0,11,negative,6,28449,ENSG00000171451,DSEL,-0.029831272165420114
0,11,negative,7,9039,ENSG00000157107,FCHO2,-0.029727519747996926
0,11,negative,8,5072,ENSG00000115461,IGFBP5,-0.029140659395217833
0,11,negative,9,29986,ENSG00000160961,ZNF333,-0.028801677687473923
0,11,negative,10,32659,ENSG00000223768,LINC00205,-0.028800300422154028
0,11,negative,11,6088,ENSG00000163378,EOGT,-0.028623100236957053
0,11,negative,12,13709,ENSG00000184481,FOXO4,-0.02851616119387379
0,11,negative,13,19653,ENSG00000152402,GUCY1A2,-0.02782352468372249
0,11,negative,14,12428,ENSG00000177679,SRRM3,-0.02768982591908246
0,11,negative,15,1119,ENSG00000172456,FGGY,-0.02736217695363745
0,11,negative,16,3575,ENSG00000272716,RP11-563N4.1,-0.027323805177133762
0,11,negative,17,16231,ENSG00000269929,RP11-2B6.2,-0.026801577690593728
0,11,negative,18,8078,ENSG00000151470,C4orf33,-0.026610322560959274
0,11,negative,19,29068,ENSG00000244558,RP11-445H22.4,-0.02645710283725087
0,11,negative,20,20894,ENSG00000110944,IL23A,-0.02645661540295766
0,11,negative,21,865,ENSG00000164010,ERMAP,-0.026218039855861776
0,11,negative,22,30540,ENSG00000187994,RINL,-0.02561916814791987
0,11,negative,23,8872,ENSG00000164171,ITGA2,-0.025601683901537952
0,11,negative,24,24051,ENSG00000188501,LCTL,-0.0255298406849919
0,11,negative,25,20494,ENSG00000013573,DDX11,-0.025360098384360607
0,11,negative,26,20950,ENSG00000111012,CYP27B1,-0.02535654603324372
0,11,negative,27,20351,ENSG00000111341,MGP,-0.02531895418632911
0,11,negative,28,11920,ENSG00000272894,RP5-1159O4.1,-0.02512710482655161
0,11,negative,29,15193,ENSG00000253948,RP11-410L14.2,-0.024856789290508417
0,11,negative,30,28938,ENSG00000131067,GGT7,-0.024610916649267907
0,11,negative,31,23292,ENSG00000227051,C14orf132,-0.0244385268717155
0,11,negative,32,22787,ENSG00000139926,FRMD6,-0.02437370967863463
0,11,negative,33,18217,ENSG00000244242,IFITM10,-0.024321403351140004
0,11,negative,34,30915,ENSG00000063180,CA11,-0.024298899515956998
0,11,negative,35,30143,ENSG00000223802,CERS1,-0.02419706674266498
0,11,negative,36,29069,ENSG00000064205,WISP2,-0.024166136425960463
0,11,negative,37,15341,ENSG00000272384,RP11-44N11.2,-0.023903998264736458
0,11,negative,38,26939,ENSG00000108342,CSF3,-0.02379865565864374
0,11,negative,39,12716,ENSG00000272918,CTB-152G17.6,-0.02344808826036815
0,11,negative,40,25663,ENSG00000103044,HAS3,-0.023249791260425784
0,11,negative,41,19211,ENSG00000255468,RP11-867G23.8,-0.023232403347700784
0,11,negative,42,1171,ENSG00000184588,PDE4B,-0.02320368791747605
0,11,negative,43,16396,ENSG00000106868,SUSD1,-0.02312802187595573
0,11,negative,44,10798,ENSG00000112139,MDGA1,-0.02312665339349821
0,11,negative,45,3281,ENSG00000151692,RNF144A,-0.02306980484455356
0,11,negative,46,20196,ENSG00000205885,C1RL-AS1,-0.022942620788610733
0,11,negative,47,27375,ENSG00000166292,TMEM100,-0.022765015575437392
0,11,negative,48,11118,ENSG00000083123,BCKDHB,-0.0227623417078465
0,11,negative,49,14026,ENSG00000085185,BCORL1,-0.0226699839122736
0,11,negative,50,22554,ENSG00000259529,RP11-468E2.4,-0.02266192934311327
0,11,positive,1,24528,ENSG00000183475,ASB7,0.04434718079417172
0,11,positive,2,17672,ENSG00000148677,ANKRD1,0.04014725753592469
0,11,positive,3,12574,ENSG00000106236,NPTX2,0.04011843179303288
0,11,positive,4,31817,ENSG00000128342,LIF,0.038181063343964504
0,11,positive,5,31922,ENSG00000100342,APOL1,0.036660275851657674
0,11,positive,6,14328,ENSG00000091879,ANGPT2,0.033883485856679864
0,11,positive,7,17495,ENSG00000166348,USP54,0.03361581018587638
0,11,positive,8,29486,ENSG00000261526,CTB-31O20.2,0.03255867624062424
0,11,positive,9,1160,ENSG00000158966,CACHD1,0.0319624666131039
0,11,positive,10,7390,ENSG00000168228,ZCCHC4,0.03193466870625751
0,11,positive,11,2025,ENSG00000143590,EFNA3,0.03167341281033669
0,11,positive,12,10607,ENSG00000227507,LTB,0.031187191886059493
0,11,positive,13,27102,ENSG00000175832,ETV4,0.030848759565966114
0,11,positive,14,21039,ENSG00000111554,MDM1,0.03049586935516968
0,11,positive,15,29626,ENSG00000141994,DUS3L,0.03048128860295534
0,11,positive,16,13951,ENSG00000131725,WDR44,0.03037617151440019
0,11,positive,17,11953,ENSG00000006468,ETV1,0.029454641651287663
0,11,positive,18,1941,ENSG00000163209,SPRR3,0.029432945886890185
0,11,positive,19,29315,ENSG00000101187,SLCO4A1,0.02934860245023994
0,11,positive,20,1863,ENSG00000163155,LYSMD1,0.02925174483878133
0,11,positive,21,10253,ENSG00000261189,RP3-512B11.3,0.02913465824425852
0,11,positive,22,12739,ENSG00000272854,RP4-593H12.1,0.029081353734630565
0,11,positive,23,7810,ENSG00000145332,KLHL8,0.028854543789998816
0,11,positive,24,14676,ENSG00000104221,BRF2,0.028113924394627544
0,11,positive,25,2675,ENSG00000133056,PIK3C2B,0.027917219910340123
0,11,positive,26,2485,ENSG00000143344,RGL1,0.02784139539987668
0,11,positive,27,13418,ENSG00000198947,DMD,0.027697473546799252
0,11,positive,28,11631,ENSG00000091844,RGS17,0.027406954513059897
0,11,positive,29,18670,ENSG00000179431,FJX1,0.026991022708695165
0,11,positive,30,19894,ENSG00000166261,ZNF202,0.026922369872596323
0,11,positive,31,20334,ENSG00000134531,EMP1,0.026862435800763435
0,11,positive,32,2082,ENSG00000236947,RP11-98G7.1,0.02675568675285276
0,11,positive,33,27196,ENSG00000214401,KANSL1-AS1,0.026516803769911553
0,11,positive,34,17764,ENSG00000155265,GOLGA7B,0.026516334679622458
0,11,positive,35,19862,ENSG00000137699,TRIM29,0.026491238615647585
0,11,positive,36,17786,ENSG00000107554,DNMBP,0.026124968076574055
0,11,positive,37,5961,ENSG00000010318,PHF7,0.02611554408333529
0,11,positive,38,13284,ENSG00000146950,SHROOM2,0.02605205591478134
0,11,positive,39,31010,ENSG00000105357,MYH14,0.026000279209906888
0,11,positive,40,7265,ENSG00000163995,ABLIM2,0.02595492856330842
0,11,positive,41,19377,ENSG00000171631,P2RY6,0.025842439014745498
0,11,positive,42,11616,ENSG00000155906,RMND1,0.02573329450071706
0,11,positive,43,27696,ENSG00000250506,CDK3,0.025513861073488416
0,11,positive,44,21580,ENSG00000212694,AC084018.1,0.02544394831438022
0,11,positive,45,29929,ENSG00000267458,CTC-425F1.4,0.025278082344379595
0,11,positive,46,13685,ENSG00000090776,EFNB1,0.025031824169865588
0,11,positive,47,27351,ENSG00000243678,NME1-NME2,0.024973087655777798
0,11,positive,48,207,ENSG00000142599,RERE,0.024971910918937492
0,11,positive,49,472,ENSG00000133216,EPHB2,0.024904041224254422
0,11,positive,50,28750,ENSG00000125846,ZNF133,0.024756815992230414
0,12,negative,1,25450,ENSG00000198848,CES1,-0.03892073789573142
0,12,negative,2,13665,ENSG00000198205,ZXDA,-0.035928303677095035
0,12,negative,3,8139,ENSG00000196951,RP11-425I13.3,-0.03461790130480463
0,12,negative,4,22222,ENSG00000080166,DCT,-0.03307706687569308
0,12,negative,5,23590,ENSG00000261064,RP11-1000B6.3,-0.030823073647524454
0,12,negative,6,18038,ENSG00000189319,FAM53B,-0.029932181260313644
0,12,negative,7,27388,ENSG00000263004,RP11-166P13.3,-0.029898903831840806
0,12,negative,8,11144,ENSG00000135315,KIAA1009,-0.029612304386052217
0,12,negative,9,23069,ENSG00000119630,PGF,-0.029396596896927737
0,12,negative,10,333,ENSG00000116771,AGMAT,-0.028969181631593233
0,12,negative,11,17987,ENSG00000198873,GRK5,-0.028693373866849503
0,12,negative,12,7791,ENSG00000173083,HPSE,-0.028207498158998895
0,12,negative,13,2543,ENSG00000116741,RGS2,-0.027984346990012246
0,12,negative,14,4117,ENSG00000114988,LMAN2L,-0.02773049997753771
0,12,negative,15,10066,ENSG00000246334,PRR7-AS1,-0.02715892183742426
0,12,negative,16,8372,ENSG00000164120,HPGD,-0.02666969032478604
0,12,negative,17,17035,ENSG00000107611,CUBN,-0.026308692056661205
0,12,negative,18,11557,ENSG00000118496,FBXO30,-0.026258466459711395
0,12,negative,19,27367,ENSG00000166263,STXBP4,-0.025741772429030717
0,12,negative,20,15141,ENSG00000197275,RAD54B,-0.025678027157165453
0,12,negative,21,32689,ENSG00000239415,AP001469.9,-0.025268157920494635
0,12,negative,22,22626,ENSG00000203546,RP11-176H8.1,-0.02502456132706532
0,12,negative,23,7802,ENSG00000138639,ARHGAP24,-0.02497000328958315
0,12,negative,24,4874,ENSG00000224099,AC064834.1,-0.024946710813081717
0,12,negative,25,24287,ENSG00000172345,STARD5,-0.02473485322093384
0,12,negative,26,15989,ENSG00000237357,RP11-475I24.3,-0.024647730461150617
0,12,negative,27,16432,ENSG00000106948,AKNA,-0.024479924419063912
0,12,negative,28,7800,ENSG00000163625,WDFY3,-0.024355315070454943
0,12,negative,29,9549,ENSG00000145824,CXCL14,-0.02429591989211378
0,12,negative,30,13924,ENSG00000077264,PAK3,-0.024260714147795546
0,12,negative,31,11966,ENSG00000171243,SOSTDC1,-0.024202472063504128
0,12,negative,32,19210,ENSG00000174684,B3GNT1,-0.023947557126933482
0,12,negative,33,9226,ENSG00000164291,ARSK,-0.023707164810091448
0,12,negative,34,22920,ENSG00000126821,SGPP1,-0.02348610213780992
0,12,negative,35,11202,ENSG00000172469,MANEA,-0.0234655957786709
0,12,negative,36,26336,ENSG00000184619,KRBA2,-0.023443049533470907
0,12,negative,37,10801,ENSG00000183826,BTBD9,-0.023407652521068443
0,12,negative,38,32221,ENSG00000217442,SYCE3,-0.02333522230027467
0,12,negative,39,794,ENSG00000228436,RP5-864K19.4,-0.023188251716605508
0,12,negative,40,17534,ENSG00000273248,RP11-399K21.13,-0.02309620355478395
0,12,negative,41,8158,ENSG00000170185,USP38,-0.02305732975015647
0,12,negative,42,1999,ENSG00000160712,IL6R,-0.022933638107102954
0,12,negative,43,15243,ENSG00000164929,BAALC,-0.0229251759285307
0,12,negative,44,1353,ENSG00000172031,EPHX4,-0.0228892537740094
0,12,negative,45,5005,ENSG00000163251,FZD5,-0.022862057412084684
0,12,negative,46,17850,ENSG00000138111,TMEM180,-0.02285826835781613
0,12,negative,47,30710,ENSG00000105767,CADM4,-0.022689737809377688
0,12,negative,48,28136,ENSG00000134490,TMEM241,-0.02247679499245598
0,12,negative,49,219,ENSG00000171621,SPSB1,-0.022466768249050386
0,12,negative,50,2441,ENSG00000230124,RP5-1180C10.2,-0.022419408407002524
0,12,positive,1,18067,ENSG00000132334,PTPRE,0.044039906640179365
0,12,positive,2,12663,ENSG00000106366,SERPINE1,0.04278737281904497
0,12,positive,3,2173,ENSG00000224259,LINC01133,0.03553014774314933
0,12,positive,4,2782,ENSG00000143493,INTS7,0.032884345602704555
0,12,positive,5,27027,ENSG00000186832,KRT16,0.0319820191159698
0,12,positive,6,16673,ENSG00000130707,ASS1,0.0319334511285475
0,12,positive,7,23680,ENSG00000233041,PHGR1,0.03128870329917534
0,12,positive,8,24159,ENSG00000247240,UBL7-AS1,0.03114435731535471
0,12,positive,9,4168,ENSG00000170485,NPAS2,0.030548056985949125
0,12,positive,10,12492,ENSG00000127954,STEAP4,0.03031631564666474
0,12,positive,11,12015,ENSG00000136244,IL6,0.03017340954902667
0,12,positive,12,28210,ENSG00000141441,GAREM,0.02999355427354972
0,12,positive,13,7571,ENSG00000109255,NMU,0.029990190789895253
0,12,positive,14,12246,ENSG00000146674,IGFBP3,0.029894282282380395
0,12,positive,15,7019,ENSG00000163347,CLDN1,0.0296005654165763
0,12,positive,16,870,ENSG00000186973,FAM183A,0.02953863042077079
0,12,positive,17,18276,ENSG00000132109,TRIM21,0.02922429835713676
0,12,positive,18,20717,ENSG00000205426,KRT81,0.02871987347409751
0,12,positive,19,12771,ENSG00000164603,C7orf60,0.028475372573536644
0,12,positive,20,6198,ENSG00000168386,FILIP1L,0.028464286860900807
0,12,positive,21,5032,ENSG00000030419,IKZF2,0.02838475264924046
0,12,positive,22,836,ENSG00000272145,NFYC-AS1,0.028223757580199894
0,12,positive,23,3597,ENSG00000260025,RP11-490M8.1,0.028040240175293933
0,12,positive,24,17071,ENSG00000204682,CASC10,0.02688283988268167
0,12,positive,25,4598,ENSG00000224152,AC009506.1,0.026774164653921725
0,12,positive,26,12435,ENSG00000243566,UPK3B,0.026704501199368885
0,12,positive,27,11549,ENSG00000118495,PLAGL1,0.026698980714469956
0,12,positive,28,12539,ENSG00000164692,COL1A2,0.02650194287557821
0,12,positive,29,12995,ENSG00000273391,RP11-634H22.1,0.026358033732633672
0,12,positive,30,21838,ENSG00000151849,CENPJ,0.02616255321384624
0,12,positive,31,12912,ENSG00000128510,CPA4,0.026147713077908807
0,12,positive,32,11301,ENSG00000230177,RP5-1112D6.4,0.026061907791980296
0,12,positive,33,9758,ENSG00000178172,SPINK6,0.025964853249410395
0,12,positive,34,14052,ENSG00000203952,CCDC160,0.02579178450792526
0,12,positive,35,17672,ENSG00000148677,ANKRD1,0.02524122704276484
0,12,positive,36,25242,ENSG00000150281,CTF1,0.025239340933882484
0,12,positive,37,17412,ENSG00000108187,PBLD,0.02518988819458206
0,12,positive,38,17191,ENSG00000148513,ANKRD30A,0.025118026994980572
0,12,positive,39,5963,ENSG00000114854,TNNC1,0.025100267819687355
0,12,positive,40,17934,ENSG00000165806,CASP7,0.025072134690948194
0,12,positive,41,14917,ENSG00000185697,MYBL1,0.024984020045927847
0,12,positive,42,16915,ENSG00000196139,AKR1C3,0.02496486860012239
0,12,positive,43,26049,ENSG00000183688,FAM101B,0.024747156422313593
0,12,positive,44,3278,ENSG00000134326,CMPK2,0.02473329699165066
0,12,positive,45,31910,ENSG00000100297,MCM5,0.024640738945955618
0,12,positive,46,16741,ENSG00000130635,COL5A1,0.02456639674514742
0,12,positive,47,51,ENSG00000186891,TNFRSF18,0.024517451487317064
0,12,positive,48,25462,ENSG00000125124,BBS2,0.024428690082804207
0,12,positive,49,660,ENSG00000142910,TINAGL1,0.02442256444021534
0,12,positive,50,24053,ENSG00000137834,SMAD6,0.024387696843877447
0,13,negative,1,20760,ENSG00000135476,ESPL1,-0.03374886449238338
0,13,negative,2,19583,ENSG00000166025,AMOTL1,-0.03250536925767481
0,13,negative,3,25558,ENSG00000166548,TK2,-0.032381891341276135
0,13,negative,4,439,ENSG00000158825,CDA,-0.03195277526714809
0,13,negative,5,17619,ENSG00000148671,ADIRF,-0.03135380142553694
0,13,negative,6,23193,ENSG00000165533,TTC8,-0.031235902679796236
0,13,negative,7,5072,ENSG00000115461,IGFBP5,-0.031204472684555524
0,13,negative,8,51,ENSG00000186891,TNFRSF18,-0.030166303587720267
0,13,negative,9,20603,ENSG00000167528,ZNF641,-0.03009427034637666
0,13,negative,10,17384,ENSG00000150347,ARID5B,-0.029865656898415298
0,13,negative,11,9221,ENSG00000175471,MCTP1,-0.02873239308496034
0,13,negative,12,20923,ENSG00000185482,STAC3,-0.028439371736424687
0,13,negative,13,17987,ENSG00000198873,GRK5,-0.02821688082864794
0,13,negative,14,7505,ENSG00000163281,GNPDA2,-0.02809819750534982
0,13,negative,15,29621,ENSG00000167733,HSD11B1L,-0.02762738733200615
0,13,negative,16,3575,ENSG00000272716,RP11-563N4.1,-0.027422363055083214
0,13,negative,17,6912,ENSG00000058063,ATP11B,-0.027401980698274667
0,13,negative,18,6998,ENSG00000157005,SST,-0.027255423447398248
0,13,negative,19,1656,ENSG00000231365,RP11-418J17.1,-0.02723806090934301
0,13,negative,20,17218,ENSG00000273008,RP11-351D16.3,-0.027207721950725
0,13,negative,21,13632,ENSG00000184083,FAM120C,-0.026925643041617882
0,13,negative,22,30794,ENSG00000125746,EML2,-0.02656777973891886
0,13,negative,23,3322,ENSG00000272524,RP11-254F7.4,-0.02650022910969567
0,13,negative,24,6037,ENSG00000168306,ACOX2,-0.02640075876016743
0,13,negative,25,3121,ENSG00000162849,KIF26B,-0.02637571342921854
0,13,negative,26,23766,ENSG00000140265,ZSCAN29,-0.026195786699693146
0,13,negative,27,10606,ENSG00000232810,TNF,-0.025980044075215848
0,13,negative,28,18760,ENSG00000134569,LRP4,-0.025920977643820023
0,13,negative,29,15481,ENSG00000022567,SLC45A4,-0.02584943513223326
0,13,negative,30,30649,ENSG00000086548,CEACAM6,-0.025811933576388668
0,13,negative,31,20228,ENSG00000197614,MFAP5,-0.025751508663920855
0,13,negative,32,8428,ENSG00000271646,RP11-326I11.3,-0.02556556346362737
0,13,negative,33,22034,ENSG00000260388,LINC00562,-0.025404968035283537
0,13,negative,34,3467,ENSG00000272048,RP11-458N5.1,-0.025310050450897445
0,13,negative,35,3585,ENSG00000049323,LTBP1,-0.02521475338096023
0,13,negative,36,10826,ENSG00000001167,NFYA,-0.025146655413346316
0,13,negative,37,7476,ENSG00000163697,APBB2,-0.024997238077758967
0,13,negative,38,24559,ENSG00000007384,RHBDF1,-0.024982047576460886
0,13,negative,39,22299,ENSG00000125266,EFNB2,-0.024859876164938337
0,13,negative,40,15678,ENSG00000107036,KIAA1432,-0.024796751286782607
0,13,negative,41,16583,ENSG00000167103,PIP5KL1,-0.024728506559690253
0,13,negative,42,25202,ENSG00000261052,SULT1A3,-0.024482165753952415
0,13,negative,43,3899,ENSG00000115998,C2orf42,-0.02446371311700147
0,13,negative,44,24006,ENSG00000157734,SNX22,-0.024401563868995016
0,13,negative,45,17084,ENSG00000077327,SPAG6,-0.024341571731652217
0,13,negative,46,23301,ENSG00000140057,AK7,-0.024202808898150605
0,13,negative,47,16849,ENSG00000188747,NOXA1,-0.024192318095559696
0,13,negative,48,9898,ENSG00000170231,FABP6,-0.024091146358384954
0,13,negative,49,23953,ENSG00000140297,GCNT3,-0.024081321420088266
0,13,negative,50,2870,ENSG00000225265,RP11-378J18.3,-0.02406088452490279
0,13,positive,1,8214,ENSG00000170390,DCLK2,0.03395183932111862
0,13,positive,2,23764,ENSG00000168806,LCMT2,0.03195549409315876
0,13,positive,3,13018,ENSG00000006530,AGK,0.030045670289917663
0,13,positive,4,5252,ENSG00000221944,TIGD1,0.029229427260803287
0,13,positive,5,23614,ENSG00000176454,LPCAT4,0.029094438383531398
0,13,positive,6,1971,ENSG00000272030,RP1-178F15.4,0.02908461282032677
0,13,positive,7,969,ENSG00000237424,FOXD2-AS1,0.028883971957533505
0,13,positive,8,30204,ENSG00000182141,ZNF708,0.028805246644983566
0,13,positive,9,32588,ENSG00000142178,SIK1,0.028584175195611607
0,13,positive,10,29212,ENSG00000064787,BCAS1,0.028163255415331233
0,13,positive,11,15801,ENSG00000120162,MOB3B,0.0280889780738773
0,13,positive,12,7802,ENSG00000138639,ARHGAP24,0.02783861231761762
0,13,positive,13,23338,ENSG00000168350,DEGS2,0.027797154226192538
0,13,positive,14,21976,ENSG00000102760,RGCC,0.027482365606953302
0,13,positive,15,12467,ENSG00000075213,SEMA3A,0.02742039390053676
0,13,positive,16,6214,ENSG00000256628,ZBTB11-AS1,0.027262006874770043
0,13,positive,17,27322,ENSG00000015532,XYLT2,0.027197941278610548
0,13,positive,18,28368,ENSG00000267040,RP11-35G9.3,0.02707227997686536
0,13,positive,19,9015,ENSG00000269983,RP11-497H16.9,0.026979048200439188
0,13,positive,20,26133,ENSG00000040531,CTNS,0.0268643363638893
0,13,positive,21,6687,ENSG00000229619,MBNL1-AS1,0.02676084508596148
0,13,positive,22,29240,ENSG00000256222,MTRNR2L3,0.026459949442427768
0,13,positive,23,7273,ENSG00000087008,ACOX3,0.026363987206923654
0,13,positive,24,31315,ENSG00000197951,ZNF71,0.02624155761065799
0,13,positive,25,11495,ENSG00000230533,RP11-95M15.1,0.025811542278549107
0,13,positive,26,12172,ENSG00000078053,AMPH,0.025511039381583223
0,13,positive,27,15194,ENSG00000132549,VPS13B,0.025272686019870084
0,13,positive,28,30508,ENSG00000167641,PPP1R14A,0.02521428147929923
0,13,positive,29,600,ENSG00000130775,THEMIS2,0.02511638266669413
0,13,positive,30,19372,ENSG00000168010,ATG16L2,0.025054617000069
0,13,positive,31,25278,ENSG00000260267,RP11-452L6.5,0.02474073036072305
0,13,positive,32,5208,ENSG00000153823,PID1,0.024722566307660985
0,13,positive,33,18638,ENSG00000110422,HIPK3,0.024648784961982705
0,13,positive,34,4806,ENSG00000162998,FRZB,0.024622396327374566
0,13,positive,35,18532,ENSG00000151117,TMEM86A,0.024604031576813838
0,13,positive,36,23780,ENSG00000184716,SERINC4,0.02454385043170358
0,13,positive,37,8875,ENSG00000247796,CTD-2366F13.1,0.024530226226596487
0,13,positive,38,5203,ENSG00000115009,CCL20,0.024506438463806627
0,13,positive,39,5883,ENSG00000164068,RNF123,0.02441783015920721
0,13,positive,40,2344,ENSG00000120370,GORAB,0.02438435788453076
0,13,positive,41,27332,ENSG00000049283,EPN3,0.02434522548226958
0,13,positive,42,18490,ENSG00000110680,CALCA,0.024254239713301352
0,13,positive,43,32165,ENSG00000054611,TBC1D22A,0.024203738194264784
0,13,positive,44,29066,ENSG00000196839,ADA,0.024120781028375574
0,13,positive,45,26929,ENSG00000264198,RP11-94L15.2,0.02396077608498588
0,13,positive,46,32004,ENSG00000272669,RP3-508I15.21,0.023882479180488952
0,13,positive,47,7910,ENSG00000164039,BDH2,0.02366448405698398
0,13,positive,48,23102,ENSG00000013523,ANGEL1,0.023466929053114077
0,13,positive,49,25162,ENSG00000103485,QPRT,0.023383377248000915
0,13,positive,50,7374,ENSG00000152990,GPR125,0.023366660500602408
0,14,negative,1,22988,ENSG00000198732,SMOC1,-0.033578971056580545
0,14,negative,2,12999,ENSG00000059377,TBXAS1,-0.03299605482329988
0,14,negative,3,27026,ENSG00000186847,KRT14,-0.03244042684464662
0,14,negative,4,10421,ENSG00000168298,HIST1H1E,-0.031288248674457335
0,14,negative,5,14518,ENSG00000120910,PPP3CC,-0.03096506115599264
0,14,negative,6,17044,ENSG00000260589,RP11-390B4.5,-0.02987149121086601
0,14,negative,7,16102,ENSG00000187210,GCNT1,-0.029592851777923767
0,14,negative,8,19421,ENSG00000149243,KLHL35,-0.028195902587663826
0,14,negative,9,26637,ENSG00000258472,RP11-192H23.4,-0.028122343850549156
0,14,negative,10,17416,ENSG00000122912,SLC25A16,-0.028081127562526245
0,14,negative,11,24287,ENSG00000172345,STARD5,-0.0275656390370055
0,14,negative,12,25605,ENSG00000159713,TPPP3,-0.02725968832917484
0,14,negative,13,7468,ENSG00000078177,N4BP2,-0.02703739089843369
0,14,negative,14,30036,ENSG00000127528,KLF2,-0.02680223521918973
0,14,negative,15,5907,ENSG00000243477,NAT6,-0.026522656771662153
0,14,negative,16,4832,ENSG00000168542,COL3A1,-0.026446321951834294
0,14,negative,17,3963,ENSG00000159239,C2orf81,-0.026134627665234035
0,14,negative,18,5832,ENSG00000164053,ATRIP,-0.02593639949800948
0,14,negative,19,17099,ENSG00000185875,THNSL1,-0.02577991683897594
0,14,negative,20,2034,ENSG00000169231,THBS3,-0.025459635558956546
0,14,negative,21,9290,ENSG00000184349,EFNA5,-0.025404968895229557
0,14,negative,22,32221,ENSG00000217442,SYCE3,-0.02523917667601307
0,14,negative,23,11262,ENSG00000272476,RP1-191J18.66,-0.025090842341882844
0,14,negative,24,8182,ENSG00000151611,MMAA,-0.025038733433849495
0,14,negative,25,11977,ENSG00000237773,AC003075.4,-0.0248736549751419
0,14,negative,26,9549,ENSG00000145824,CXCL14,-0.024593525083989234
0,14,negative,27,24781,ENSG00000122390,NAA60,-0.024330638374093876
0,14,negative,28,14792,ENSG00000232941,AC090186.1,-0.024268258229829965
0,14,negative,29,12102,ENSG00000180354,MTURN,-0.024244104794667796
0,14,negative,30,5100,ENSG00000135913,USP37,-0.023737519251484974
0,14,negative,31,13412,ENSG00000198814,GK,-0.023711788633738642
0,14,negative,32,30480,ENSG00000226686,AC012309.5,-0.023429653386727093
0,14,negative,33,10334,ENSG00000137198,GMPR,-0.023413745245972537
0,14,negative,34,25566,ENSG00000140931,CMTM3,-0.023196515077383052
0,14,negative,35,31841,ENSG00000184792,OSBP2,-0.02316083651586981
0,14,negative,36,17938,ENSG00000196865,NHLRC2,-0.023049757579272624
0,14,negative,37,11282,ENSG00000112365,ZBTB24,-0.02298458693661102
0,14,negative,38,27431,ENSG00000153982,GDPD1,-0.02291534341396003
0,14,negative,39,27461,ENSG00000121068,TBX2,-0.022851004891998688
0,14,negative,40,13554,ENSG00000068394,GPKOW,-0.022810517995327812
0,14,negative,41,24296,ENSG00000183496,MEX3B,-0.022528005680872
0,14,negative,42,21077,ENSG00000139292,LGR5,-0.02242091223994191
0,14,negative,43,12356,ENSG00000229180,GS1-124K5.11,-0.022409215952543176
0,14,negative,44,28770,ENSG00000132669,RIN2,-0.02238879083272535
0,14,negative,45,3054,ENSG00000186197,EDARADD,-0.022253273092148536
0,14,negative,46,2336,ENSG00000171806,METTL18,-0.02219551471687059
0,14,negative,47,30584,ENSG00000105204,DYRK1B,-0.022195429252199347
0,14,negative,48,32528,ENSG00000157578,LCA5L,-0.02217082968488559
0,14,negative,49,13759,ENSG00000094841,UPRT,-0.022129165110923676
0,14,negative,50,22534,ENSG00000213983,AP1G2,-0.022067609038433633
0,14,positive,1,5203,ENSG00000115009,CCL20,0.04566632843968512
0,14,positive,2,12191,ENSG00000122641,INHBA,0.041337994955865716
0,14,positive,3,746,ENSG00000134698,AGO4,0.03356236197853633
0,14,positive,4,13392,ENSG00000101868,POLA1,0.03174828368583139
0,14,positive,5,7627,ENSG00000248049,UBA6-AS1,0.029683856140359195
0,14,positive,6,17653,ENSG00000119917,IFIT3,0.029085404330596358
0,14,positive,7,3473,ENSG00000084731,KIF3C,0.0289467336148996
0,14,positive,8,2218,ENSG00000224985,RP11-297K8.2,0.02890824232296664
0,14,positive,9,17248,ENSG00000107551,RASSF4,0.02879577969255829
0,14,positive,10,32154,ENSG00000186951,PPARA,0.02826563906436494
0,14,positive,11,1829,ENSG00000118292,C1orf54,0.02820649899045478
0,14,positive,12,30825,ENSG00000188293,IGFL1,0.027342802488420862
0,14,positive,13,30322,ENSG00000266930,CTD-2085J24.4,0.02724600954316776
0,14,positive,14,9751,ENSG00000164266,SPINK1,0.027141161730616932
0,14,positive,15,31909,ENSG00000100292,HMOX1,0.02681937040071953
0,14,positive,16,3621,ENSG00000138061,CYP1B1,0.026545578646619692
0,14,positive,17,30252,ENSG00000213096,ZNF254,0.026179970049828666
0,14,positive,18,25130,ENSG00000184110,EIF3C,0.025574761942436398
0,14,positive,19,18067,ENSG00000132334,PTPRE,0.025484771873832034
0,14,positive,20,14550,ENSG00000167034,NKX3-1,0.02542646751208566
0,14,positive,21,13439,ENSG00000147041,SYTL5,0.02535144497320476
0,14,positive,22,22023,ENSG00000136167,LCP1,0.025156019060359004
0,14,positive,23,12527,ENSG00000177409,SAMD9L,0.024947941111695623
0,14,positive,24,31822,ENSG00000099992,TBC1D10A,0.024903624713243606
0,14,positive,25,9715,ENSG00000187678,SPRY4,0.02480514106039787
0,14,positive,26,6438,ENSG00000114626,ABTB1,0.02478534492162668
0,14,positive,27,30326,ENSG00000076650,GPATCH1,0.024631108117534415
0,14,positive,28,18522,ENSG00000134339,SAA2,0.0246074318600483
0,14,positive,29,26925,ENSG00000161395,PGAP3,0.024563017403653287
0,14,positive,30,18437,ENSG00000148926,ADM,0.024555591823203035
0,14,positive,31,12208,ENSG00000062582,MRPS24,0.024533691827389972
0,14,positive,32,6289,ENSG00000206530,WDR52,0.024406515830371234
0,14,positive,33,13981,ENSG00000177485,ZBTB33,0.02439134382644136
0,14,positive,34,13118,ENSG00000106538,RARRES2,0.024329861390250535
0,14,positive,35,5571,ENSG00000154822,PLCL2,0.024307883787297695
0,14,positive,36,2606,ENSG00000224818,RP11-134G8.8,0.024277765320496917
0,14,positive,37,217,ENSG00000234546,RP3-510D11.2,0.024267643516356564
0,14,positive,38,12679,ENSG00000160999,SH2B2,0.02403863873565315
0,14,positive,39,392,ENSG00000074964,ARHGEF10L,0.024037762067830454
0,14,positive,40,9588,ENSG00000120738,EGR1,0.02402658640074769
0,14,positive,41,20344,ENSG00000197837,HIST4H4,0.02388198776457645
0,14,positive,42,4598,ENSG00000224152,AC009506.1,0.023807503231953023
0,14,positive,43,25280,ENSG00000140682,TGFB1I1,0.02373808023260835
0,14,positive,44,25853,ENSG00000260682,7SK,0.02362112465869171
0,14,positive,45,6198,ENSG00000168386,FILIP1L,0.023607140997397864
0,14,positive,46,4360,ENSG00000171227,TMEM37,0.023556387042329225
0,14,positive,47,16246,ENSG00000185920,PTCH1,0.02355496668703008
0,14,positive,48,30900,ENSG00000182324,KCNJ14,0.02352944062778325
0,14,positive,49,27898,ENSG00000141542,RAB40B,0.023495874013146047
0,14,positive,50,22503,ENSG00000092036,HAUS4,0.02348992805421444
0,15,negative,1,21690,ENSG00000249196,RP11-669N7.2,-0.04091362892930786
0,15,negative,2,15777,ENSG00000147883,CDKN2B,-0.038539355358959033
0,15,negative,3,7586,ENSG00000171476,HOPX,-0.035570209761409996
0,15,negative,4,32205,ENSG00000205593,DENND6B,-0.03526748327132331
0,15,negative,5,26461,ENSG00000197566,ZNF624,-0.0314863986507225
0,15,negative,6,611,ENSG00000270605,RP5-1092A3.4,-0.030940644568301687
0,15,negative,7,6732,ENSG00000197415,VEPH1,-0.03081497817989385
0,15,negative,8,8824,ENSG00000250722,SEPP1,-0.030602722841721202
0,15,negative,9,19382,ENSG00000054965,FAM168A,-0.02988186742065612
0,15,negative,10,14463,ENSG00000129422,MTUS1,-0.029040750978054284
0,15,negative,11,29212,ENSG00000064787,BCAS1,-0.028873371788268355
0,15,negative,12,26939,ENSG00000108342,CSF3,-0.027512777176136153
0,15,negative,13,13272,ENSG00000182583,VCX,-0.027247378847847944
0,15,negative,14,22101,ENSG00000118946,PCDH17,-0.026956192929327934
0,15,negative,15,14374,ENSG00000173281,PPP1R3B,-0.02664865213279547
0,15,negative,16,24060,ENSG00000103599,IQCH,-0.02643237605822792
0,15,negative,17,26336,ENSG00000184619,KRBA2,-0.025891141109643356
0,15,negative,18,27809,ENSG00000181409,AATK,-0.025852979653967455
0,15,negative,19,31854,ENSG00000182541,LIMK2,-0.025789272511563613
0,15,negative,20,8809,ENSG00000171522,PTGER4,-0.02578819046053919
0,15,negative,21,29346,ENSG00000101210,EEF1A2,-0.025674496379471074
0,15,negative,22,31158,ENSG00000198346,ZNF813,-0.025461086569438473
0,15,negative,23,31241,ENSG00000180089,TMEM86B,-0.024659687464491774
0,15,negative,24,10813,ENSG00000146122,DAAM2,-0.024555505042782335
0,15,negative,25,4360,ENSG00000171227,TMEM37,-0.024541307699257657
0,15,negative,26,21428,ENSG00000111252,SH2B3,-0.024429723028450936
0,15,negative,27,1642,ENSG00000134258,VTCN1,-0.02436249598076771
0,15,negative,28,31407,ENSG00000249471,ZNF324B,-0.024327530678047212
0,15,negative,29,17889,ENSG00000148841,ITPRIP,-0.024200027398484456
0,15,negative,30,27223,ENSG00000006025,OSBPL7,-0.024029097171251623
0,15,negative,31,21644,ENSG00000269923,RP11-214K3.24,-0.024011188865187164
0,15,negative,32,19016,ENSG00000254772,EEF1G,-0.023795529267363048
0,15,negative,33,11793,ENSG00000213863,XX-C2158C12.2,-0.02366651692126994
0,15,negative,34,6005,ENSG00000187672,ERC2,-0.023300755113206048
0,15,negative,35,22832,ENSG00000126775,ATG14,-0.02317196219319791
0,15,negative,36,32686,ENSG00000215424,MCM3AP-AS1,-0.023113988283307945
0,15,negative,37,16296,ENSG00000270412,RP11-92C4.6,-0.023081488304855888
0,15,negative,38,24994,ENSG00000103534,TMC5,-0.023067413427365995
0,15,negative,39,26978,ENSG00000212901,KRTAP3-1,-0.02301859861251902
0,15,negative,40,10876,ENSG00000044090,CUL7,-0.022870947914552762
0,15,negative,41,13669,ENSG00000184675,AMER1,-0.022853053130477082
0,15,negative,42,11878,ENSG00000164638,SLC29A4,-0.022764673659303142
0,15,negative,43,23871,ENSG00000183578,TNFAIP8L3,-0.02265887106444269
0,15,negative,44,15776,ENSG00000240498,CDKN2B-AS1,-0.02260546629507771
0,15,negative,45,25459,ENSG00000260621,RP11-413H22.2,-0.022600048044893937
0,15,negative,46,8372,ENSG00000164120,HPGD,-0.0225453129295097
0,15,negative,47,26615,ENSG00000266527,RP11-138P22.1,-0.022483712606964915
0,15,negative,48,5876,ENSG00000145029,NICN1,-0.02247054152325869
0,15,negative,49,3848,ENSG00000143995,MEIS1,-0.022457919939634696
0,15,negative,50,23091,ENSG00000119699,TGFB3,-0.022446501907490472
0,15,positive,1,30123,ENSG00000130513,GDF15,0.04264435470614659
0,15,positive,2,31817,ENSG00000128342,LIF,0.04066381311411601
0,15,positive,3,27761,ENSG00000055483,USP36,0.03538151885104361
0,15,positive,4,25202,ENSG00000261052,SULT1A3,0.03492653791172955
0,15,positive,5,31758,ENSG00000260065,CTA-445C9.15,0.03353778001484584
0,15,positive,6,12912,ENSG00000128510,CPA4,0.03342581362702457
0,15,positive,7,28071,ENSG00000101624,CEP76,0.03328635674919615
0,15,positive,8,20093,ENSG00000258325,RP4-816N1.6,0.032744175222268704
0,15,positive,9,16396,ENSG00000106868,SUSD1,0.03128071750114396
0,15,positive,10,4957,ENSG00000138380,CARF,0.031173910306401056
0,15,positive,11,30454,ENSG00000186017,ZNF566,0.030573456779369533
0,15,positive,12,9051,ENSG00000164331,ANKRA2,0.030482491155021493
0,15,positive,13,31642,ENSG00000099949,LZTR1,0.029710323736440624
0,15,positive,14,20574,ENSG00000139211,AMIGO2,0.029217366850942936
0,15,positive,15,31891,ENSG00000100234,TIMP3,0.02911389933691598
0,15,positive,16,1381,ENSG00000117525,F3,0.028604810581508842
0,15,positive,17,30906,ENSG00000142235,LMTK3,0.028185763144886026
0,15,positive,18,19292,ENSG00000132740,IGHMBP2,0.02803274481678711
0,15,positive,19,28210,ENSG00000141441,GAREM,0.02781426185260971
0,15,positive,20,26023,ENSG00000158805,ZNF276,0.027778956474524205
0,15,positive,21,19714,ENSG00000150782,IL18,0.02776682900842077
0,15,positive,22,9900,ENSG00000135083,CCNJL,0.02738810556857716
0,15,positive,23,31351,ENSG00000152439,ZNF773,0.027342719981443282
0,15,positive,24,9816,ENSG00000198624,CCDC69,0.027195364279349113
0,15,positive,25,21352,ENSG00000013503,POLR3B,0.026315719479499147
0,15,positive,26,4459,ENSG00000197927,C2orf27A,0.02615756264033402
0,15,positive,27,10176,ENSG00000164379,FOXQ1,0.026122843243884135
0,15,positive,28,13414,ENSG00000157625,TAB3,0.026118901574494213
0,15,positive,29,3727,ENSG00000170802,FOXN2,0.0260310128072651
0,15,positive,30,14437,ENSG00000154359,LONRF1,0.025983883873450037
0,15,positive,31,4448,ENSG00000136002,ARHGEF4,0.0259275722437569
0,15,positive,32,23462,ENSG00000251602,RP11-521B24.3,0.02563971176106614
0,15,positive,33,12693,ENSG00000228049,POLR2J2,0.025556121270755277
0,15,positive,34,7947,ENSG00000138795,LEF1,0.025490092868313628
0,15,positive,35,3023,ENSG00000059588,TARBP1,0.025321937668840923
0,15,positive,36,28696,ENSG00000132623,ANKEF1,0.025148004037863304
0,15,positive,37,25736,ENSG00000102967,DHODH,0.025038993348327383
0,15,positive,38,13103,ENSG00000196453,ZNF777,0.024965440723831837
0,15,positive,39,8015,ENSG00000145390,USP53,0.024931437180127254
0,15,positive,40,25580,ENSG00000166592,RRAD,0.02492052239409441
0,15,positive,41,19971,ENSG00000150455,TIRAP,0.024652595276953092
0,15,positive,42,24188,ENSG00000260274,RP11-817O13.8,0.02461130761712646
0,15,positive,43,31131,ENSG00000189190,ZNF600,0.02458943082227488
0,15,positive,44,20040,ENSG00000151498,ACAD8,0.02454149129385557
0,15,positive,45,31764,ENSG00000244625,CTA-211A9.5,0.0244702711829418
0,15,positive,46,17311,ENSG00000225830,ERCC6,0.024311936649657584
0,15,positive,47,29804,ENSG00000105376,ICAM5,0.024271537867627268
0,15,positive,48,30979,ENSG00000126458,RRAS,0.02396438996445419
0,15,positive,49,2881,ENSG00000143502,SUSD4,0.02395423284239891
0,15,positive,50,26240,ENSG00000174327,SLC16A13,0.023912221841032442
0,16,negative,1,23080,ENSG00000170345,FOS,-0.038940994750540636
0,16,negative,2,815,ENSG00000043514,TRIT1,-0.03351774886766566
0,16,negative,3,6952,ENSG00000182580,EPHB3,-0.032893760421339964
0,16,negative,4,13009,ENSG00000240889,NDUFB2-AS1,-0.032529043201386415
0,16,negative,5,32528,ENSG00000157578,LCA5L,-0.0323832280219662
0,16,negative,6,11953,ENSG00000006468,ETV1,-0.03229099377250396
0,16,negative,7,26278,ENSG00000174282,ZBTB4,-0.03190719887694874
0,16,negative,8,23696,ENSG00000137880,GCHFR,-0.03139050727910896
0,16,negative,9,10419,ENSG00000180596,HIST1H2BC,-0.031084994190297796
0,16,negative,10,23091,ENSG00000119699,TGFB3,-0.030973744638520307
0,16,negative,11,19287,ENSG00000069482,GAL,-0.03083626557904673
0,16,negative,12,31757,ENSG00000261188,CTA-445C9.14,-0.030352186797522513
0,16,negative,13,18490,ENSG00000110680,CALCA,-0.03001441624965952
0,16,negative,14,20151,ENSG00000139190,VAMP1,-0.029711311407443177
0,16,negative,15,32700,ENSG00000228253,MT-ATP8,-0.0292504794533447
0,16,negative,16,13192,ENSG00000216895,AC009403.2,-0.029153370230577628
0,16,negative,17,25187,ENSG00000149927,DOC2A,-0.028837724149408196
0,16,negative,18,17412,ENSG00000108187,PBLD,-0.028821391820170707
0,16,negative,19,30908,ENSG00000088002,SULT2B1,-0.02780878307599667
0,16,negative,20,8509,ENSG00000063438,AHRR,-0.027749811058759517
0,16,negative,21,29117,ENSG00000124257,NEURL2,-0.027567521094663
0,16,negative,22,4457,ENSG00000163040,CCDC74A,-0.0271104325076542
0,16,negative,23,14078,ENSG00000165359,DDX26B,-0.02704758625528874
0,16,negative,24,13545,ENSG00000102096,PIM2,-0.02699976541999642
0,16,negative,25,7194,ENSG00000159733,ZFYVE28,-0.02687739569239323
0,16,negative,26,19854,ENSG00000245248,USP2-AS1,-0.02676118364690492
0,16,negative,27,8982,ENSG00000229666,MAST4-AS1,-0.026734431640262714
0,16,negative,28,6455,ENSG00000114656,KIAA1257,-0.026577665070446076
0,16,negative,29,488,ENSG00000007968,E2F2,-0.02642708960579163
0,16,negative,30,25908,ENSG00000154102,C16orf74,-0.026306931860781847
0,16,negative,31,22976,ENSG00000258957,RP11-363J20.1,-0.026271833574571808
0,16,negative,32,5994,ENSG00000157445,CACNA2D3,-0.0261214327025803
0,16,negative,33,27572,ENSG00000108984,MAP2K6,-0.02599511851344691
0,16,negative,34,29641,ENSG00000087903,RFX2,-0.02584141286581021
0,16,negative,35,28071,ENSG00000101624,CEP76,-0.025812627026141153
0,16,negative,36,24729,ENSG00000205913,SRRM2-AS1,-0.02564127023487861
0,16,negative,37,14060,ENSG00000156500,FAM122C,-0.025498162351095102
0,16,negative,38,1970,ENSG00000160678,S100A1,-0.025339822095119775
0,16,negative,39,25877,ENSG00000260018,RP11-505K9.1,-0.02533204207576426
0,16,negative,40,8045,ENSG00000181004,BBS12,-0.025316975493239316
0,16,negative,41,15509,ENSG00000167656,LY6D,-0.025106019510443313
0,16,negative,42,26939,ENSG00000108342,CSF3,-0.025090901910931128
0,16,negative,43,30404,ENSG00000105672,ETV2,-0.025067571623412502
0,16,negative,44,17419,ENSG00000165730,STOX1,-0.025056422639069594
0,16,negative,45,15015,ENSG00000164683,HEY1,-0.02494305259127418
0,16,negative,46,30895,ENSG00000161558,TMEM143,-0.02491557843801708
0,16,negative,47,13459,ENSG00000234636,MED14-AS1,-0.024828965689809357
0,16,negative,48,19136,ENSG00000149809,TM7SF2,-0.024803520076693942
0,16,negative,49,27527,ENSG00000263470,RP11-160O5.1,-0.024657064478879963
0,16,negative,50,4125,ENSG00000144199,FAHD2B,-0.024625366418218834
0,16,positive,1,7734,ENSG00000169248,CXCL11,0.03924605138208531
0,16,positive,2,19778,ENSG00000149591,TAGLN,0.03719181400054632
0,16,positive,3,20489,ENSG00000235884,LINC00941,0.03329942507518204
0,16,positive,4,7658,ENSG00000181617,FDCSP,0.03083461310390011
0,16,positive,5,15561,ENSG00000227184,EPPK1,0.03021968969368405
0,16,positive,6,25580,ENSG00000166592,RRAD,0.029924662945832077
0,16,positive,7,9623,ENSG00000113070,HBEGF,0.02976785487206676
0,16,positive,8,3798,ENSG00000270820,RP11-355B11.2,0.0294973975704188
0,16,positive,9,23813,ENSG00000166920,C15orf48,0.02941264936069779
0,16,positive,10,18167,ENSG00000247095,MIR210HG,0.02909738954594412
0,16,positive,11,15155,ENSG00000164938,TP53INP1,0.028762349040113613
0,16,positive,12,20470,ENSG00000087494,PTHLH,0.028623733319988513
0,16,positive,13,6402,ENSG00000173706,HEG1,0.02827500991606841
0,16,positive,14,10431,ENSG00000196966,HIST1H3E,0.02753792962394411
0,16,positive,15,28126,ENSG00000141448,GATA6,0.027394052338556272
0,16,positive,16,10364,ENSG00000272168,CASC15,0.02734282948815735
0,16,positive,17,27869,ENSG00000264569,RP13-650J16.1,0.027038069502714226
0,16,positive,18,25489,ENSG00000102934,PLLP,0.026606420464887797
0,16,positive,19,11134,ENSG00000013392,RWDD2A,0.02638940168882143
0,16,positive,20,27880,ENSG00000268852,AC132872.2,0.02638366200894512
0,16,positive,21,22544,ENSG00000129535,NRL,0.02634140618212884
0,16,positive,22,23577,ENSG00000166912,MTMR10,0.025719233992575096
0,16,positive,23,26978,ENSG00000212901,KRTAP3-1,0.02568291254065492
0,16,positive,24,1686,ENSG00000234978,RP11-423O2.5,0.025546278979133447
0,16,positive,25,11777,ENSG00000130023,ERMARD,0.025351656736157815
0,16,positive,26,16516,ENSG00000171448,ZBTB26,0.02480975453566692
0,16,positive,27,21072,ENSG00000127329,PTPRB,0.024669104191284326
0,16,positive,28,28471,ENSG00000266278,RP11-41O4.2,0.024639793021949796
0,16,positive,29,2173,ENSG00000224259,LINC01133,0.024624451607796156
0,16,positive,30,200,ENSG00000049249,TNFRSF9,0.024217291368782968
0,16,positive,31,11001,ENSG00000235899,RP11-345L23.1,0.02408280764751073
0,16,positive,32,13665,ENSG00000198205,ZXDA,0.023946555314627735
0,16,positive,33,6047,ENSG00000189283,FHIT,0.023919076618768517
0,16,positive,34,32490,ENSG00000159263,SIM2,0.02387176603332294
0,16,positive,35,23017,ENSG00000205683,DPF3,0.02383461550122133
0,16,positive,36,30082,ENSG00000269640,CTD-2521M24.9,0.02379649416997169
0,16,positive,37,32542,ENSG00000183486,MX2,0.02377982477632602
0,16,positive,38,24786,ENSG00000213918,DNASE1,0.023752758833499563
0,16,positive,39,18393,ENSG00000166394,CYB5R2,0.023621143167087254
0,16,positive,40,11219,ENSG00000184486,POU3F2,0.023587649413808164
0,16,positive,41,9872,ENSG00000155858,LSM11,0.0234973875857043
0,16,positive,42,21428,ENSG00000111252,SH2B3,0.023392895113159798
0,16,positive,43,20771,ENSG00000270175,RP11-793H13.11,0.023320169959442923
0,16,positive,44,19158,ENSG00000260233,SSSCA1-AS1,0.0232489121937859
0,16,positive,45,19046,ENSG00000256690,RP11-727F15.9,0.0231957889821686
0,16,positive,46,8323,ENSG00000196104,SPOCK3,0.0231035479642469
0,16,positive,47,16950,ENSG00000238266,LINC00707,0.022967987664547773
0,16,positive,48,11416,ENSG00000198945,L3MBTL3,0.022966376899301623
0,16,positive,49,30030,ENSG00000196684,HSH2D,0.022906639646192647
0,16,positive,50,28436,ENSG00000166401,SERPINB8,0.02289941475666173
0,17,negative,1,15282,ENSG00000147642,SYBU,-0.03619441648116569
0,17,negative,2,21163,ENSG00000179104,TMTC2,-0.036036512353132905
0,17,negative,3,17652,ENSG00000119922,IFIT2,-0.035365993791605085
0,17,negative,4,29528,ENSG00000175691,ZNF77,-0.034762127826257296
0,17,negative,5,27571,ENSG00000154265,ABCA5,-0.03361971208248914
0,17,negative,6,20930,ENSG00000111087,GLI1,-0.033391624985135454
0,17,negative,7,18595,ENSG00000121621,KIF18A,-0.03123382895782177
0,17,negative,8,23998,ENSG00000259248,USP3-AS1,-0.030588359546771155
0,17,negative,9,7169,ENSG00000159674,SPON2,-0.030176801315475923
0,17,negative,10,30969,ENSG00000090554,FLT3LG,-0.030060473034384246
0,17,negative,11,13488,ENSG00000251192,ZNF674,-0.03005193053258114
0,17,negative,12,5580,ENSG00000114166,KAT2B,-0.02997546811852625
0,17,negative,13,24018,ENSG00000140451,PIF1,-0.029852726177945564
0,17,negative,14,8520,ENSG00000188818,ZDHHC11,-0.029787882922250618
0,17,negative,15,19428,ENSG00000062282,DGAT2,-0.029255309816010832
0,17,negative,16,22222,ENSG00000080166,DCT,-0.029222622222906766
0,17,negative,17,17687,ENSG00000138160,KIF11,-0.029190710774114677
0,17,negative,18,26461,ENSG00000197566,ZNF624,-0.028855983715178595
0,17,negative,19,20351,ENSG00000111341,MGP,-0.028325704022758528
0,17,negative,20,2547,ENSG00000272579,RP11-101E13.5,-0.027877049578827057
0,17,negative,21,26234,ENSG00000219200,RNASEK,-0.027823013216752374
0,17,negative,22,12670,ENSG00000106404,CLDN15,-0.027800203829349685
0,17,negative,23,29080,ENSG00000124102,PI3,-0.02754026823015103
0,17,negative,24,2035,ENSG00000231064,RP11-263K19.4,-0.02752744831276452
0,17,negative,25,22510,ENSG00000139880,CDH24,-0.027228736487047555
0,17,negative,26,20901,ENSG00000076067,RBMS2,-0.02663085839173712
0,17,negative,27,16515,ENSG00000186130,ZBTB6,-0.026536049956304465
0,17,negative,28,31836,ENSG00000128242,GAL3ST1,-0.026451808519514113
0,17,negative,29,10720,ENSG00000197283,SYNGAP1,-0.026412983051055373
0,17,negative,30,6711,ENSG00000114805,PLCH1,-0.026100716182277873
0,17,negative,31,26945,ENSG00000108352,RAPGEFL1,-0.025994394209531146
0,17,negative,32,18711,ENSG00000085117,CD82,-0.025919028197246556
0,17,negative,33,2881,ENSG00000143502,SUSD4,-0.025865116822237782
0,17,negative,34,24839,ENSG00000183044,ABAT,-0.025636688674389247
0,17,negative,35,19926,ENSG00000250073,RP11-677M14.3,-0.02558573856666656
0,17,negative,36,14599,ENSG00000214050,FBXO16,-0.02541984682384925
0,17,negative,37,4678,ENSG00000128683,GAD1,-0.025417828715344502
0,17,negative,38,19842,ENSG00000160703,NLRX1,-0.02540717944376619
0,17,negative,39,6975,ENSG00000213139,CRYGS,-0.025374035740270494
0,17,negative,40,4808,ENSG00000162999,DUSP19,-0.025171150067676024
0,17,negative,41,21624,ENSG00000256092,hsa-mir-8072,-0.025045027207067052
0,17,negative,42,654,ENSG00000121769,FABP3,-0.024999905909328088
0,17,negative,43,7830,ENSG00000138641,HERC3,-0.024985062308527022
0,17,negative,44,30825,ENSG00000188293,IGFL1,-0.024957000150674064
0,17,negative,45,22219,ENSG00000183098,GPC6,-0.024774697217194448
0,17,negative,46,22873,ENSG00000181619,GPR135,-0.024413654615121985
0,17,negative,47,23703,ENSG00000104140,RHOV,-0.02431048573545791
0,17,negative,48,22575,ENSG00000213903,LTB4R,-0.024297343090145848
0,17,negative,49,12948,ENSG00000198074,AKR1B10,-0.024221127673316373
0,17,negative,50,20076,ENSG00000111186,WNT5B,-0.024202623432180586
0,17,positive,1,30821,ENSG00000204866,IGFL2,0.03896032597967232
0,17,positive,2,29318,ENSG00000101188,NTSR1,0.03561904838636211
0,17,positive,3,24274,ENSG00000172379,ARNT2,0.0353792505627455
0,17,positive,4,23451,ENSG00000185567,AHNAK2,0.030362383528208525
0,17,positive,5,16777,ENSG00000213221,DNLZ,0.03014377679941954
0,17,positive,6,15740,ENSG00000147872,PLIN2,0.02947459188377625
0,17,positive,7,24280,ENSG00000103888,KIAA1199,0.029223157013177167
0,17,positive,8,17357,ENSG00000151151,IPMK,0.02860230711345384
0,17,positive,9,26985,ENSG00000212724,KRTAP2-3,0.02850109568238966
0,17,positive,10,9203,ENSG00000248323,LUCAT1,0.028000083208576262
0,17,positive,11,29929,ENSG00000267458,CTC-425F1.4,0.027554747657352448
0,17,positive,12,13685,ENSG00000090776,EFNB1,0.027490384349639692
0,17,positive,13,13789,ENSG00000165259,HDX,0.027391793728161275
0,17,positive,14,14096,ENSG00000232611,RP11-1114A5.4,0.027234992302979603
0,17,positive,15,24957,ENSG00000103226,NOMO3,0.02704518768033256
0,17,positive,16,23142,ENSG00000211448,DIO2,0.02654373539341345
0,17,positive,17,16592,ENSG00000234771,RP11-395P17.3,0.026326801479457665
0,17,positive,18,3927,ENSG00000135636,DYSF,0.026171241603648907
0,17,positive,19,21967,ENSG00000150907,FOXO1,0.025532028829357845
0,17,positive,20,15881,ENSG00000198853,RUSC2,0.025408162654022355
0,17,positive,21,31866,ENSG00000100150,DEPDC5,0.0253497833833635
0,17,positive,22,25005,ENSG00000167191,GPRC5B,0.025322882725348286
0,17,positive,23,24785,ENSG00000188827,SLX4,0.025302518998110778
0,17,positive,24,17225,ENSG00000243660,ZNF487,0.025206471931037734
0,17,positive,25,2451,ENSG00000153029,MR1,0.024984283612213207
0,17,positive,26,22537,ENSG00000100867,DHRS2,0.02464989379328348
0,17,positive,27,5231,ENSG00000156966,B3GNT7,0.024341901494896206
0,17,positive,28,32102,ENSG00000100271,TTLL1,0.024230712808090953
0,17,positive,29,6641,ENSG00000169908,TM4SF1,0.024203285990459757
0,17,positive,30,11300,ENSG00000173214,KIAA1919,0.024199131644461355
0,17,positive,31,2393,ENSG00000235750,KIAA0040,0.023911381793005552
0,17,positive,32,12655,ENSG00000176125,UFSP1,0.023611780242719028
0,17,positive,33,20792,ENSG00000180806,HOXC9,0.023528539022707982
0,17,positive,34,335,ENSG00000197312,DDI2,0.023515428928693533
0,17,positive,35,12665,ENSG00000128564,VGF,0.0232916635015152
0,17,positive,36,25379,ENSG00000155393,HEATR3,0.02317838403331427
0,17,positive,37,25896,ENSG00000103196,CRISPLD2,0.023072651390676113
0,17,positive,38,2752,ENSG00000230937,MIR205HG,0.023063658601748374
0,17,positive,39,21257,ENSG00000139344,AMDHD1,0.023012285036596882
0,17,positive,40,6468,ENSG00000206417,H1FX-AS1,0.0229139774318667
0,17,positive,41,4862,ENSG00000173559,NABP1,0.02281270145152537
0,17,positive,42,15533,ENSG00000014164,ZC3H3,0.022758893469217993
0,17,positive,43,4717,ENSG00000163328,GPR155,0.022695578401446273
0,17,positive,44,2226,ENSG00000158874,APOA2,0.02269260366096975
0,17,positive,45,16373,ENSG00000070159,PTPN3,0.022593376020855274
0,17,positive,46,727,ENSG00000188910,GJB3,0.022549864488495434
0,17,positive,47,11353,ENSG00000153975,ZUFSP,0.022444834432644986
0,17,positive,48,25220,ENSG00000169955,ZNF747,0.022434339263385672
0,17,positive,49,27717,ENSG00000070526,ST6GALNAC1,0.022427848558762363
0,17,positive,50,27668,ENSG00000177728,KIAA0195,0.022422053575708634
0,18,negative,1,6390,ENSG00000239523,MYLK-AS1,-0.03898937735324624
0,18,negative,2,31993,ENSG00000184949,FAM227A,-0.0346720574871357
0,18,negative,3,1603,ENSG00000116774,OLFML3,-0.03349045981389913
0,18,negative,4,14334,ENSG00000164825,DEFB1,-0.03229086096737014
0,18,negative,5,27324,ENSG00000154920,EME1,-0.0317154305779468
0,18,negative,6,31044,ENSG00000167754,KLK5,-0.031327351235928606
0,18,negative,7,15473,ENSG00000259891,CTA-204B4.2,-0.0310482679304643
0,18,negative,8,1366,ENSG00000122483,CCDC18,-0.03090720549523285
0,18,negative,9,15028,ENSG00000076641,PAG1,-0.029976556541873832
0,18,negative,10,5203,ENSG00000115009,CCL20,-0.029960145768168227
0,18,negative,11,23718,ENSG00000137825,ITPKA,-0.029843553437770055
0,18,negative,12,16245,ENSG00000237857,RP11-435O5.2,-0.029562847913763526
0,18,negative,13,28113,ENSG00000141449,GREB1L,-0.029024803718585096
0,18,negative,14,16536,ENSG00000185585,OLFML2A,-0.02897575967726774
0,18,negative,15,29073,ENSG00000101104,PABPC1L,-0.02893184574619955
0,18,negative,16,31088,ENSG00000167765,AC018755.1,-0.02848568834944161
0,18,negative,17,583,ENSG00000142765,SYTL1,-0.02833308456133439
0,18,negative,18,26502,ENSG00000177302,TOP3A,-0.028293035583791346
0,18,negative,19,26440,ENSG00000187607,ZNF286A,-0.02811924453193665
0,18,negative,20,7400,ENSG00000109680,TBC1D19,-0.02811694957466567
0,18,negative,21,13284,ENSG00000146950,SHROOM2,-0.02795390858291585
0,18,negative,22,19232,ENSG00000173715,C11orf80,-0.02790724135485069
0,18,negative,23,18091,ENSG00000148814,LRRC27,-0.027515543729452002
0,18,negative,24,584,ENSG00000142733,MAP3K6,-0.027458422991813277
0,18,negative,25,5096,ENSG00000018280,SLC11A1,-0.027451154808264593
0,18,negative,26,20729,ENSG00000205420,KRT6A,-0.02742125146134705
0,18,negative,27,1537,ENSG00000224699,LAMTOR5-AS1,-0.027364089867893363
0,18,negative,28,5258,ENSG00000182600,C2orf82,-0.02732239955806977
0,18,negative,29,29418,ENSG00000099864,PALM,-0.027310124034702392
0,18,negative,30,16568,ENSG00000148356,LRSAM1,-0.027279545855171637
0,18,negative,31,12147,ENSG00000271122,RP11-379H18.1,-0.02666064598032048
0,18,negative,32,29441,ENSG00000064687,ABCA7,-0.026618139719280592
0,18,negative,33,18595,ENSG00000121621,KIF18A,-0.026551555104983582
0,18,negative,34,26167,ENSG00000244184,RP11-314A20.2,-0.026544531596563642
0,18,negative,35,30804,ENSG00000104936,DMPK,-0.02625529758503097
0,18,negative,36,17618,ENSG00000173267,SNCG,-0.026064633661120752
0,18,negative,37,4267,ENSG00000144063,MALL,-0.026058154896386514
0,18,negative,38,11882,ENSG00000272953,RP11-1275H24.2,-0.026041992614563754
0,18,negative,39,24748,ENSG00000213937,CLDN9,-0.02589195105817546
0,18,negative,40,691,ENSG00000225828,FAM229A,-0.025556908394197293
0,18,negative,41,7984,ENSG00000138658,C4orf21,-0.025552009107366058
0,18,negative,42,2770,ENSG00000082512,TRAF5,-0.025423903792978656
0,18,negative,43,24707,ENSG00000167972,ABCA3,-0.02528390694641433
0,18,negative,44,13650,ENSG00000247746,USP51,-0.02518577274266481
0,18,negative,45,26880,ENSG00000174093,RP11-1407O15.2,-0.025118613259912336
0,18,negative,46,26284,ENSG00000161956,SENP3,-0.025090238597128552
0,18,negative,47,18544,ENSG00000166833,NAV2,-0.025058505572270604
0,18,negative,48,22624,ENSG00000257831,RP11-596D21.1,-0.024772994059087946
0,18,negative,49,10836,ENSG00000112559,MDFI,-0.02473682547503739
0,18,negative,50,1743,ENSG00000186275,NBPF12,-0.024733983971005572
0,18,positive,1,17672,ENSG00000148677,ANKRD1,0.045090009847848486
0,18,positive,2,18704,ENSG00000187479,C11orf96,0.04008061094518809
0,18,positive,3,22193,ENSG00000184564,SLITRK6,0.034475348035179904
0,18,positive,4,7733,ENSG00000169245,CXCL10,0.03355008942914454
0,18,positive,5,21116,ENSG00000179941,BBS10,0.0323656397521496
0,18,positive,6,29523,ENSG00000186300,ZNF555,0.031385686376887455
0,18,positive,7,7519,ENSG00000259959,RP11-121C2.2,0.029904704416117155
0,18,positive,8,30139,ENSG00000167487,KLHL26,0.02975622240271651
0,18,positive,9,6167,ENSG00000113966,ARL6,0.029227076071890595
0,18,positive,10,7691,ENSG00000169429,IL8,0.029195477986912213
0,18,positive,11,26985,ENSG00000212724,KRTAP2-3,0.02900066397615163
0,18,positive,12,2798,ENSG00000123685,BATF3,0.028974721072080333
0,18,positive,13,21050,ENSG00000135678,CPM,0.028158168554864204
0,18,positive,14,8981,ENSG00000069020,MAST4,0.028156171121917123
0,18,positive,15,19629,ENSG00000196611,MMP1,0.027778826129495213
0,18,positive,16,23030,ENSG00000119673,ACOT2,0.02763133421391996
0,18,positive,17,12893,ENSG00000064419,TNPO3,0.027157148877305703
0,18,positive,18,31357,ENSG00000213762,ZNF134,0.026823267075758845
0,18,positive,19,31604,ENSG00000183597,TANGO2,0.02609463285716277
0,18,positive,20,16441,ENSG00000041982,TNC,0.026029722611302868
0,18,positive,21,29346,ENSG00000101210,EEF1A2,0.026003556948192123
0,18,positive,22,818,ENSG00000168389,MFSD2A,0.02565801888634073
0,18,positive,23,11429,ENSG00000197594,ENPP1,0.02555579830123493
0,18,positive,24,26759,ENSG00000006042,TMEM98,0.02550291518015949
0,18,positive,25,32654,ENSG00000197381,ADARB1,0.02541412821139621
0,18,positive,26,12105,ENSG00000106100,NOD1,0.02523009994584744
0,18,positive,27,8452,ENSG00000154556,SORBS2,0.025110241698891478
0,18,positive,28,785,ENSG00000204084,INPP5B,0.024993968603407083
0,18,positive,29,20581,ENSG00000257433,RP1-197B17.3,0.024911914093896682
0,18,positive,30,3986,ENSG00000159399,HK2,0.024852021602869163
0,18,positive,31,12477,ENSG00000224046,AC005076.5,0.024839438353243662
0,18,positive,32,24064,ENSG00000137764,MAP2K5,0.02472488645839077
0,18,positive,33,29026,ENSG00000204103,MAFB,0.02468745734973624
0,18,positive,34,1155,ENSG00000116652,DLEU2L,0.024682243227499387
0,18,positive,35,6875,ENSG00000171121,KCNMB3,0.024665676848038578
0,18,positive,36,8876,ENSG00000134363,FST,0.024305850879128336
0,18,positive,37,11272,ENSG00000118690,ARMC2,0.02428975887545901
0,18,positive,38,16721,ENSG00000160326,SLC2A6,0.024244031184330536
0,18,positive,39,13412,ENSG00000198814,GK,0.024152425968944995
0,18,positive,40,827,ENSG00000187801,ZFP69B,0.024018068457355702
0,18,positive,41,5705,ENSG00000272452,RP11-391M1.4,0.023749921269804415
0,18,positive,42,30891,ENSG00000268001,CTC-241F20.3,0.023687087492070522
0,18,positive,43,7758,ENSG00000249307,LINC01088,0.023669467006319004
0,18,positive,44,28201,ENSG00000259985,RP11-549B18.1,0.023513158152001955
0,18,positive,45,7658,ENSG00000181617,FDCSP,0.023494438147503762
0,18,positive,46,13841,ENSG00000184515,BEX5,0.023097271933612232
0,18,positive,47,8269,ENSG00000061918,GUCY1B3,0.023048490510504088
0,18,positive,48,13550,ENSG00000147144,CCDC120,0.02303789087662041
0,18,positive,49,7586,ENSG00000171476,HOPX,0.023027049193436205
0,18,positive,50,1656,ENSG00000231365,RP11-418J17.1,0.02297504994457686
0,19,negative,1,4883,ENSG00000229056,AC020571.3,-0.034944635032759276
0,19,negative,2,4576,ENSG00000153234,NR4A2,-0.03422755247689688
0,19,negative,3,25459,ENSG00000260621,RP11-413H22.2,-0.03392575988452574
0,19,negative,4,29856,ENSG00000198551,ZNF627,-0.03323302340022056
0,19,negative,5,26481,ENSG00000108551,RASD1,-0.0328200376766621
0,19,negative,6,1943,ENSG00000163216,SPRR2D,-0.03166738699813377
0,19,negative,7,3460,ENSG00000271936,RP11-443B20.1,-0.03118808596700797
0,19,negative,8,6037,ENSG00000168306,ACOX2,-0.030137498514713326
0,19,negative,9,10952,ENSG00000153294,GPR115,-0.02941372886712572
0,19,negative,10,2543,ENSG00000116741,RGS2,-0.02924247488634194
0,19,negative,11,1062,ENSG00000248835,AL357673.1,-0.02885711664220159
0,19,negative,12,16595,ENSG00000148346,LCN2,-0.028569219598511813
0,19,negative,13,20619,ENSG00000172602,RND1,-0.028524291791523944
0,19,negative,14,30969,ENSG00000090554,FLT3LG,-0.028074512908262114
0,19,negative,15,23962,ENSG00000069667,RORA,-0.02807004227720999
0,19,negative,16,31782,ENSG00000100154,TTC28,-0.02794652115219512
0,19,negative,17,2896,ENSG00000143786,CNIH3,-0.02782838563034041
0,19,negative,18,23680,ENSG00000233041,PHGR1,-0.027777462149024733
0,19,negative,19,21811,ENSG00000165487,MICU2,-0.027268934918002596
0,19,negative,20,15739,ENSG00000147874,HAUS6,-0.027105248461336096
0,19,negative,21,13514,ENSG00000221994,ZNF630,-0.02703601242887964
0,19,negative,22,10957,ENSG00000031691,CENPQ,-0.02697978451907355
0,19,negative,23,28316,ENSG00000172361,CCDC11,-0.02681706182821644
0,19,negative,24,15322,ENSG00000155792,DEPTOR,-0.026794067694192035
0,19,negative,25,31667,ENSG00000100027,YPEL1,-0.026708748245710696
0,19,negative,26,16213,ENSG00000127084,FGD3,-0.026700932109619994
0,19,negative,27,1015,ENSG00000157077,ZFYVE9,-0.026551012969555726
0,19,negative,28,30782,ENSG00000104892,KLC3,-0.026542885992584916
0,19,negative,29,28992,ENSG00000101353,MROH8,-0.026541617198483393
0,19,negative,30,11237,ENSG00000085382,HACE1,-0.026286292853645088
0,19,negative,31,11149,ENSG00000135318,NT5E,-0.02605367892383413
0,19,negative,32,4173,ENSG00000272902,RP11-299H21.1,-0.025741254344760264
0,19,negative,33,15915,ENSG00000137075,RNF38,-0.025616243681151958
0,19,negative,34,13850,ENSG00000158301,GPRASP2,-0.025592741269701152
0,19,negative,35,19236,ENSG00000173237,C11orf86,-0.02558559382343363
0,19,negative,36,22158,ENSG00000178695,KCTD12,-0.025466363408322725
0,19,negative,37,16516,ENSG00000171448,ZBTB26,-0.025173766658436934
0,19,negative,38,26315,ENSG00000179111,HES7,-0.0249414046322051
0,19,negative,39,24455,ENSG00000258754,CTD-3049M7.1,-0.024818351003289604
0,19,negative,40,11160,ENSG00000226524,RP1-102H19.8,-0.024807570020776954
0,19,negative,41,28408,ENSG00000267279,RP11-879F14.2,-0.024750672427894957
0,19,negative,42,32443,ENSG00000159147,DONSON,-0.024689615956731543
0,19,negative,43,15181,ENSG00000177459,C8orf47,-0.024683447119068863
0,19,negative,44,4540,ENSG00000187123,LYPD6,-0.02463528448011684
0,19,negative,45,17099,ENSG00000185875,THNSL1,-0.024335638179461768
0,19,negative,46,23607,ENSG00000182405,PGBD4,-0.024316003128794506
0,19,negative,47,15969,ENSG00000204837,RP11-204M4.2,-0.024277736956975413
0,19,negative,48,22332,ENSG00000153495,TEX29,-0.024222454722419226
0,19,negative,49,5340,ENSG00000222020,AC062017.1,-0.024193048344495587
0,19,negative,50,22559,ENSG00000100926,TM9SF1,-0.024084094783854586
0,19,positive,1,816,ENSG00000116990,MYCL,0.04277507866428607
0,19,positive,2,13305,ENSG00000235385,GS1-600G8.5,0.03528950868918718
0,19,positive,3,20861,ENSG00000185664,PMEL,0.0342796895507081
0,19,positive,4,10312,ENSG00000124523,SIRT5,0.03217301215895472
0,19,positive,5,12773,ENSG00000164604,GPR85,0.03171086991686635
0,19,positive,6,32646,ENSG00000227039,ITGB2-AS1,0.031205657557466085
0,19,positive,7,30365,ENSG00000168661,ZNF30,0.031088033942938166
0,19,positive,8,2252,ENSG00000239887,C1orf226,0.030793492283045766
0,19,positive,9,12948,ENSG00000198074,AKR1B10,0.02912498273932649
0,19,positive,10,24696,ENSG00000182685,BRICD5,0.02869533943066358
0,19,positive,11,10566,ENSG00000272540,XXbac-BPG252P9.9,0.02832811753081805
0,19,positive,12,33,ENSG00000187634,SAMD11,0.028309960812118572
0,19,positive,13,10074,ENSG00000272459,RP11-1277A3.3,0.02826966890995331
0,19,positive,14,19613,ENSG00000110318,KIAA1377,0.02804557031234374
0,19,positive,15,30821,ENSG00000204866,IGFL2,0.027405474156506546
0,19,positive,16,10023,ENSG00000113749,HRH2,0.02737339024324559
0,19,positive,17,28545,ENSG00000060069,CTDP1,0.02737224969606251
0,19,positive,18,7524,ENSG00000135605,TEC,0.02665717361347145
0,19,positive,19,4419,ENSG00000136720,HS6ST1,0.02629618787883014
0,19,positive,20,21314,ENSG00000139352,ASCL1,0.026271312133095602
0,19,positive,21,10016,ENSG00000120149,MSX2,0.026153239755078418
0,19,positive,22,7548,ENSG00000072201,LNX1,0.026081924201045742
0,19,positive,23,4656,ENSG00000073737,DHRS9,0.026048002115221305
0,19,positive,24,30407,ENSG00000226510,UPK1A-AS1,0.025349915089131186
0,19,positive,25,26978,ENSG00000212901,KRTAP3-1,0.02513500699462769
0,19,positive,26,3683,ENSG00000170577,SIX2,0.02494489330345503
0,19,positive,27,26,ENSG00000225880,LINC00115,0.024864798695058553
0,19,positive,28,21001,ENSG00000111490,TBC1D30,0.02476027538806882
0,19,positive,29,21909,ENSG00000187676,B3GALTL,0.024474025414581473
0,19,positive,30,23459,ENSG00000184887,BTBD6,0.024435190971270157
0,19,positive,31,19414,ENSG00000137491,SLCO2B1,0.0243056049746016
0,19,positive,32,3412,ENSG00000143878,RHOB,0.02429136302736594
0,19,positive,33,13088,ENSG00000174469,CNTNAP2,0.024263568082528452
0,19,positive,34,24954,ENSG00000103222,ABCC1,0.024094966651297685
0,19,positive,35,15369,ENSG00000271975,RP11-383J24.6,0.02383483409206871
0,19,positive,36,32562,ENSG00000160181,TFF2,0.023773462091380877
0,19,positive,37,12893,ENSG00000064419,TNPO3,0.02367474050220602
0,19,positive,38,27162,ENSG00000131094,C1QL1,0.023674554789080527
0,19,positive,39,14743,ENSG00000104368,PLAT,0.02361185879653303
0,19,positive,40,25245,ENSG00000175938,ORAI3,0.023529980453892842
0,19,positive,41,16953,ENSG00000198879,SFMBT2,0.02351614798285978
0,19,positive,42,13504,ENSG00000196741,CXorf24,0.023475557591883377
0,19,positive,43,30593,ENSG00000130758,MAP3K10,0.023311600958497238
0,19,positive,44,12006,ENSG00000105866,SP4,0.023295473232520302
0,19,positive,45,15406,ENSG00000247844,CCAT1,0.02311678627961192
0,19,positive,46,19382,ENSG00000054965,FAM168A,0.02311446384898837
0,19,positive,47,32217,ENSG00000272666,CTA-384D8.35,0.02302558933275838
0,19,positive,48,14410,ENSG00000154319,FAM167A,0.022808211282045937
0,19,positive,49,8352,ENSG00000245213,RP11-10K16.1,0.022734018207392036
0,19,positive,50,10895,ENSG00000271754,RP3-337H4.9,0.022683920805934076
0,20,negative,1,14516,ENSG00000197181,PIWIL2,-0.03983000978777367
0,20,negative,2,25870,ENSG00000103150,MLYCD,-0.03457056497856172
0,20,negative,3,27068,ENSG00000184451,CCR10,-0.03443110715485104
0,20,negative,4,26824,ENSG00000161570,CCL5,-0.033376469981465984
0,20,negative,5,18255,ENSG00000021762,OSBPL5,-0.0318553805155531
0,20,negative,6,12995,ENSG00000273391,RP11-634H22.1,-0.03162937350931718
0,20,negative,7,7734,ENSG00000169248,CXCL11,-0.030058943669124146
0,20,negative,8,26826,ENSG00000187456,RDM1,-0.029990219267895527
0,20,negative,9,31631,ENSG00000099910,KLHL22,-0.029262148570795635
0,20,negative,10,24399,ENSG00000242498,C15orf38,-0.029133782503734156
0,20,negative,11,24432,ENSG00000214432,AC068831.10,-0.028987311781476347
0,20,negative,12,17436,ENSG00000197467,COL13A1,-0.028644464933252213
0,20,negative,13,27527,ENSG00000263470,RP11-160O5.1,-0.02836990390363385
0,20,negative,14,14505,ENSG00000158856,DMTN,-0.028090094809962843
0,20,negative,15,29005,ENSG00000198959,TGM2,-0.027940825827359718
0,20,negative,16,1853,ENSG00000143409,FAM63A,-0.027913618640256363
0,20,negative,17,17141,ENSG00000165757,KIAA1462,-0.027605432301856053
0,20,negative,18,1686,ENSG00000234978,RP11-423O2.5,-0.027270912672534207
0,20,negative,19,5814,ENSG00000260236,RP11-708J19.1,-0.02708202096671598
0,20,negative,20,21399,ENSG00000139438,FAM222A,-0.027050838220429523
0,20,negative,21,29441,ENSG00000064687,ABCA7,-0.026737069170064635
0,20,negative,22,12696,ENSG00000222011,FAM185A,-0.026476633413128732
0,20,negative,23,23773,ENSG00000166762,CATSPER2,-0.026382146356335727
0,20,negative,24,15567,ENSG00000178814,OPLAH,-0.026321378341730612
0,20,negative,25,15708,ENSG00000107165,TYRP1,-0.026284097582854778
0,20,negative,26,21797,ENSG00000165475,CRYL1,-0.025343990392153664
0,20,negative,27,11975,ENSG00000106541,AGR2,-0.025220412124319858
0,20,negative,28,16179,ENSG00000130222,GADD45G,-0.025142236519076697
0,20,negative,29,9248,ENSG00000247121,CTD-2260A17.2,-0.02509059066885715
0,20,negative,30,17044,ENSG00000260589,RP11-390B4.5,-0.025089412045383386
0,20,negative,31,22815,ENSG00000125378,BMP4,-0.024995739589686608
0,20,negative,32,11269,ENSG00000135537,LACE1,-0.024976886878089778
0,20,negative,33,17468,ENSG00000107742,SPOCK2,-0.024842820900818404
0,20,negative,34,25719,ENSG00000157429,ZNF19,-0.024578504286872253
0,20,negative,35,20068,ENSG00000177406,RP11-218M22.1,-0.024564510982284887
0,20,negative,36,17781,ENSG00000229278,RP11-483F11.7,-0.024461606345730157
0,20,negative,37,22960,ENSG00000054690,PLEKHH1,-0.024384998983798055
0,20,negative,38,3281,ENSG00000151692,RNF144A,-0.02426223938932524
0,20,negative,39,18184,ENSG00000177595,PIDD,-0.02418709730193988
0,20,negative,40,29252,ENSG00000124224,PPP4R1L,-0.024175450377490183
0,20,negative,41,27717,ENSG00000070526,ST6GALNAC1,-0.023975043036775515
0,20,negative,42,4955,ENSG00000163596,ICA1L,-0.02392278371603304
0,20,negative,43,13473,ENSG00000124479,NDP,-0.023812850464746283
0,20,negative,44,12388,ENSG00000009950,MLXIPL,-0.023803235875888454
0,20,negative,45,4448,ENSG00000136002,ARHGEF4,-0.023786967401553446
0,20,negative,46,5481,ENSG00000163701,IL17RE,-0.023766146515965807
0,20,negative,47,8171,ENSG00000248890,HHIP-AS1,-0.02375182932341792
0,20,negative,48,16588,ENSG00000171169,NAIF1,-0.023708307315358897
0,20,negative,49,25005,ENSG00000167191,GPRC5B,-0.023688036280780207
0,20,negative,50,14814,ENSG00000260955,RP11-30L15.6,-0.023618868008359453
0,20,positive,1,25473,ENSG00000125144,MT1G,0.05973376031810537
0,20,positive,2,4181,ENSG00000115590,IL1R2,0.03753669648406468
0,20,positive,3,4057,ENSG00000068615,REEP1,0.03401225852746291
0,20,positive,4,1501,ENSG00000174151,CYB561D1,0.03325344850001137
0,20,positive,5,18021,ENSG00000196177,ACADSB,0.0320986150309017
0,20,positive,6,7705,ENSG00000109321,AREG,0.030509745455901287
0,20,positive,7,26199,ENSG00000167840,ZNF232,0.02942259928056999
0,20,positive,8,30767,ENSG00000170684,ZNF296,0.028852418815799093
0,20,positive,9,23102,ENSG00000013523,ANGEL1,0.028668206017663567
0,20,positive,10,19182,ENSG00000175592,FOSL1,0.028507744414691328
0,20,positive,11,13646,ENSG00000256045,MTRNR2L10,0.027046305819574342
0,20,positive,12,21810,ENSG00000180776,ZDHHC20,0.02672640166204566
0,20,positive,13,16403,ENSG00000148158,SNX30,0.026549409466184427
0,20,positive,14,962,ENSG00000162366,PDZK1IP1,0.026400705302513816
0,20,positive,15,23962,ENSG00000069667,RORA,0.026323481620362233
0,20,positive,16,27153,ENSG00000182963,GJC1,0.02609668994096156
0,20,positive,17,19287,ENSG00000069482,GAL,0.026072155014761924
0,20,positive,18,2474,ENSG00000135838,NPL,0.026014934903778215
0,20,positive,19,30281,ENSG00000166289,PLEKHF1,0.025964275905804322
0,20,positive,20,14026,ENSG00000085185,BCORL1,0.025963550035619117
0,20,positive,21,16950,ENSG00000238266,LINC00707,0.025849090328219013
0,20,positive,22,24729,ENSG00000205913,SRRM2-AS1,0.02580548050996683
0,20,positive,23,30802,ENSG00000177045,SIX5,0.025710967303226206
0,20,positive,24,20729,ENSG00000205420,KRT6A,0.0256957941209404
0,20,positive,25,12948,ENSG00000198074,AKR1B10,0.025444463382138745
0,20,positive,26,11502,ENSG00000112379,KIAA1244,0.025437714264087828
0,20,positive,27,20726,ENSG00000170454,KRT75,0.02519039625837846
0,20,positive,28,3004,ENSG00000162946,DISC1,0.025126245644313303
0,20,positive,29,15141,ENSG00000197275,RAD54B,0.024836575827836473
0,20,positive,30,30676,ENSG00000105429,MEGF8,0.024731864856648442
0,20,positive,31,29263,ENSG00000235590,GNAS-AS1,0.024728928167955917
0,20,positive,32,5776,ENSG00000249992,TMEM158,0.024633935663586813
0,20,positive,33,27020,ENSG00000171401,KRT13,0.024530587414905818
0,20,positive,34,1943,ENSG00000163216,SPRR2D,0.0245228886473192
0,20,positive,35,7692,ENSG00000124875,CXCL6,0.02449728328742301
0,20,positive,36,12673,ENSG00000232445,RP11-132A1.4,0.024340123134654883
0,20,positive,37,20194,ENSG00000159403,C1R,0.024275192948143752
0,20,positive,38,4832,ENSG00000168542,COL3A1,0.024269908282563788
0,20,positive,39,1311,ENSG00000261737,RP4-612B15.3,0.024103364959093827
0,20,positive,40,21967,ENSG00000150907,FOXO1,0.0239728803868416
0,20,positive,41,727,ENSG00000188910,GJB3,0.023903509888018475
0,20,positive,42,25474,ENSG00000205358,MT1H,0.023740289513858658
0,20,positive,43,2233,ENSG00000235477,RP11-122G18.5,0.02368809900106386
0,20,positive,44,32093,ENSG00000183569,SERHL2,0.0236701505527569
0,20,positive,45,17463,ENSG00000107738,C10orf54,0.02361897487207232
0,20,positive,46,8885,ENSG00000164283,ESM1,0.02308279168443905
0,20,positive,47,31112,ENSG00000196267,ZNF836,0.022923112391124868
0,20,positive,48,31981,ENSG00000128298,BAIAP2L2,0.0228979159393193
0,20,positive,49,30240,ENSG00000196081,ZNF724P,0.022839157161650084
0,20,positive,50,13806,ENSG00000179083,FAM133A,0.02271537659774752
1,1,negative,1,31855,ENSG00000100100,PIK3IP1,-0.023453281588742932
1,1,negative,2,4635,ENSG00000115339,GALNT3,-0.02268467107775098
1,1,negative,3,4568,ENSG00000177519,RPRM,-0.02217602225051611
1,1,negative,4,17249,ENSG00000165507,C10orf10,-0.02177320280566433
1,1,negative,5,2191,ENSG00000162738,VANGL2,-0.021657073993655872
1,1,negative,6,22074,ENSG00000102796,DHRS12,-0.020980700989467752
1,1,negative,7,15155,ENSG00000164938,TP53INP1,-0.020402492034500088
1,1,negative,8,10305,ENSG00000112137,PHACTR1,-0.020260038332860515
1,1,negative,9,5828,ENSG00000164050,PLXNB1,-0.019710545328142745
1,1,negative,10,17325,ENSG00000138294,MSMB,-0.01969655119883232
1,1,negative,11,13342,ENSG00000169891,REPS2,-0.019588573566335164
1,1,negative,12,12956,ENSG00000146859,TMEM140,-0.018865117682117287
1,1,negative,13,33,ENSG00000187634,SAMD11,-0.018656236505643364
1,1,negative,14,12340,ENSG00000152926,ZNF117,-0.018556141702756046
1,1,negative,15,23668,ENSG00000104081,BMF,-0.01855266407620403
1,1,negative,16,29069,ENSG00000064205,WISP2,-0.018521450569194714
1,1,negative,17,30182,ENSG00000081665,ZNF506,-0.018494120446215442
1,1,negative,18,4469,ENSG00000150551,LYPD1,-0.01837458472219699
1,1,negative,19,27521,ENSG00000176809,LRRC37A3,-0.018219036321071334
1,1,negative,20,1815,ENSG00000184678,HIST2H2BE,-0.018186011386983197
1,1,negative,21,15619,ENSG00000196150,ZNF250,-0.01817794353692221
1,1,negative,22,2654,ENSG00000159388,BTG2,-0.017830999713423067
1,1,negative,23,13753,ENSG00000230590,FTX,-0.01782916574302706
1,1,negative,24,869,ENSG00000227533,SLC2A1-AS1,-0.0176435953152408
1,1,negative,25,15763,ENSG00000198642,KLHL9,-0.01756073081509264
1,1,negative,26,22640,ENSG00000129521,EGLN3,-0.017526042857689546
1,1,negative,27,28728,ENSG00000172264,MACROD2,-0.01746914970999063
1,1,negative,28,19689,ENSG00000110777,POU2AF1,-0.017342736631093515
1,1,negative,29,29920,ENSG00000105613,MAST1,-0.017283344378959436
1,1,negative,30,21207,ENSG00000139329,LUM,-0.017246582313250717
1,1,negative,31,2886,ENSG00000272645,RP11-504P24.8,-0.01722904952683146
1,1,negative,32,10705,ENSG00000204228,HSD17B8,-0.017183570234197386
1,1,negative,33,28335,ENSG00000101751,POLI,-0.017180732336448932
1,1,negative,34,6818,ENSG00000173890,GPR160,-0.01712347521263199
1,1,negative,35,15178,ENSG00000132561,MATN2,-0.01711914401674856
1,1,negative,36,6922,ENSG00000114796,KLHL24,-0.01690593162014654
1,1,negative,37,10420,ENSG00000180573,HIST1H2AC,-0.016896693424238787
1,1,negative,38,24712,ENSG00000259895,RP11-715J22.2,-0.016841418956631982
1,1,negative,39,20895,ENSG00000170581,STAT2,-0.01683190986105597
1,1,negative,40,8358,ENSG00000164106,SCRG1,-0.016654733180315007
1,1,negative,41,26434,ENSG00000266538,RP11-385D13.3,-0.01659178628091496
1,1,negative,42,962,ENSG00000162366,PDZK1IP1,-0.01651283141101024
1,1,negative,43,11007,ENSG00000146147,MLIP,-0.01649836444490376
1,1,negative,44,18997,ENSG00000167995,BEST1,-0.016448867509649287
1,1,negative,45,28491,ENSG00000187773,FAM69C,-0.01643009242644882
1,1,negative,46,13769,ENSG00000165240,ATP7A,-0.0164252059016984
1,1,negative,47,30914,ENSG00000105516,DBP,-0.0163665816493449
1,1,negative,48,1987,ENSG00000272654,RP11-422P24.11,-0.016345359180531635
1,1,negative,49,26824,ENSG00000161570,CCL5,-0.016241299371316305
1,1,negative,50,1875,ENSG00000143416,SELENBP1,-0.0162135696188893
1,1,positive,1,27063,ENSG00000131470,PSMC3IP,0.04919038516830175
1,1,positive,2,29968,ENSG00000105011,ASF1B,0.04602111389344535
1,1,positive,3,29587,ENSG00000167670,CHAF1A,0.04016185402760988
1,1,positive,4,4305,ENSG00000169607,CKAP2L,0.04015029637900239
1,1,positive,5,5279,ENSG00000123485,HJURP,0.040046170299928886
1,1,positive,6,26947,ENSG00000094804,CDC6,0.040021054833786894
1,1,positive,7,19309,ENSG00000110092,CCND1,0.03991906148479011
1,1,positive,8,25907,ENSG00000131153,GINS2,0.039820958623251905
1,1,positive,9,23923,ENSG00000138587,MNS1,0.038872803595333
1,1,positive,10,14770,ENSG00000104738,MCM4,0.03887080323354051
1,1,positive,11,3323,ENSG00000171848,RRM2,0.037560195332020485
1,1,positive,12,25986,ENSG00000167513,CDT1,0.037250710324861706
1,1,positive,13,8967,ENSG00000123219,CENPK,0.03672918245983399
1,1,positive,14,31593,ENSG00000093009,CDC45,0.03666330485488156
1,1,positive,15,26322,ENSG00000178999,AURKB,0.03599702740088507
1,1,positive,16,25334,ENSG00000171241,SHCBP1,0.035506617153170474
1,1,positive,17,18907,ENSG00000189057,FAM111B,0.03547794997779832
1,1,positive,18,26953,ENSG00000131747,TOP2A,0.034889677456980336
1,1,positive,19,27102,ENSG00000175832,ETV4,0.03479942015076568
1,1,positive,20,2588,ENSG00000118193,KIF14,0.03478725187322094
1,1,positive,21,4704,ENSG00000144354,CDCA7,0.03474071965966008
1,1,positive,22,16997,ENSG00000065328,MCM10,0.034632228409358846
1,1,positive,23,3488,ENSG00000115163,CENPA,0.03444361086319378
1,1,positive,24,8036,ENSG00000145386,CCNA2,0.03431830793238921
1,1,positive,25,15015,ENSG00000164683,HEY1,0.03424127270656649
1,1,positive,26,4653,ENSG00000152253,SPC25,0.034097292437381396
1,1,positive,27,4113,ENSG00000121152,NCAPH,0.033972718445555106
1,1,positive,28,29110,ENSG00000175063,UBE2C,0.033894357394298906
1,1,positive,29,8433,ENSG00000151725,CENPU,0.03385402017596304
1,1,positive,30,28918,ENSG00000101412,E2F1,0.03382707728841552
1,1,positive,31,24419,ENSG00000197299,BLM,0.033466187043720154
1,1,positive,32,9623,ENSG00000113070,HBEGF,0.0331881907338881
1,1,positive,33,2783,ENSG00000143476,DTL,0.0329981771632555
1,1,positive,34,22103,ENSG00000139734,DIAPH3,0.032630068376357645
1,1,positive,35,13535,ENSG00000101945,SUV39H1,0.03246228923310859
1,1,positive,36,965,ENSG00000123473,STIL,0.032375815811354104
1,1,positive,37,9952,ENSG00000040275,SPDL1,0.03237037371781848
1,1,positive,38,5950,ENSG00000164087,POC1A,0.032366896473992275
1,1,positive,39,24742,ENSG00000127564,PKMYT1,0.03233122124896022
1,1,positive,40,29045,ENSG00000101057,MYBL2,0.03216684085720045
1,1,positive,41,30036,ENSG00000127528,KLF2,0.03179207154237011
1,1,positive,42,13223,ENSG00000146918,NCAPG2,0.031776245103393067
1,1,positive,43,29018,ENSG00000101447,FAM83D,0.03177132825899199
1,1,positive,44,1192,ENSG00000024526,DEPDC1,0.03171656170075308
1,1,positive,45,10587,ENSG00000137310,TCF19,0.03143322765048177
1,1,positive,46,19182,ENSG00000175592,FOSL1,0.03140890140846273
1,1,positive,47,5822,ENSG00000164045,CDC25A,0.03134091575720688
1,1,positive,48,21187,ENSG00000139318,DUSP6,0.031161888283560066
1,1,positive,49,4303,ENSG00000144136,SLC20A1,0.03112540095350472
1,1,positive,50,21805,ENSG00000165480,SKA3,0.031098368713665687
1,2,negative,1,15141,ENSG00000197275,RAD54B,-0.030936388537582186
1,2,negative,2,26474,ENSG00000179598,PLD6,-0.029375253417286345
1,2,negative,3,30459,ENSG00000233527,AC092295.7,-0.029269768940878287
1,2,negative,4,26014,ENSG00000178773,CPNE7,-0.028788391340589938
1,2,negative,5,15407,ENSG00000246228,CASC8,-0.028391082800932804
1,2,negative,6,2798,ENSG00000123685,BATF3,-0.027216863530982065
1,2,negative,7,19234,ENSG00000173599,PC,-0.02674059533346392
1,2,negative,8,25703,ENSG00000132613,MTSS1L,-0.02671962031160003
1,2,negative,9,19781,ENSG00000186318,BACE1,-0.026607998878491995
1,2,negative,10,31349,ENSG00000105136,ZNF419,-0.026512561794956074
1,2,negative,11,1830,ENSG00000159208,C1orf51,-0.026326041991778674
1,2,negative,12,12898,ENSG00000128578,STRIP2,-0.025975609061295774
1,2,negative,13,29528,ENSG00000175691,ZNF77,-0.025881846426928354
1,2,negative,14,19146,ENSG00000149798,CDC42EP2,-0.025843522432386377
1,2,negative,15,26024,ENSG00000187741,FANCA,-0.02530502251960514
1,2,negative,16,2656,ENSG00000188783,PRELP,-0.025281703452133607
1,2,negative,17,6476,ENSG00000271270,TMCC1-AS1,-0.025194357466820475
1,2,negative,18,30663,ENSG00000028277,POU2F2,-0.025190206185535267
1,2,negative,19,20506,ENSG00000151746,BICD1,-0.024830247165665936
1,2,negative,20,26625,ENSG00000109084,TMEM97,-0.02467018505811067
1,2,negative,21,22823,ENSG00000198554,WDHD1,-0.02460668693273791
1,2,negative,22,1335,ENSG00000197147,LRRC8B,-0.02455482917145344
1,2,negative,23,19068,ENSG00000168005,C11orf84,-0.024480230811951196
1,2,negative,24,16826,ENSG00000197355,UAP1L1,-0.02426309118209854
1,2,negative,25,3499,ENSG00000138030,KHK,-0.024173816252573095
1,2,negative,26,17376,ENSG00000170312,CDK1,-0.02401136974579978
1,2,negative,27,19195,ENSG00000174996,KLC2,-0.024004790545153167
1,2,negative,28,15098,ENSG00000180694,TMEM64,-0.023978585988791875
1,2,negative,29,7720,ENSG00000174796,THAP6,-0.023976439823426295
1,2,negative,30,9534,ENSG00000132570,PCBD2,-0.023935846014019182
1,2,negative,31,18547,ENSG00000270607,RP11-359E10.1,-0.023832803866994847
1,2,negative,32,21408,ENSG00000122970,IFT81,-0.023808408707401488
1,2,negative,33,17057,ENSG00000241058,NSUN6,-0.023773956411415286
1,2,negative,34,26867,ENSG00000108264,TADA2A,-0.023553085806321546
1,2,negative,35,29970,ENSG00000072071,LPHN1,-0.02352284416504203
1,2,negative,36,8885,ENSG00000164283,ESM1,-0.02343150069093675
1,2,negative,37,26277,ENSG00000170175,CHRNB1,-0.023240544719446875
1,2,negative,38,6732,ENSG00000197415,VEPH1,-0.02313708962500777
1,2,negative,39,4176,ENSG00000175874,CREG2,-0.023007839884964583
1,2,negative,40,8040,ENSG00000138688,KIAA1109,-0.022986271581131628
1,2,negative,41,13134,ENSG00000055118,KCNH2,-0.022751628591978237
1,2,negative,42,21128,ENSG00000067798,NAV3,-0.022701516672748712
1,2,negative,43,27149,ENSG00000161692,DBF4B,-0.022642053516628284
1,2,negative,44,11614,ENSG00000131016,AKAP12,-0.02263535611245273
1,2,negative,45,197,ENSG00000049246,PER3,-0.022498829862887943
1,2,negative,46,17727,ENSG00000107443,CCNJ,-0.022413802160236786
1,2,negative,47,23668,ENSG00000104081,BMF,-0.022380743122887438
1,2,negative,48,20577,ENSG00000258181,RP11-493L12.4,-0.022357179829655384
1,2,negative,49,15708,ENSG00000107165,TYRP1,-0.02225799065577394
1,2,negative,50,5390,ENSG00000168395,ING5,-0.022137680411052765
1,2,positive,1,1328,ENSG00000117228,GBP1,0.036262882779475446
1,2,positive,2,29735,ENSG00000167772,ANGPTL4,0.035283874673721315
1,2,positive,3,9821,ENSG00000086570,FAT2,0.03381621855686871
1,2,positive,4,17325,ENSG00000138294,MSMB,0.032317083967187646
1,2,positive,5,18704,ENSG00000187479,C11orf96,0.03209796864465714
1,2,positive,6,22306,ENSG00000102524,TNFSF13B,0.031986737267925294
1,2,positive,7,15509,ENSG00000167656,LY6D,0.03158841982430257
1,2,positive,8,10293,ENSG00000111859,NEDD9,0.03025317319281559
1,2,positive,9,31913,ENSG00000198125,MB,0.030179357183370635
1,2,positive,10,32098,ENSG00000128274,A4GALT,0.02987907272587506
1,2,positive,11,4477,ENSG00000152128,TMEM163,0.029868435010680455
1,2,positive,12,30850,ENSG00000130751,NPAS1,0.029821612885482556
1,2,positive,13,904,ENSG00000126106,TMEM53,0.029367241944376673
1,2,positive,14,5836,ENSG00000145040,UCN2,0.028882140325321607
1,2,positive,15,4049,ENSG00000115525,ST3GAL5,0.028871600129021426
1,2,positive,16,15060,ENSG00000185015,CA13,0.02830473210253605
1,2,positive,17,24195,ENSG00000173548,SNX33,0.028210063924075438
1,2,positive,18,6402,ENSG00000173706,HEG1,0.028135785594289257
1,2,positive,19,51,ENSG00000186891,TNFRSF18,0.02812615582758028
1,2,positive,20,29191,ENSG00000101096,NFATC2,0.028110345623500496
1,2,positive,21,10428,ENSG00000198518,HIST1H4E,0.027721595114653164
1,2,positive,22,1492,ENSG00000116299,KIAA1324,0.02761138709906556
1,2,positive,23,24153,ENSG00000259264,RP11-60L3.1,0.02751674849007706
1,2,positive,24,22466,ENSG00000165804,ZNF219,0.027233960245443833
1,2,positive,25,9802,ENSG00000171992,SYNPO,0.027201675415945117
1,2,positive,26,9121,ENSG00000164300,SERINC5,0.027098258870206997
1,2,positive,27,12730,ENSG00000228742,RP5-884M6.1,0.026974892700605546
1,2,positive,28,30915,ENSG00000063180,CA11,0.026882085206528874
1,2,positive,29,4303,ENSG00000144136,SLC20A1,0.02684776409130196
1,2,positive,30,26263,ENSG00000213859,KCTD11,0.026504685881105366
1,2,positive,31,16648,ENSG00000233901,RP11-65J3.1,0.026369977094644725
1,2,positive,32,2761,ENSG00000117595,IRF6,0.026338389698194912
1,2,positive,33,28512,ENSG00000101493,ZNF516,0.02628021793607439
1,2,positive,34,17762,ENSG00000120057,SFRP5,0.026071993383599827
1,2,positive,35,14743,ENSG00000104368,PLAT,0.025851424966639506
1,2,positive,36,26803,ENSG00000172123,SLFN12,0.02558881064405362
1,2,positive,37,12477,ENSG00000224046,AC005076.5,0.025588546784725854
1,2,positive,38,9798,ENSG00000019582,CD74,0.025569205973631996
1,2,positive,39,18653,ENSG00000166016,ABTB2,0.025498508727814905
1,2,positive,40,8369,ENSG00000164117,FBXO8,0.02548381331867668
1,2,positive,41,26611,ENSG00000168961,LGALS9,0.025482026619844264
1,2,positive,42,28244,ENSG00000134775,FHOD3,0.025423924030729426
1,2,positive,43,5307,ENSG00000222022,AC112721.1,0.02527533678863281
1,2,positive,44,20272,ENSG00000245648,RP11-277P12.20,0.02502746952601162
1,2,positive,45,2224,ENSG00000158869,FCER1G,0.02491632890209367
1,2,positive,46,29944,ENSG00000141837,CACNA1A,0.024824649771002807
1,2,positive,47,13781,ENSG00000165288,BRWD3,0.024698903064983603
1,2,positive,48,6841,ENSG00000121858,TNFSF10,0.02445673044892079
1,2,positive,49,29801,ENSG00000090339,ICAM1,0.024448788810716646
1,2,positive,50,30642,ENSG00000270164,AC006129.4,0.02405318404037126
1,3,negative,1,15809,ENSG00000107201,DDX58,-0.03340780725364387
1,3,negative,2,15523,ENSG00000250571,GLI4,-0.0332604314610032
1,3,negative,3,16077,ENSG00000135048,TMEM2,-0.032940057442434945
1,3,negative,4,18964,ENSG00000110446,SLC15A3,-0.03278547284585393
1,3,negative,5,10210,ENSG00000270504,RP11-420L9.5,-0.03131944288414531
1,3,negative,6,20322,ENSG00000111276,CDKN1B,-0.03130657155260693
1,3,negative,7,14102,ENSG00000129682,FGF13,-0.03120631596253809
1,3,negative,8,21062,ENSG00000127328,RAB3IP,-0.03117324871914431
1,3,negative,9,22895,ENSG00000027075,PRKCH,-0.03031142513912236
1,3,negative,10,320,ENSG00000171729,TMEM51,-0.030294996381750445
1,3,negative,11,32543,ENSG00000157601,MX1,-0.03020794424207809
1,3,negative,12,23045,ENSG00000119723,COQ6,-0.02881292203768673
1,3,negative,13,665,ENSG00000084636,COL16A1,-0.02867756043339848
1,3,negative,14,21939,ENSG00000133104,SPG20,-0.02860197275263191
1,3,negative,15,25290,ENSG00000197302,ZNF720,-0.028586967224799316
1,3,negative,16,19507,ENSG00000255311,RP11-160H12.2,-0.028214591514213114
1,3,negative,17,19825,ENSG00000186166,CCDC84,-0.02821051583770256
1,3,negative,18,4115,ENSG00000196843,ARID5A,-0.028174619563029427
1,3,negative,19,7244,ENSG00000013288,MAN2B2,-0.028005349265979248
1,3,negative,20,19845,ENSG00000110395,CBL,-0.02794114077872334
1,3,negative,21,18248,ENSG00000254827,SLC22A18AS,-0.02788301579964496
1,3,negative,22,7828,ENSG00000138646,HERC5,-0.027689426731346795
1,3,negative,23,28115,ENSG00000141446,ESCO1,-0.027604710095122775
1,3,negative,24,15327,ENSG00000172164,SNTB1,-0.027448023047823428
1,3,negative,25,2480,ENSG00000157064,NMNAT2,-0.027445726296965317
1,3,negative,26,18144,ENSG00000185201,IFITM2,-0.02719414434861961
1,3,negative,27,28316,ENSG00000172361,CCDC11,-0.027053621973424823
1,3,negative,28,22048,ENSG00000102531,FNDC3A,-0.026953840407403912
1,3,negative,29,21980,ENSG00000023516,AKAP11,-0.026903571687366724
1,3,negative,30,12542,ENSG00000242265,PEG10,-0.02680801214924533
1,3,negative,31,16419,ENSG00000148218,ALAD,-0.02674901463725461
1,3,negative,32,5837,ENSG00000114270,COL7A1,-0.0267224638225708
1,3,negative,33,14677,ENSG00000156675,RAB11FIP1,-0.02662511851330781
1,3,negative,34,22629,ENSG00000151413,NUBPL,-0.026560118179047822
1,3,negative,35,5963,ENSG00000114854,TNNC1,-0.026477364689659312
1,3,negative,36,2798,ENSG00000123685,BATF3,-0.026463654877167907
1,3,negative,37,21499,ENSG00000135116,HRK,-0.026435170304613162
1,3,negative,38,24115,ENSG00000137817,PARP6,-0.026417275107193067
1,3,negative,39,4773,ENSG00000079150,FKBP7,-0.026356526608079127
1,3,negative,40,14284,ENSG00000185973,TMLHE,-0.026224801328957652
1,3,negative,41,12828,ENSG00000081803,CADPS2,-0.026086413755337868
1,3,negative,42,18711,ENSG00000085117,CD82,-0.026064468526369036
1,3,negative,43,27532,ENSG00000154240,CEP112,-0.026048612410314195
1,3,negative,44,19920,ENSG00000110013,SIAE,-0.026005084595438332
1,3,negative,45,17422,ENSG00000198954,KIAA1279,-0.025949317603442823
1,3,negative,46,5836,ENSG00000145040,UCN2,-0.025933461095568478
1,3,negative,47,4725,ENSG00000115966,ATF2,-0.0258074546442605
1,3,negative,48,13650,ENSG00000247746,USP51,-0.02575633511001338
1,3,negative,49,22011,ENSG00000170919,TPT1-AS1,-0.025659695140639854
1,3,negative,50,4155,ENSG00000135945,REV1,-0.025583926290054536
1,3,positive,1,7658,ENSG00000181617,FDCSP,0.0435934839516819
1,3,positive,2,19182,ENSG00000175592,FOSL1,0.029368742769357872
1,3,positive,3,14650,ENSG00000254194,RP1-273G13.3,0.027556027018563387
1,3,positive,4,26836,ENSG00000006074,CCL18,0.02725102528437069
1,3,positive,5,2763,ENSG00000143469,SYT14,0.027185984505769534
1,3,positive,6,4025,ENSG00000186854,TRABD2A,0.026843578631012287
1,3,positive,7,4299,ENSG00000125630,POLR1B,0.026793052223624533
1,3,positive,8,17434,ENSG00000171224,C10orf35,0.02656863710459524
1,3,positive,9,19345,ENSG00000254469,RP11-849H4.2,0.025485974216807886
1,3,positive,10,2849,ENSG00000116141,MARK1,0.025386699005861928
1,3,positive,11,28271,ENSG00000152229,PSTPIP2,0.025128336429066422
1,3,positive,12,22822,ENSG00000131979,GCH1,0.0249546801961116
1,3,positive,13,28352,ENSG00000206129,CTD-2008L17.2,0.024856460981112726
1,3,positive,14,521,ENSG00000261025,RP11-84D1.2,0.02475689768460166
1,3,positive,15,23678,ENSG00000259330,LINC00984,0.02410788726999526
1,3,positive,16,16847,ENSG00000198435,NRARP,0.02395053931651329
1,3,positive,17,29235,ENSG00000101144,BMP7,0.02377276874634775
1,3,positive,18,11637,ENSG00000213079,SCAF8,0.023723495761364156
1,3,positive,19,31866,ENSG00000100150,DEPDC5,0.023698259455314195
1,3,positive,20,6359,ENSG00000051341,POLQ,0.023641227186122844
1,3,positive,21,16949,ENSG00000223784,RP11-554I8.2,0.023493524718257948
1,3,positive,22,27437,ENSG00000141378,PTRH2,0.023431422496629686
1,3,positive,23,15407,ENSG00000246228,CASC8,0.023238945611307165
1,3,positive,24,22638,ENSG00000258580,RP11-320M16.2,0.023135501123148657
1,3,positive,25,30846,ENSG00000181027,FKRP,0.022915829631421
1,3,positive,26,5869,ENSG00000188315,C3orf62,0.02286773825823421
1,3,positive,27,26141,ENSG00000177602,GSG2,0.02282345271353692
1,3,positive,28,25623,ENSG00000159761,C16orf86,0.02276031354769779
1,3,positive,29,6391,ENSG00000065534,MYLK,0.022516834171475535
1,3,positive,30,24343,ENSG00000166716,ZNF592,0.022473068347779502
1,3,positive,31,6149,ENSG00000206538,VGLL3,0.022436461236241868
1,3,positive,32,18547,ENSG00000270607,RP11-359E10.1,0.022383515197072722
1,3,positive,33,30767,ENSG00000170684,ZNF296,0.022360781699786052
1,3,positive,34,26496,ENSG00000266677,RP11-258F1.1,0.022330208987608357
1,3,positive,35,3141,ENSG00000259865,RP11-488L18.10,0.0221502896604943
1,3,positive,36,5390,ENSG00000168395,ING5,0.022104315842844176
1,3,positive,37,22101,ENSG00000118946,PCDH17,0.02207260232729157
1,3,positive,38,26502,ENSG00000177302,TOP3A,0.02184163083735729
1,3,positive,39,23080,ENSG00000170345,FOS,0.02179773661895315
1,3,positive,40,21187,ENSG00000139318,DUSP6,0.021781554669398507
1,3,positive,41,5633,ENSG00000170293,CMTM8,0.02177935089495169
1,3,positive,42,27164,ENSG00000172992,DCAKD,0.02164205308684292
1,3,positive,43,29793,ENSG00000244165,P2RY11,0.021629140653287426
1,3,positive,44,19881,ENSG00000154127,UBASH3B,0.021621575964653823
1,3,positive,45,16031,ENSG00000237543,RP11-58A12.3,0.021602329355464963
1,3,positive,46,1427,ENSG00000224616,RP11-305E17.6,0.021570123093581257
1,3,positive,47,9086,ENSG00000145703,IQGAP2,0.02156742362959658
1,3,positive,48,25848,ENSG00000261609,GAN,0.021508677207137412
1,3,positive,49,10815,ENSG00000124615,MOCS1,0.021488599366573734
1,3,positive,50,15228,ENSG00000246263,KB-431C1.4,0.02148288187181231
1,4,negative,1,6198,ENSG00000168386,FILIP1L,-0.03577587721896432
1,4,negative,2,11975,ENSG00000106541,AGR2,-0.035420916322712895
1,4,negative,3,14554,ENSG00000159167,STC1,-0.03444451922490582
1,4,negative,4,30203,ENSG00000196705,ZNF431,-0.03409732812579708
1,4,negative,5,32542,ENSG00000183486,MX2,-0.03397608963079297
1,4,negative,6,27162,ENSG00000131094,C1QL1,-0.033294943775924145
1,4,negative,7,15777,ENSG00000147883,CDKN2B,-0.031929658510918286
1,4,negative,8,2208,ENSG00000158773,USF1,-0.031034120638935424
1,4,negative,9,8020,ENSG00000138735,PDE5A,-0.03014132524400064
1,4,negative,10,26774,ENSG00000108691,CCL2,-0.029618966512955345
1,4,negative,11,29231,ENSG00000087510,TFAP2C,-0.029334431069409958
1,4,negative,12,7464,ENSG00000163683,SMIM14,-0.029175417316941805
1,4,negative,13,21452,ENSG00000111335,OAS2,-0.028972570509592472
1,4,negative,14,9408,ENSG00000168944,CEP120,-0.028683172184107066
1,4,negative,15,29515,ENSG00000176533,GNG7,-0.028334503677899525
1,4,negative,16,6486,ENSG00000034533,ASTE1,-0.02809150768270569
1,4,negative,17,23400,ENSG00000185215,TNFAIP2,-0.027806811725662798
1,4,negative,18,5939,ENSG00000041880,PARP3,-0.02763723698840492
1,4,negative,19,12411,ENSG00000196275,GTF2IRD2,-0.02744336585718991
1,4,negative,20,6841,ENSG00000121858,TNFSF10,-0.02730894244335388
1,4,negative,21,7698,ENSG00000163734,CXCL3,-0.027269219240029865
1,4,negative,22,17384,ENSG00000150347,ARID5B,-0.027262256442821053
1,4,negative,23,9566,ENSG00000152377,SPOCK1,-0.027181347451069232
1,4,negative,24,10419,ENSG00000180596,HIST1H2BC,-0.027110208635489123
1,4,negative,25,7082,ENSG00000145113,MUC4,-0.026950123048636778
1,4,negative,26,5367,ENSG00000172478,C2orf54,-0.026926195327131093
1,4,negative,27,13665,ENSG00000198205,ZXDA,-0.026877447339055144
1,4,negative,28,9158,ENSG00000164176,EDIL3,-0.026781967719796827
1,4,negative,29,29051,ENSG00000223891,OSER1-AS1,-0.02655432889045804
1,4,negative,30,6922,ENSG00000114796,KLHL24,-0.02649043718684136
1,4,negative,31,14364,ENSG00000182319,SGK223,-0.026434240521119784
1,4,negative,32,12527,ENSG00000177409,SAMD9L,-0.02642771721070394
1,4,negative,33,16815,ENSG00000169583,CLIC3,-0.026326370603216666
1,4,negative,34,17248,ENSG00000107551,RASSF4,-0.02628690498220124
1,4,negative,35,23813,ENSG00000166920,C15orf48,-0.026263393800239426
1,4,negative,36,12567,ENSG00000164715,LMTK2,-0.026200137092152815
1,4,negative,37,9140,ENSG00000145687,SSBP2,-0.026197661775470386
1,4,negative,38,28621,ENSG00000215305,VPS16,-0.02601719901329219
1,4,negative,39,21985,ENSG00000133106,EPSTI1,-0.026007208557845343
1,4,negative,40,794,ENSG00000228436,RP5-864K19.4,-0.025954346871679822
1,4,negative,41,25558,ENSG00000166548,TK2,-0.025947953852093076
1,4,negative,42,359,ENSG00000132881,RSG1,-0.02591094600705071
1,4,negative,43,24002,ENSG00000035664,DAPK2,-0.025895499027902242
1,4,negative,44,23440,ENSG00000185100,ADSSL1,-0.0257990593591382
1,4,negative,45,5013,ENSG00000138413,IDH1,-0.025733091950515093
1,4,negative,46,29070,ENSG00000124249,KCNK15,-0.025656581015343297
1,4,negative,47,20352,ENSG00000139055,ERP27,-0.025620246898307573
1,4,negative,48,19790,ENSG00000137726,FXYD6,-0.025607689500161363
1,4,negative,49,17345,ENSG00000107984,DKK1,-0.025501361775486644
1,4,negative,50,25210,ENSG00000180096,SEPT1,-0.02538165053703232
1,4,positive,1,6191,ENSG00000240476,LINC00973,0.04241663314746417
1,4,positive,2,19182,ENSG00000175592,FOSL1,0.0354723079711279
1,4,positive,3,31156,ENSG00000203326,ZNF525,0.0296232094808193
1,4,positive,4,13636,ENSG00000130119,GNL3L,0.027767110279747396
1,4,positive,5,19287,ENSG00000069482,GAL,0.027514914284027428
1,4,positive,6,3443,ENSG00000205639,MFSD2B,0.026748487524209524
1,4,positive,7,17488,ENSG00000236756,DNAJC9-AS1,0.026424329212672407
1,4,positive,8,29735,ENSG00000167772,ANGPTL4,0.025201358957905606
1,4,positive,9,12953,ENSG00000146856,AGBL3,0.024957424700619884
1,4,positive,10,22149,ENSG00000136111,TBC1D4,0.02424069702402216
1,4,positive,11,13481,ENSG00000229563,RP11-245M24.1,0.02402957822782109
1,4,positive,12,9017,ENSG00000172062,SMN1,0.023976980329860186
1,4,positive,13,31241,ENSG00000180089,TMEM86B,0.023826456227547237
1,4,positive,14,5192,ENSG00000169047,IRS1,0.022986760860157322
1,4,positive,15,7966,ENSG00000170522,ELOVL6,0.02298378006624636
1,4,positive,16,22430,ENSG00000198805,PNP,0.022950764122733152
1,4,positive,17,16855,ENSG00000165724,ZMYND19,0.022904571458730535
1,4,positive,18,28337,ENSG00000166845,C18orf54,0.02272675451477156
1,4,positive,19,5822,ENSG00000164045,CDC25A,0.02251341463173913
1,4,positive,20,32534,ENSG00000183036,PCP4,0.022432657627776107
1,4,positive,21,2104,ENSG00000027869,SH2D2A,0.02241763116203378
1,4,positive,22,6733,ENSG00000163661,PTX3,0.022159180414529023
1,4,positive,23,12644,ENSG00000106327,TFR2,0.022057000284877212
1,4,positive,24,5984,ENSG00000163932,PRKCD,0.021629270586069328
1,4,positive,25,27664,ENSG00000125454,SLC25A19,0.021606692803560583
1,4,positive,26,7705,ENSG00000109321,AREG,0.02128730356464663
1,4,positive,27,578,ENSG00000158246,FAM46B,0.02111257589901334
1,4,positive,28,18896,ENSG00000110031,LPXN,0.02088265307467158
1,4,positive,29,2757,ENSG00000123689,G0S2,0.02082638643524258
1,4,positive,30,1050,ENSG00000058804,NDC1,0.020635863351800537
1,4,positive,31,19501,ENSG00000269939,RP11-727A23.11,0.020589592977573748
1,4,positive,32,17645,ENSG00000138134,STAMBPL1,0.02057630979802577
1,4,positive,33,16550,ENSG00000167081,PBX3,0.020349114921522655
1,4,positive,34,21413,ENSG00000204856,FAM216A,0.020336738800281792
1,4,positive,35,10484,ENSG00000197279,ZNF165,0.020323196795832485
1,4,positive,36,5836,ENSG00000145040,UCN2,0.020315198506635913
1,4,positive,37,12009,ENSG00000136237,RAPGEF5,0.020262487971470896
1,4,positive,38,3812,ENSG00000115507,OTX1,0.020255494394097327
1,4,positive,39,8675,ENSG00000145555,MYO10,0.0202122295265601
1,4,positive,40,25653,ENSG00000132600,PRMT7,0.02017926169951887
1,4,positive,41,9475,ENSG00000164400,CSF2,0.020175490740997608
1,4,positive,42,4699,ENSG00000152256,PDK1,0.01994610770892712
1,4,positive,43,16229,ENSG00000158079,PTPDC1,0.019849374391154695
1,4,positive,44,21336,ENSG00000171310,CHST11,0.01981476709397925
1,4,positive,45,20157,ENSG00000010295,IFFO1,0.01981189259074983
1,4,positive,46,27258,ENSG00000170689,HOXB9,0.019802115607724796
1,4,positive,47,5651,ENSG00000271020,RP11-10C24.1,0.01973072277684792
1,4,positive,48,15011,ENSG00000104432,IL7,0.0196725210690022
1,4,positive,49,29447,ENSG00000099625,C19orf26,0.01966037690051967
1,4,positive,50,8049,ENSG00000145375,SPATA5,0.019621538040248205
1,5,negative,1,11062,ENSG00000119900,OGFRL1,-0.035919738100029755
1,5,negative,2,4563,ENSG00000157827,FMNL2,-0.035036267744803055
1,5,negative,3,16641,ENSG00000188483,IER5L,-0.03357317421584474
1,5,negative,4,27099,ENSG00000175906,ARL4D,-0.03270817446419185
1,5,negative,5,17057,ENSG00000241058,NSUN6,-0.032502535125956945
1,5,negative,6,23080,ENSG00000170345,FOS,-0.03208162252007549
1,5,negative,7,28287,ENSG00000167220,HDHD2,-0.03125119089360336
1,5,negative,8,30206,ENSG00000196268,ZNF493,-0.031004966169929944
1,5,negative,9,9067,ENSG00000198780,FAM169A,-0.030868207002906597
1,5,negative,10,12216,ENSG00000122678,POLM,-0.030670196334039848
1,5,negative,11,8773,ENSG00000079215,SLC1A3,-0.03061785420879561
1,5,negative,12,1326,ENSG00000213516,RBMXL1,-0.030253879019672483
1,5,negative,13,21302,ENSG00000111670,GNPTAB,-0.029648620949082473
1,5,negative,14,28458,ENSG00000166479,TMX3,-0.029638321922939723
1,5,negative,15,16759,ENSG00000122133,PAEP,-0.029438292225127387
1,5,negative,16,24867,ENSG00000103274,NUBP1,-0.029310300090315853
1,5,negative,17,7790,ENSG00000173085,COQ2,-0.029280851805269802
1,5,negative,18,9454,ENSG00000245937,CTC-228N24.3,-0.02925662270796069
1,5,negative,19,5184,ENSG00000135919,SERPINE2,-0.02916079994828346
1,5,negative,20,7273,ENSG00000087008,ACOX3,-0.028704691629744913
1,5,negative,21,19183,ENSG00000175573,C11orf68,-0.02854566135722403
1,5,negative,22,15874,ENSG00000221829,FANCG,-0.02848081136028456
1,5,negative,23,8144,ENSG00000109436,TBC1D9,-0.028405933925038547
1,5,negative,24,27514,ENSG00000266402,SNORA76,-0.028274753804766642
1,5,negative,25,16268,ENSG00000136943,CTSV,-0.02814801627789388
1,5,negative,26,8065,ENSG00000164070,HSPA4L,-0.02814376032821974
1,5,negative,27,15930,ENSG00000147912,FBXO10,-0.027915558802038533
1,5,negative,28,8528,ENSG00000145506,NKD2,-0.02778200392172732
1,5,negative,29,23049,ENSG00000205659,LIN52,-0.027751381406610577
1,5,negative,30,18449,ENSG00000247271,ZBED5-AS1,-0.02773855707408672
1,5,negative,31,23850,ENSG00000166200,COPS2,-0.027477158053691917
1,5,negative,32,2123,ENSG00000183853,KIRREL,-0.02747040722913789
1,5,negative,33,30203,ENSG00000196705,ZNF431,-0.027166972178120644
1,5,negative,34,6880,ENSG00000269728,RP11-145M9.4,-0.026733170796200585
1,5,negative,35,31822,ENSG00000099992,TBC1D10A,-0.026710684186472988
1,5,negative,36,26150,ENSG00000074755,ZZEF1,-0.026561707617357794
1,5,negative,37,18448,ENSG00000236287,ZBED5,-0.026529930831676617
1,5,negative,38,30213,ENSG00000197020,ZNF100,-0.026478909632397515
1,5,negative,39,27926,ENSG00000176912,C18orf56,-0.026335592200742778
1,5,negative,40,19576,ENSG00000168876,ANKRD49,-0.02629289373831753
1,5,negative,41,15130,ENSG00000183808,RBM12B,-0.026160381126466098
1,5,negative,42,14696,ENSG00000077782,FGFR1,-0.026155071386339355
1,5,negative,43,7713,ENSG00000260265,RP11-44F21.5,-0.026012040792479468
1,5,negative,44,1966,ENSG00000196754,S100A2,-0.025956573391892685
1,5,negative,45,30404,ENSG00000105672,ETV2,-0.025893392012169458
1,5,negative,46,2081,ENSG00000125462,C1orf61,-0.02579849461008225
1,5,negative,47,32592,ENSG00000160207,HSF2BP,-0.025717065191847636
1,5,negative,48,8512,ENSG00000188242,CTD-2228K2.5,-0.02564661272048315
1,5,negative,49,21432,ENSG00000111271,ACAD10,-0.025590229745111846
1,5,negative,50,6115,ENSG00000172986,GXYLT2,-0.025560742495502383
1,5,positive,1,9751,ENSG00000164266,SPINK1,0.04032614338701573
1,5,positive,2,26774,ENSG00000108691,CCL2,0.032857133079032125
1,5,positive,3,8947,ENSG00000130449,ZSWIM6,0.03202587715526819
1,5,positive,4,15644,ENSG00000147852,VLDLR,0.03169597783160185
1,5,positive,5,17427,ENSG00000156510,HKDC1,0.030483317377249998
1,5,positive,6,20821,ENSG00000135447,PPP1R1A,0.02821766034826441
1,5,positive,7,23044,ENSG00000156050,FAM161B,0.027403389981119422
1,5,positive,8,29399,ENSG00000129946,SHC2,0.026819808262880968
1,5,positive,9,2085,ENSG00000183856,IQGAP3,0.026331398205434058
1,5,positive,10,2208,ENSG00000158773,USF1,0.026299191799542793
1,5,positive,11,9494,ENSG00000164402,SEPT8,0.02625251086780346
1,5,positive,12,17870,ENSG00000148835,TAF5,0.02620328803449399
1,5,positive,13,20193,ENSG00000182326,C1S,0.025955723831578927
1,5,positive,14,21567,ENSG00000135114,OASL,0.02588882416336093
1,5,positive,15,3406,ENSG00000132031,MATN3,0.025856153502750293
1,5,positive,16,10540,ENSG00000204616,TRIM31,0.025798521704378616
1,5,positive,17,23802,ENSG00000140274,DUOXA2,0.02573541801042014
1,5,positive,18,8434,ENSG00000151726,ACSL1,0.025674083131211233
1,5,positive,19,9240,ENSG00000249746,RP11-254I22.3,0.025553346286742967
1,5,positive,20,1821,ENSG00000014914,MTMR11,0.025360897377303158
1,5,positive,21,6919,ENSG00000176597,B3GNT5,0.02522216318255885
1,5,positive,22,24177,ENSG00000198794,SCAMP5,0.025159188315470454
1,5,positive,23,31206,ENSG00000182909,LENG9,0.02505078448985535
1,5,positive,24,12525,ENSG00000237819,AC002454.1,0.024717891966200178
1,5,positive,25,27956,ENSG00000272688,RP13-270P17.3,0.02453926402073696
1,5,positive,26,4687,ENSG00000228389,AC068039.4,0.024496063198298158
1,5,positive,27,6917,ENSG00000078081,LAMP3,0.02441254200580769
1,5,positive,28,8748,ENSG00000082196,C1QTNF3,0.024171216643960897
1,5,positive,29,19279,ENSG00000255031,RP11-802E16.3,0.024159172554021988
1,5,positive,30,28921,ENSG00000131061,ZNF341,0.023996421360214213
1,5,positive,31,28228,ENSG00000186814,ZSCAN30,0.023821830297329538
1,5,positive,32,7893,ENSG00000145358,DDIT4L,0.02376358824963895
1,5,positive,33,6528,ENSG00000168917,SLC35G2,0.023760626864082666
1,5,positive,34,21236,ENSG00000136040,PLXNC1,0.02371530097839419
1,5,positive,35,17692,ENSG00000095596,CYP26A1,0.02363289095109561
1,5,positive,36,12392,ENSG00000106089,STX1A,0.02361625700283258
1,5,positive,37,25093,ENSG00000155592,ZKSCAN2,0.02357077307007757
1,5,positive,38,17466,ENSG00000122863,CHST3,0.023424390328093538
1,5,positive,39,31006,ENSG00000142528,ZNF473,0.023349355619649813
1,5,positive,40,8257,ENSG00000171560,FGA,0.023312317285466184
1,5,positive,41,15087,ENSG00000156103,MMP16,0.0232563127815273
1,5,positive,42,29497,ENSG00000099840,IZUMO4,0.02324396964933373
1,5,positive,43,5423,ENSG00000271870,RP11-97C16.1,0.02321033831756885
1,5,positive,44,20990,ENSG00000174206,C12orf66,0.023006609476372588
1,5,positive,45,10721,ENSG00000213588,ZBTB9,0.02300214399574774
1,5,positive,46,31240,ENSG00000267649,CTD-2587H24.10,0.02297475448908077
1,5,positive,47,32,ENSG00000223764,RP11-54O7.3,0.02275822460644783
1,5,positive,48,21231,ENSG00000120833,SOCS2,0.02265290672181662
1,5,positive,49,12850,ENSG00000170775,GPR37,0.022489413602076288
1,5,positive,50,18523,ENSG00000173432,SAA1,0.02230262155770735
1,6,negative,1,2204,ENSG00000158764,ITLN2,-0.03565759292948788
1,6,negative,2,24757,ENSG00000008517,IL32,-0.03554282729354735
1,6,negative,3,5489,ENSG00000144554,FANCD2,-0.03424790758414823
1,6,negative,4,20572,ENSG00000272369,RP11-446N19.1,-0.031349016909586726
1,6,negative,5,23694,ENSG00000051180,RAD51,-0.03030816430503006
1,6,negative,6,17119,ENSG00000120539,MASTL,-0.02954647048807916
1,6,negative,7,7128,ENSG00000145016,KIAA0226,-0.028970950584026406
1,6,negative,8,26669,ENSG00000167536,DHRS13,-0.02872413280273492
1,6,negative,9,20305,ENSG00000197870,PRB3,-0.02866680463919454
1,6,negative,10,16436,ENSG00000157693,C9orf91,-0.028429247939839874
1,6,negative,11,26500,ENSG00000177427,MIEF2,-0.028211807987304095
1,6,negative,12,32542,ENSG00000183486,MX2,-0.028189256472802945
1,6,negative,13,15848,ENSG00000164976,KIAA1161,-0.027796114081808477
1,6,negative,14,16290,ENSG00000095383,TBC1D2,-0.02775056206436826
1,6,negative,15,20493,ENSG00000245614,DDX11-AS1,-0.02771158377208464
1,6,negative,16,15041,ENSG00000133731,IMPA1,-0.027608084935402268
1,6,negative,17,24018,ENSG00000140451,PIF1,-0.027449206220060134
1,6,negative,18,2757,ENSG00000123689,G0S2,-0.0272482143858766
1,6,negative,19,16019,ENSG00000170161,RP11-262H14.4,-0.02717280206635208
1,6,negative,20,31074,ENSG00000160318,CLDND2,-0.026764922133592772
1,6,negative,21,9203,ENSG00000248323,LUCAT1,-0.026492736629987426
1,6,negative,22,4055,ENSG00000273080,RP11-301O19.1,-0.026395975759656118
1,6,negative,23,20395,ENSG00000134548,C12orf39,-0.026331463092269126
1,6,negative,24,11396,ENSG00000066651,TRMT11,-0.026168413616130738
1,6,negative,25,11177,ENSG00000146281,PM20D2,-0.02609019555250596
1,6,negative,26,4885,ENSG00000119041,GTF3C3,-0.025916332509148623
1,6,negative,27,16776,ENSG00000160360,GPSM1,-0.02591500290070001
1,6,negative,28,12036,ENSG00000105928,DFNA5,-0.025906848872263084
1,6,negative,29,4168,ENSG00000170485,NPAS2,-0.025862310717950164
1,6,negative,30,601,ENSG00000117748,RPA2,-0.025776406285407914
1,6,negative,31,6740,ENSG00000178053,MLF1,-0.02575268421186832
1,6,negative,32,27367,ENSG00000166263,STXBP4,-0.025704576104550323
1,6,negative,33,15152,ENSG00000175305,CCNE2,-0.02541624885543757
1,6,negative,34,31866,ENSG00000100150,DEPDC5,-0.025373201128606627
1,6,negative,35,27338,ENSG00000108846,ABCC3,-0.02531249123203343
1,6,negative,36,18429,ENSG00000166483,WEE1,-0.025198809425410747
1,6,negative,37,32273,ENSG00000154642,C21orf91,-0.025077997686575242
1,6,negative,38,744,ENSG00000092853,CLSPN,-0.025074707158894954
1,6,negative,39,30590,ENSG00000128000,ZNF780B,-0.02498325204434024
1,6,negative,40,24876,ENSG00000175643,RMI2,-0.024957205282759916
1,6,negative,41,28556,ENSG00000267270,AC139100.2,-0.02495160625089783
1,6,negative,42,17227,ENSG00000198298,ZNF485,-0.024861803995754665
1,6,negative,43,12431,ENSG00000146700,SRCRB4D,-0.02485225105650193
1,6,negative,44,14029,ENSG00000134594,RAB33A,-0.024828676926578884
1,6,negative,45,31921,ENSG00000128335,APOL2,-0.024525026230699656
1,6,negative,46,7055,ENSG00000214145,LINC00887,-0.024472893270054565
1,6,negative,47,30918,ENSG00000176909,MAMSTR,-0.024367800441730297
1,6,negative,48,10791,ENSG00000172738,TMEM217,-0.02432199313092003
1,6,negative,49,28729,ENSG00000125848,FLRT3,-0.02421022273076117
1,6,negative,50,15060,ENSG00000185015,CA13,-0.024192918942073743
1,6,positive,1,32534,ENSG00000183036,PCP4,0.03862582098338213
1,6,positive,2,28030,ENSG00000154856,APCDD1,0.033710951770663904
1,6,positive,3,32202,ENSG00000185386,MAPK11,0.03300904453709225
1,6,positive,4,18036,ENSG00000107902,LHPP,0.032842077884086406
1,6,positive,5,3474,ENSG00000268412,AC013449.1,0.03053193295162406
1,6,positive,6,4371,ENSG00000163083,INHBB,0.02934134215251761
1,6,positive,7,10416,ENSG00000010704,HFE,0.02924322225643858
1,6,positive,8,16850,ENSG00000188833,ENTPD8,0.02883967764728608
1,6,positive,9,31940,ENSG00000128311,TST,0.02794213867505794
1,6,positive,10,2078,ENSG00000163467,TSACC,0.027729784238985648
1,6,positive,11,12414,ENSG00000174428,GTF2IRD2B,0.027667521074619804
1,6,positive,12,6390,ENSG00000239523,MYLK-AS1,0.02662776714232069
1,6,positive,13,22952,ENSG00000171723,GPHN,0.026588215287083848
1,6,positive,14,19844,ENSG00000248712,CCDC153,0.02635975748163722
1,6,positive,15,26904,ENSG00000263874,LINC00672,0.026164332286413877
1,6,positive,16,31408,ENSG00000083812,ZNF324,0.026053239835845406
1,6,positive,17,3742,ENSG00000115239,GPR75-ASB3,0.02584622691442631
1,6,positive,18,6348,ENSG00000242622,RP11-18H7.1,0.025241140715675427
1,6,positive,19,15945,ENSG00000204860,FAM201A,0.025157385328379914
1,6,positive,20,17495,ENSG00000166348,USP54,0.025073168340527634
1,6,positive,21,4258,ENSG00000163006,CCDC138,0.02503812004724167
1,6,positive,22,24031,ENSG00000138617,PARP16,0.025024721273292475
1,6,positive,23,21944,ENSG00000120693,SMAD9,0.024936387011907524
1,6,positive,24,29813,ENSG00000065989,PDE4A,0.0249353883810043
1,6,positive,25,28628,ENSG00000185019,UBOX5,0.02482827639523159
1,6,positive,26,3643,ENSG00000231312,AC007246.3,0.024799500994798388
1,6,positive,27,24927,ENSG00000069764,PLA2G10,0.02471627264206463
1,6,positive,28,3966,ENSG00000115274,INO80B,0.02462999912950408
1,6,positive,29,17879,ENSG00000107954,NEURL1,0.024621242279006802
1,6,positive,30,29346,ENSG00000101210,EEF1A2,0.024406064891954272
1,6,positive,31,26003,ENSG00000259877,RP11-46C24.7,0.024227648221303796
1,6,positive,32,27376,ENSG00000141179,PCTP,0.024128585045765927
1,6,positive,33,12528,ENSG00000188175,HEPACAM2,0.02412627281950685
1,6,positive,34,30804,ENSG00000104936,DMPK,0.024052988039248165
1,6,positive,35,25147,ENSG00000213658,LAT,0.02395880790758618
1,6,positive,36,10199,ENSG00000272277,RP1-40E16.12,0.023939784167715965
1,6,positive,37,20145,ENSG00000111319,SCNN1A,0.02393972597334659
1,6,positive,38,31206,ENSG00000182909,LENG9,0.023874649633196496
1,6,positive,39,14461,ENSG00000003989,SLC7A2,0.023727372870058373
1,6,positive,40,12771,ENSG00000164603,C7orf60,0.023422204478058935
1,6,positive,41,8885,ENSG00000164283,ESM1,0.023380106502988055
1,6,positive,42,2045,ENSG00000225855,RUSC1-AS1,0.023365942033931716
1,6,positive,43,230,ENSG00000173614,NMNAT1,0.02332906807747581
1,6,positive,44,32162,ENSG00000075240,GRAMD4,0.02312481485444493
1,6,positive,45,27596,ENSG00000133195,SLC39A11,0.023100942588223407
1,6,positive,46,867,ENSG00000164011,ZNF691,0.02307001294389841
1,6,positive,47,15180,ENSG00000245970,KB-1208A12.3,0.022968975685917294
1,6,positive,48,16569,ENSG00000136830,FAM129B,0.02283674169799189
1,6,positive,49,7110,ENSG00000174007,CEP19,0.02256054943455262
1,6,positive,50,20066,ENSG00000171840,NINJ2,0.02250680485897662
1,7,negative,1,13037,ENSG00000204983,PRSS1,-0.030826551795836606
1,7,negative,2,26521,ENSG00000188522,FAM83G,-0.029256766136438222
1,7,negative,3,7391,ENSG00000053900,ANAPC4,-0.027625643081637608
1,7,negative,4,4469,ENSG00000150551,LYPD1,-0.02734664326882765
1,7,negative,5,1743,ENSG00000186275,NBPF12,-0.02655753062666674
1,7,negative,6,19877,ENSG00000137642,SORL1,-0.02642956346457895
1,7,negative,7,26022,ENSG00000261373,VPS9D1-AS1,-0.02582960743081481
1,7,negative,8,17587,ENSG00000271738,RP11-137H2.6,-0.025327759423148664
1,7,negative,9,29998,ENSG00000105137,SYDE1,-0.024933976042825785
1,7,negative,10,18866,ENSG00000149150,SLC43A1,-0.024891409308886038
1,7,negative,11,939,ENSG00000085999,RAD54L,-0.0247711902369826
1,7,negative,12,29384,ENSG00000171695,C20orf201,-0.024196647053721276
1,7,negative,13,23217,ENSG00000100784,RPS6KA5,-0.02412795109492169
1,7,negative,14,30439,ENSG00000075702,WDR62,-0.024086477412599987
1,7,negative,15,22185,ENSG00000136158,SPRY2,-0.02385668976046477
1,7,negative,16,5922,ENSG00000114737,CISH,-0.023782509036882903
1,7,negative,17,30647,ENSG00000105388,CEACAM5,-0.023739953421683196
1,7,negative,18,5061,ENSG00000260804,RP11-566E18.3,-0.0237132509384039
1,7,negative,19,6850,ENSG00000177694,NAALADL2,-0.023573323732349005
1,7,negative,20,32420,ENSG00000205930,C21orf49,-0.023453586118479745
1,7,negative,21,3985,ENSG00000272711,RP11-259N19.1,-0.023143189309781383
1,7,negative,22,23714,ENSG00000104147,OIP5,-0.02312343306952264
1,7,negative,23,27546,ENSG00000154217,PITPNC1,-0.023047035258397717
1,7,negative,24,9623,ENSG00000113070,HBEGF,-0.0230149740552768
1,7,negative,25,24018,ENSG00000140451,PIF1,-0.022928440105972874
1,7,negative,26,6406,ENSG00000144909,OSBPL11,-0.022880053308623898
1,7,negative,27,483,ENSG00000125945,ZNF436,-0.022836951169410806
1,7,negative,28,32102,ENSG00000100271,TTLL1,-0.02275289835801097
1,7,negative,29,21967,ENSG00000150907,FOXO1,-0.02248013620534117
1,7,negative,30,9921,ENSG00000072571,HMMR,-0.022468942053623726
1,7,negative,31,20906,ENSG00000198056,PRIM1,-0.02237823760958195
1,7,negative,32,30517,ENSG00000179168,GGN,-0.022365262548262467
1,7,negative,33,15106,ENSG00000155100,OTUD6B,-0.022322055542514825
1,7,negative,34,28126,ENSG00000141448,GATA6,-0.022224656954926477
1,7,negative,35,27136,ENSG00000267750,AC003102.3,-0.02216421587986561
1,7,negative,36,26955,ENSG00000131746,TNS4,-0.022129637895948743
1,7,negative,37,18910,ENSG00000110042,DTX4,-0.022041063597159325
1,7,negative,38,17815,ENSG00000273162,RP11-108L7.15,-0.022021614932977156
1,7,negative,39,4653,ENSG00000152253,SPC25,-0.021987260501882513
1,7,negative,40,11953,ENSG00000006468,ETV1,-0.02198687093974955
1,7,negative,41,16997,ENSG00000065328,MCM10,-0.02197386641516
1,7,negative,42,27946,ENSG00000080986,NDC80,-0.02196709472026023
1,7,negative,43,18453,ENSG00000110328,GALNT18,-0.021924842301712263
1,7,negative,44,21795,ENSG00000165474,GJB2,-0.021684230725864215
1,7,negative,45,10356,ENSG00000172197,MBOAT1,-0.02165332541347878
1,7,negative,46,2492,ENSG00000116667,C1orf21,-0.021620202713021543
1,7,negative,47,584,ENSG00000142733,MAP3K6,-0.021551720658298384
1,7,negative,48,31207,ENSG00000167617,CDC42EP5,-0.021505131792974364
1,7,negative,49,11506,ENSG00000135540,NHSL1,-0.021473045477000068
1,7,negative,50,1192,ENSG00000024526,DEPDC1,-0.021367260657298357
1,7,positive,1,4409,ENSG00000072163,LIMS2,0.03826626543247764
1,7,positive,2,9802,ENSG00000171992,SYNPO,0.03663903709369194
1,7,positive,3,3535,ENSG00000171174,RBKS,0.035160282238980226
1,7,positive,4,31770,ENSG00000233521,RP5-1172A22.1,0.034756221172773466
1,7,positive,5,7250,ENSG00000163993,S100P,0.034526880482917584
1,7,positive,6,18167,ENSG00000247095,MIR210HG,0.03404507908453098
1,7,positive,7,14945,ENSG00000140396,NCOA2,0.0336708220022053
1,7,positive,8,1960,ENSG00000143556,S100A7,0.03350838972058243
1,7,positive,9,11516,ENSG00000164442,CITED2,0.03342495067444061
1,7,positive,10,29214,ENSG00000019186,CYP24A1,0.03342418750238016
1,7,positive,11,14610,ENSG00000120875,DUSP4,0.03297149406214068
1,7,positive,12,13431,ENSG00000130962,PRRG1,0.032823084856769574
1,7,positive,13,3621,ENSG00000138061,CYP1B1,0.03234141516798367
1,7,positive,14,7727,ENSG00000138744,NAAA,0.031820593436122556
1,7,positive,15,26774,ENSG00000108691,CCL2,0.03059780693287744
1,7,positive,16,12435,ENSG00000243566,UPK3B,0.029327463308550555
1,7,positive,17,25580,ENSG00000166592,RRAD,0.0292370186057561
1,7,positive,18,26985,ENSG00000212724,KRTAP2-3,0.029198971451101785
1,7,positive,19,1325,ENSG00000137944,CCBL2,0.028764250505751023
1,7,positive,20,28426,ENSG00000206075,SERPINB5,0.028586655704564076
1,7,positive,21,11498,ENSG00000118503,TNFAIP3,0.028518389981642037
1,7,positive,22,316,ENSG00000116731,PRDM2,0.02848865646411062
1,7,positive,23,27196,ENSG00000214401,KANSL1-AS1,0.028473387813791804
1,7,positive,24,27200,ENSG00000185829,ARL17A,0.028094821675474516
1,7,positive,25,9248,ENSG00000247121,CTD-2260A17.2,0.028051658711993506
1,7,positive,26,3691,ENSG00000116016,EPAS1,0.028021557702737485
1,7,positive,27,16488,ENSG00000106852,LHX6,0.027842350974867192
1,7,positive,28,29736,ENSG00000269386,RAB11B-AS1,0.027746136180684423
1,7,positive,29,27051,ENSG00000167925,GHDC,0.02773664622972142
1,7,positive,30,15470,ENSG00000167632,TRAPPC9,0.027414435139507864
1,7,positive,31,4115,ENSG00000196843,ARID5A,0.027370523331279283
1,7,positive,32,18742,ENSG00000135365,PHF21A,0.027313871186295913
1,7,positive,33,15356,ENSG00000156804,FBXO32,0.02717714723757422
1,7,positive,34,6205,ENSG00000181458,TMEM45A,0.027132420902278638
1,7,positive,35,6923,ENSG00000163872,YEATS2,0.027101695871833406
1,7,positive,36,4102,ENSG00000186281,GPAT2,0.026976331164148156
1,7,positive,37,10442,ENSG00000026950,BTN3A1,0.026946160479538014
1,7,positive,38,19743,ENSG00000166741,NNMT,0.026907338632183673
1,7,positive,39,15441,ENSG00000104419,NDRG1,0.026899373200913436
1,7,positive,40,11362,ENSG00000164465,DCBLD1,0.02670785560348427
1,7,positive,41,2173,ENSG00000224259,LINC01133,0.02670646837682312
1,7,positive,42,19236,ENSG00000173237,C11orf86,0.026656796679812148
1,7,positive,43,14583,ENSG00000120899,PTK2B,0.02632474343227638
1,7,positive,44,17092,ENSG00000165312,OTUD1,0.026241630759284547
1,7,positive,45,20193,ENSG00000182326,C1S,0.026135534917087772
1,7,positive,46,1593,ENSG00000116793,PHTF1,0.02605479426082985
1,7,positive,47,21079,ENSG00000133858,ZFC3H1,0.025889656722613726
1,7,positive,48,31003,ENSG00000169136,ATF5,0.025802077657910382
1,7,positive,49,29840,ENSG00000105514,RAB3D,0.025726958645891966
1,7,positive,50,11985,ENSG00000048052,HDAC9,0.025603306164891447
1,8,negative,1,21935,ENSG00000133083,DCLK1,-0.037671560614469565
1,8,negative,2,1965,ENSG00000188015,S100A3,-0.03563013654909312
1,8,negative,3,4267,ENSG00000144063,MALL,-0.03504470391722559
1,8,negative,4,10024,ENSG00000145920,CPLX2,-0.0325550453335578
1,8,negative,5,11392,ENSG00000135547,HEY2,-0.032279602591061204
1,8,negative,6,17448,ENSG00000107719,PALD1,-0.03151432297122272
1,8,negative,7,26955,ENSG00000131746,TNS4,-0.03120576233516793
1,8,negative,8,5164,ENSG00000116106,EPHA4,-0.030760059351275452
1,8,negative,9,1328,ENSG00000117228,GBP1,-0.030754700883672517
1,8,negative,10,23451,ENSG00000185567,AHNAK2,-0.030126754633039696
1,8,negative,11,6198,ENSG00000168386,FILIP1L,-0.02984512815499442
1,8,negative,12,27026,ENSG00000186847,KRT14,-0.029676020273833707
1,8,negative,13,24983,ENSG00000170537,TMC7,-0.02931062258574064
1,8,negative,14,25635,ENSG00000261884,CTC-479C5.12,-0.02885739100396936
1,8,negative,15,10061,ENSG00000169220,RGS14,-0.028736009239286583
1,8,negative,16,2444,ENSG00000143324,XPR1,-0.028207053309906714
1,8,negative,17,12086,ENSG00000146592,CREB5,-0.028098203488428723
1,8,negative,18,18544,ENSG00000166833,NAV2,-0.02803567580627804
1,8,negative,19,27102,ENSG00000175832,ETV4,-0.02779918283231781
1,8,negative,20,27401,ENSG00000264112,RP11-159D12.2,-0.027757005442639565
1,8,negative,21,404,ENSG00000169991,IFFO2,-0.027616885799787712
1,8,negative,22,20326,ENSG00000013588,GPRC5A,-0.027359677465224257
1,8,negative,23,10554,ENSG00000204576,PRR3,-0.02686979158204342
1,8,negative,24,17249,ENSG00000165507,C10orf10,-0.02647855871887829
1,8,negative,25,3998,ENSG00000270696,RP11-342K6.1,-0.02623737042212356
1,8,negative,26,13459,ENSG00000234636,MED14-AS1,-0.02620898100637277
1,8,negative,27,23698,ENSG00000188277,C15orf62,-0.02603689843105954
1,8,negative,28,21462,ENSG00000151176,PLBD2,-0.025889577397586436
1,8,negative,29,600,ENSG00000130775,THEMIS2,-0.025866612903533762
1,8,negative,30,10493,ENSG00000235109,ZSCAN31,-0.025771851477934763
1,8,negative,31,18091,ENSG00000148814,LRRC27,-0.0256489276410592
1,8,negative,32,31132,ENSG00000198538,ZNF28,-0.025563548806087792
1,8,negative,33,2722,ENSG00000136634,IL10,-0.025400236652567416
1,8,negative,34,31758,ENSG00000260065,CTA-445C9.15,-0.025400026592170284
1,8,negative,35,29445,ENSG00000064932,SBNO2,-0.025370316656735722
1,8,negative,36,31817,ENSG00000128342,LIF,-0.025281771651290447
1,8,negative,37,23400,ENSG00000185215,TNFAIP2,-0.025225830461664493
1,8,negative,38,6278,ENSG00000091986,CCDC80,-0.025198019418944527
1,8,negative,39,17560,ENSG00000165424,ZCCHC24,-0.025176981157973403
1,8,negative,40,2485,ENSG00000143344,RGL1,-0.025012792319768388
1,8,negative,41,31540,ENSG00000100181,TPTEP1,-0.024974619616523835
1,8,negative,42,15106,ENSG00000155100,OTUD6B,-0.02495007729380945
1,8,negative,43,11371,ENSG00000111885,MAN1A1,-0.024841123153519447
1,8,negative,44,11086,ENSG00000156535,CD109,-0.024670595075894357
1,8,negative,45,7733,ENSG00000169245,CXCL10,-0.024533743052136618
1,8,negative,46,22575,ENSG00000213903,LTB4R,-0.02433796588184366
1,8,negative,47,4120,ENSG00000168763,CNNM3,-0.024287508386184976
1,8,negative,48,5098,ENSG00000273361,RP11-378A13.2,-0.02407347871411603
1,8,negative,49,20079,ENSG00000151062,CACNA2D4,-0.02405891448794835
1,8,negative,50,18788,ENSG00000149177,PTPRJ,-0.02392125091004783
1,8,positive,1,26978,ENSG00000212901,KRTAP3-1,0.04141136730277316
1,8,positive,2,21128,ENSG00000067798,NAV3,0.03542163029117009
1,8,positive,3,8078,ENSG00000151470,C4orf33,0.032604187796929876
1,8,positive,4,11284,ENSG00000155085,AK9,0.03234135763037783
1,8,positive,5,15257,ENSG00000147650,LRP12,0.032135936035996335
1,8,positive,6,27647,ENSG00000167861,HID1,0.032054498633881275
1,8,positive,7,2757,ENSG00000123689,G0S2,0.03200318427821264
1,8,positive,8,30492,ENSG00000171817,ZNF540,0.03146082717814235
1,8,positive,9,29346,ENSG00000101210,EEF1A2,0.031023828843081625
1,8,positive,10,16995,ENSG00000151468,CCDC3,0.03086611273907802
1,8,positive,11,30489,ENSG00000188227,ZNF793,0.03077501183022835
1,8,positive,12,9215,ENSG00000175745,NR2F1,0.029377407056185845
1,8,positive,13,12411,ENSG00000196275,GTF2IRD2,0.028053952590355046
1,8,positive,14,21976,ENSG00000102760,RGCC,0.027981621628025036
1,8,positive,15,8820,ENSG00000151876,FBXO4,0.027859750383666105
1,8,positive,16,5963,ENSG00000114854,TNNC1,0.027732190253864385
1,8,positive,17,10193,ENSG00000244041,LINC01011,0.02760392441550213
1,8,positive,18,5243,ENSG00000163283,ALPP,0.02759170022730545
1,8,positive,19,12763,ENSG00000128512,DOCK4,0.027436535329422942
1,8,positive,20,10147,ENSG00000250900,CTC-338M12.6,0.02742518389123948
1,8,positive,21,20324,ENSG00000178878,APOLD1,0.027404721673391665
1,8,positive,22,17330,ENSG00000099290,FAM21A,0.02732621865469912
1,8,positive,23,8773,ENSG00000079215,SLC1A3,0.027308798064163194
1,8,positive,24,23470,ENSG00000227468,AL928742.12,0.027093730934544626
1,8,positive,25,23852,ENSG00000166262,FAM227B,0.02680991991891906
1,8,positive,26,27862,ENSG00000185269,NOTUM,0.026663042603438943
1,8,positive,27,20657,ENSG00000186666,BCDIN3D,0.026282306576302948
1,8,positive,28,18459,ENSG00000050165,DKK3,0.02612238787234503
1,8,positive,29,20950,ENSG00000111012,CYP27B1,0.025948658374139795
1,8,positive,30,785,ENSG00000204084,INPP5B,0.025758164725431264
1,8,positive,31,9054,ENSG00000214944,ARHGEF28,0.02570422347369264
1,8,positive,32,20022,ENSG00000182667,NTM,0.025566826492619044
1,8,positive,33,12467,ENSG00000075213,SEMA3A,0.025545577895921143
1,8,positive,34,7259,ENSG00000245468,RP11-367J11.3,0.025513390688140992
1,8,positive,35,19272,ENSG00000251637,RP11-119D9.1,0.025452389383571594
1,8,positive,36,1793,ENSG00000203817,FAM72C,0.025448009415187028
1,8,positive,37,1687,ENSG00000231182,RP11-423O2.7,0.02541042295324411
1,8,positive,38,30955,ENSG00000063127,SLC6A16,0.025184250445652877
1,8,positive,39,14667,ENSG00000254290,RP11-150O12.3,0.025025694641472827
1,8,positive,40,1843,ENSG00000143457,GOLPH3L,0.02490227271001149
1,8,positive,41,27231,ENSG00000234494,AC003665.1,0.024845624997008403
1,8,positive,42,7348,ENSG00000263327,TAPT1-AS1,0.024835067043677543
1,8,positive,43,21797,ENSG00000165475,CRYL1,0.02476349003248693
1,8,positive,44,18248,ENSG00000254827,SLC22A18AS,0.024731430007930974
1,8,positive,45,24159,ENSG00000247240,UBL7-AS1,0.02470547859840255
1,8,positive,46,12435,ENSG00000243566,UPK3B,0.02464758014555903
1,8,positive,47,8932,ENSG00000113448,PDE4D,0.02452666729154773
1,8,positive,48,6162,ENSG00000178700,DHFRL1,0.02446272861528665
1,8,positive,49,7230,ENSG00000163132,MSX1,0.02435100451102798
1,8,positive,50,29421,ENSG00000267530,AC006273.5,0.024348309190532033
1,9,negative,1,1929,ENSG00000240386,LCE1F,-0.03934625197966441
1,9,negative,2,21795,ENSG00000165474,GJB2,-0.03652398848576217
1,9,negative,3,23595,ENSG00000166922,SCG5,-0.034996032357277385
1,9,negative,4,28432,ENSG00000197632,SERPINB2,-0.034849201340538996
1,9,negative,5,7901,ENSG00000248161,RP11-499E18.1,-0.034571528277836945
1,9,negative,6,1618,ENSG00000134259,NGF,-0.0325933333734578
1,9,negative,7,21976,ENSG00000102760,RGCC,-0.03241828169329718
1,9,negative,8,6587,ENSG00000272565,RP11-485G4.2,-0.031323419874658566
1,9,negative,9,9623,ENSG00000113070,HBEGF,-0.0310533754345713
1,9,negative,10,4185,ENSG00000115602,IL1RL1,-0.030803020172579486
1,9,negative,11,7063,ENSG00000229334,AC046143.3,-0.03080137526503059
1,9,negative,12,31636,ENSG00000099937,SERPIND1,-0.029973366353864866
1,9,negative,13,12191,ENSG00000122641,INHBA,-0.02987225218768078
1,9,negative,14,7627,ENSG00000248049,UBA6-AS1,-0.029786059713221937
1,9,negative,15,3473,ENSG00000084731,KIF3C,-0.029779954568471174
1,9,negative,16,725,ENSG00000189433,GJB4,-0.0291754944674397
1,9,negative,17,9588,ENSG00000120738,EGR1,-0.02906852534499415
1,9,negative,18,21073,ENSG00000153233,PTPRR,-0.028862242179087286
1,9,negative,19,19298,ENSG00000162341,TPCN2,-0.028699923946089872
1,9,negative,20,9751,ENSG00000164266,SPINK1,-0.02866463611397845
1,9,negative,21,21822,ENSG00000127863,TNFRSF19,-0.02841800513165598
1,9,negative,22,28142,ENSG00000053747,LAMA3,-0.028375931156443216
1,9,negative,23,18248,ENSG00000254827,SLC22A18AS,-0.028365132326529003
1,9,negative,24,10952,ENSG00000153294,GPR115,-0.028257981833459338
1,9,negative,25,10801,ENSG00000183826,BTBD9,-0.027958052793271876
1,9,negative,26,14275,ENSG00000155961,RAB39B,-0.02794214821218061
1,9,negative,27,19245,ENSG00000175505,CLCF1,-0.027800767766209773
1,9,negative,28,5779,ENSG00000144791,LIMD1,-0.027728614799329025
1,9,negative,29,9771,ENSG00000250072,CTC-529P8.1,-0.027726639844958084
1,9,negative,30,14610,ENSG00000120875,DUSP4,-0.027717813951316683
1,9,negative,31,9720,ENSG00000145819,ARHGAP26,-0.02762781605576998
1,9,negative,32,15390,ENSG00000173334,TRIB1,-0.02756217329115567
1,9,negative,33,24280,ENSG00000103888,KIAA1199,-0.02735809754310591
1,9,negative,34,5941,ENSG00000090097,PCBP4,-0.02720913360795569
1,9,negative,35,18111,ENSG00000151651,ADAM8,-0.027100744909046407
1,9,negative,36,8876,ENSG00000134363,FST,-0.026819869798001342
1,9,negative,37,7765,ENSG00000163297,ANTXR2,-0.026759494502237784
1,9,negative,38,2448,ENSG00000232586,RP11-46A10.4,-0.026469769659891423
1,9,negative,39,20950,ENSG00000111012,CYP27B1,-0.026447343649778746
1,9,negative,40,4971,ENSG00000118257,NRP2,-0.026337624683236308
1,9,negative,41,19778,ENSG00000149591,TAGLN,-0.02615758747218602
1,9,negative,42,32019,ENSG00000100311,PDGFB,-0.026134099712110937
1,9,negative,43,26049,ENSG00000183688,FAM101B,-0.02610552654677457
1,9,negative,44,10569,ENSG00000137331,IER3,-0.02604939521078486
1,9,negative,45,31172,ENSG00000142408,CACNG8,-0.025989157599035077
1,9,negative,46,7705,ENSG00000109321,AREG,-0.02546655032767456
1,9,negative,47,10671,ENSG00000213654,GPSM3,-0.025237954744187576
1,9,negative,48,5590,ENSG00000182247,UBE2E2,-0.025167634537799473
1,9,negative,49,17568,ENSG00000244733,RP11-506M13.3,-0.02508108388946008
1,9,negative,50,23582,ENSG00000169926,KLF13,-0.02503325280850756
1,9,positive,1,27020,ENSG00000171401,KRT13,0.039399181069634644
1,9,positive,2,30245,ENSG00000197372,ZNF675,0.03837124102178072
1,9,positive,3,21567,ENSG00000135114,OASL,0.03753852034411912
1,9,positive,4,17287,ENSG00000165388,ZNF488,0.03659550770727496
1,9,positive,5,13846,ENSG00000158164,TMSB15A,0.03630156531568442
1,9,positive,6,4690,ENSG00000172878,METAP1D,0.03272914204420178
1,9,positive,7,26558,ENSG00000108602,ALDH3A1,0.03242349351894594
1,9,positive,8,7184,ENSG00000068078,FGFR3,0.031692205523342384
1,9,positive,9,29776,ENSG00000224689,ZNF812,0.031177568643853803
1,9,positive,10,22556,ENSG00000100918,REC8,0.02995922683027119
1,9,positive,11,3488,ENSG00000115163,CENPA,0.029749376945962757
1,9,positive,12,30545,ENSG00000104835,SARS2,0.02941984841656127
1,9,positive,13,10695,ENSG00000204257,HLA-DMA,0.028697625211399905
1,9,positive,14,21387,ENSG00000256262,USP30-AS1,0.028565610099554425
1,9,positive,15,2814,ENSG00000117724,CENPF,0.028415413766946375
1,9,positive,16,2085,ENSG00000183856,IQGAP3,0.028350795648120177
1,9,positive,17,9921,ENSG00000072571,HMMR,0.027826051628160105
1,9,positive,18,15689,ENSG00000215066,C9orf38,0.02782221934483792
1,9,positive,19,23068,ENSG00000198208,RPS6KL1,0.02754840360889886
1,9,positive,20,4554,ENSG00000184898,RBM43,0.027465694694107878
1,9,positive,21,29753,ENSG00000181143,MUC16,0.02723333518429925
1,9,positive,22,11953,ENSG00000006468,ETV1,0.027191492211867025
1,9,positive,23,30333,ENSG00000245848,CEBPA,0.02702055698098377
1,9,positive,24,28981,ENSG00000118707,TGIF2,0.026984062329321136
1,9,positive,25,17297,ENSG00000128805,ARHGAP22,0.026754280057135777
1,9,positive,26,23670,ENSG00000156970,BUB1B,0.02668770487222339
1,9,positive,27,9002,ENSG00000134057,CCNB1,0.02649885777308725
1,9,positive,28,4278,ENSG00000169679,BUB1,0.02649194387780935
1,9,positive,29,14072,ENSG00000186376,ZNF75D,0.026458246307148915
1,9,positive,30,30915,ENSG00000063180,CA11,0.026153558856604066
1,9,positive,31,6037,ENSG00000168306,ACOX2,0.026126419124844633
1,9,positive,32,17655,ENSG00000185745,IFIT1,0.025864063753463177
1,9,positive,33,23205,ENSG00000119720,NRDE2,0.025764994842385078
1,9,positive,34,9823,ENSG00000260581,CTB-113P19.4,0.02564209445865324
1,9,positive,35,5032,ENSG00000030419,IKZF2,0.025535022135450485
1,9,positive,36,23395,ENSG00000166126,AMN,0.02542561267973514
1,9,positive,37,19687,ENSG00000196167,COLCA1,0.02542075085466948
1,9,positive,38,20632,ENSG00000167550,RHEBL1,0.02525940097774346
1,9,positive,39,217,ENSG00000234546,RP3-510D11.2,0.02496472302210683
1,9,positive,40,22085,ENSG00000136108,CKAP2,0.02474703122458498
1,9,positive,41,13105,ENSG00000133619,KRBA1,0.024727290205504432
1,9,positive,42,7360,ENSG00000109805,NCAPG,0.024452556416609247
1,9,positive,43,6841,ENSG00000121858,TNFSF10,0.0244143410388902
1,9,positive,44,30154,ENSG00000181035,SLC25A42,0.024378400546693546
1,9,positive,45,3054,ENSG00000186197,EDARADD,0.0243215887409145
1,9,positive,46,26826,ENSG00000187456,RDM1,0.024178580302161082
1,9,positive,47,10677,ENSG00000204287,HLA-DRA,0.024161771794856658
1,9,positive,48,23920,ENSG00000151575,TEX9,0.024079611063749205
1,9,positive,49,23890,ENSG00000259178,CTD-2184D3.3,0.024075276995832267
1,9,positive,50,16130,ENSG00000172159,FRMD3,0.024058056503666686
1,10,negative,1,7698,ENSG00000163734,CXCL3,-0.04604315423448419
1,10,negative,2,27978,ENSG00000198081,ZBTB14,-0.03703373401695632
1,10,negative,3,14554,ENSG00000159167,STC1,-0.03501317145183816
1,10,negative,4,31391,ENSG00000182318,ZSCAN22,-0.03407468958006499
1,10,negative,5,31359,ENSG00000121417,ZNF211,-0.03388593360378775
1,10,negative,6,7691,ENSG00000169429,IL8,-0.03243564370132629
1,10,negative,7,5433,ENSG00000134107,BHLHE40,-0.0318924173474752
1,10,negative,8,22941,ENSG00000176153,GPX2,-0.02967315820734399
1,10,negative,9,26325,ENSG00000178971,CTC1,-0.029607184015073538
1,10,negative,10,28383,ENSG00000267010,RP11-108P20.1,-0.029153597131167528
1,10,negative,11,5376,ENSG00000146205,ANO7,-0.02882123968223666
1,10,negative,12,30402,ENSG00000249115,HAUS5,-0.028759512340440094
1,10,negative,13,13369,ENSG00000230797,YY2,-0.02845454546162592
1,10,negative,14,28843,ENSG00000170191,NANP,-0.028285771456835352
1,10,negative,15,28938,ENSG00000131067,GGT7,-0.027677832539675602
1,10,negative,16,967,ENSG00000225762,RP11-511I2.2,-0.027647335974409732
1,10,negative,17,23578,ENSG00000134160,TRPM1,-0.027186070523652708
1,10,negative,18,7699,ENSG00000081041,CXCL2,-0.027117826806223065
1,10,negative,19,7272,ENSG00000251615,RP11-774O3.3,-0.02709393998875683
1,10,negative,20,10938,ENSG00000153291,SLC25A27,-0.027048147690469718
1,10,negative,21,25596,ENSG00000102890,ELMO3,-0.027046166886585142
1,10,negative,22,11281,ENSG00000135596,MICAL1,-0.026773271895559753
1,10,negative,23,23992,ENSG00000166128,RAB8B,-0.026613783414501133
1,10,negative,24,5425,ENSG00000144455,SUMF1,-0.02657939995750239
1,10,negative,25,12663,ENSG00000106366,SERPINE1,-0.02638026535686769
1,10,negative,26,8045,ENSG00000181004,BBS12,-0.026290098403158445
1,10,negative,27,4448,ENSG00000136002,ARHGEF4,-0.02628803882924085
1,10,negative,28,26186,ENSG00000108515,ENO3,-0.02610450534964322
1,10,negative,29,24648,ENSG00000187535,IFT140,-0.026059817288023365
1,10,negative,30,17162,ENSG00000216937,CCDC7,-0.02602195325811694
1,10,negative,31,8528,ENSG00000145506,NKD2,-0.025692376665226214
1,10,negative,32,18055,ENSG00000203780,FANK1,-0.025649313076517327
1,10,negative,33,21187,ENSG00000139318,DUSP6,-0.025642278093985185
1,10,negative,34,24157,ENSG00000138623,SEMA7A,-0.02557422251376541
1,10,negative,35,25597,ENSG00000125122,LRRC29,-0.025384440779489693
1,10,negative,36,21335,ENSG00000255150,EID3,-0.025253461596969246
1,10,negative,37,5164,ENSG00000116106,EPHA4,-0.02487608976382471
1,10,negative,38,21245,ENSG00000180263,FGD6,-0.024793575605062887
1,10,negative,39,4049,ENSG00000115525,ST3GAL5,-0.02474157043431729
1,10,negative,40,10356,ENSG00000172197,MBOAT1,-0.02464805978314801
1,10,negative,41,18167,ENSG00000247095,MIR210HG,-0.024635536106670256
1,10,negative,42,22787,ENSG00000139926,FRMD6,-0.024574010835627557
1,10,negative,43,30366,ENSG00000180884,ZNF792,-0.024197572171515486
1,10,negative,44,584,ENSG00000142733,MAP3K6,-0.024095903651637874
1,10,negative,45,11458,ENSG00000118515,SGK1,-0.024071235841213734
1,10,negative,46,28921,ENSG00000131061,ZNF341,-0.024049256947355206
1,10,negative,47,26316,ENSG00000179094,PER1,-0.024029866977755058
1,10,negative,48,2173,ENSG00000224259,LINC01133,-0.02402360407441546
1,10,negative,49,13184,ENSG00000273117,AC144652.1,-0.023975383695064918
1,10,negative,50,7250,ENSG00000163993,S100P,-0.02394787966995812
1,10,positive,1,1941,ENSG00000163209,SPRR3,0.05018915083035986
1,10,positive,2,18002,ENSG00000066468,FGFR2,0.033098948084883756
1,10,positive,3,31408,ENSG00000083812,ZNF324,0.03303512695292529
1,10,positive,4,17849,ENSG00000120055,C10orf95,0.03283573058330636
1,10,positive,5,14050,ENSG00000076716,GPC4,0.03184538502601876
1,10,positive,6,1942,ENSG00000169469,SPRR1B,0.03145643266384574
1,10,positive,7,7705,ENSG00000109321,AREG,0.031170132329844495
1,10,positive,8,31270,ENSG00000179943,FIZ1,0.031048171173479133
1,10,positive,9,869,ENSG00000227533,SLC2A1-AS1,0.03056775639515967
1,10,positive,10,20715,ENSG00000170442,KRT86,0.030562103339736663
1,10,positive,11,7823,ENSG00000118762,PKD2,0.03020419370628874
1,10,positive,12,3574,ENSG00000021574,SPAST,0.02988430378381972
1,10,positive,13,26394,ENSG00000154957,ZNF18,0.029621029913825796
1,10,positive,14,24228,ENSG00000167202,TBC1D2B,0.028756912290681034
1,10,positive,15,20706,ENSG00000123358,NR4A1,0.028664473594364425
1,10,positive,16,9216,ENSG00000113391,FAM172A,0.028651089714601747
1,10,positive,17,15794,ENSG00000096872,IFT74,0.02830663102598599
1,10,positive,18,27196,ENSG00000214401,KANSL1-AS1,0.028283816262626455
1,10,positive,19,22985,ENSG00000100647,KIAA0247,0.027938810810140036
1,10,positive,20,4899,ENSG00000247626,MARS2,0.027815151480676523
1,10,positive,21,20017,ENSG00000120451,SNX19,0.027803632429523276
1,10,positive,22,11669,ENSG00000203711,C6orf99,0.02755521477989086
1,10,positive,23,11149,ENSG00000135318,NT5E,0.027484182482104897
1,10,positive,24,17879,ENSG00000107954,NEURL1,0.02741456943108344
1,10,positive,25,26004,ENSG00000170100,ZNF778,0.02737226288644284
1,10,positive,26,2871,ENSG00000154305,MIA3,0.027371777745703547
1,10,positive,27,17805,ENSG00000272572,RP11-179B2.2,0.027310638490545183
1,10,positive,28,20553,ENSG00000257742,RP11-350F4.2,0.027262064249712652
1,10,positive,29,15147,ENSG00000261437,RP11-22C11.2,0.02725515902193232
1,10,positive,30,21116,ENSG00000179941,BBS10,0.026717889238623487
1,10,positive,31,26888,ENSG00000261005,CTB-58E17.1,0.0266926567563584
1,10,positive,32,15130,ENSG00000183808,RBM12B,0.026625999160808544
1,10,positive,33,21361,ENSG00000008405,CRY1,0.026333440429031713
1,10,positive,34,4532,ENSG00000121989,ACVR2A,0.026191776583928846
1,10,positive,35,29346,ENSG00000101210,EEF1A2,0.026106905595930537
1,10,positive,36,19894,ENSG00000166261,ZNF202,0.025999530110077412
1,10,positive,37,27332,ENSG00000049283,EPN3,0.02596715465134093
1,10,positive,38,16912,ENSG00000187134,AKR1C1,0.02593063770599437
1,10,positive,39,20237,ENSG00000139187,KLRG1,0.025910499360562087
1,10,positive,40,15254,ENSG00000176406,RIMS2,0.02583778036186779
1,10,positive,41,16233,ENSG00000175787,ZNF169,0.025755223801750562
1,10,positive,42,8658,ENSG00000261360,CTD-2165H16.4,0.025745984483201867
1,10,positive,43,27790,ENSG00000181523,SGSH,0.025666792648727867
1,10,positive,44,15408,ENSG00000253929,RP11-382A18.2,0.025393636809576847
1,10,positive,45,29827,ENSG00000214212,C19orf38,0.02528135360277728
1,10,positive,46,6169,ENSG00000080200,CRYBG3,0.02522263929914417
1,10,positive,47,3952,ENSG00000187605,TET3,0.02521232046558983
1,10,positive,48,411,ENSG00000040487,PQLC2,0.025117346153947583
1,10,positive,49,611,ENSG00000270605,RP5-1092A3.4,0.02489866951150003
1,10,positive,50,26043,ENSG00000181031,RPH3AL,0.024854431525510527
1,11,negative,1,25450,ENSG00000198848,CES1,-0.03709113388272434
1,11,negative,2,11636,ENSG00000153721,CNKSR3,-0.0352332699117544
1,11,negative,3,32221,ENSG00000217442,SYCE3,-0.03403215956614137
1,11,negative,4,4874,ENSG00000224099,AC064834.1,-0.03223303398821652
1,11,negative,5,28750,ENSG00000125846,ZNF133,-0.03040985412205125
1,11,negative,6,7802,ENSG00000138639,ARHGAP24,-0.030248599037247276
1,11,negative,7,2441,ENSG00000230124,RP5-1180C10.2,-0.028934423303558277
1,11,negative,8,12507,ENSG00000157240,FZD1,-0.02840506971545521
1,11,negative,9,30710,ENSG00000105767,CADM4,-0.028275222167433448
1,11,negative,10,16480,ENSG00000148175,STOM,-0.027728671891008853
1,11,negative,11,8182,ENSG00000151611,MMAA,-0.02752181765554259
1,11,negative,12,22376,ENSG00000185989,RASA3,-0.02710510274501383
1,11,negative,13,30561,ENSG00000130755,GMFG,-0.02693870955324099
1,11,negative,14,13018,ENSG00000006530,AGK,-0.026661474872354447
1,11,negative,15,2440,ENSG00000121454,LHX4,-0.02640358731646578
1,11,negative,16,11594,ENSG00000231760,RP11-350J20.5,-0.026393646557507262
1,11,negative,17,18038,ENSG00000189319,FAM53B,-0.0262665156332271
1,11,negative,18,12726,ENSG00000105835,NAMPT,-0.02620874214343845
1,11,negative,19,19049,ENSG00000168539,CHRM1,-0.025981690732728175
1,11,negative,20,11910,ENSG00000236609,ZNF853,-0.025518357601490627
1,11,negative,21,1500,ENSG00000162650,ATXN7L2,-0.025409029143764517
1,11,negative,22,10815,ENSG00000124615,MOCS1,-0.025358339553847403
1,11,negative,23,17850,ENSG00000138111,TMEM180,-0.02520655651015738
1,11,negative,24,8068,ENSG00000164073,MFSD8,-0.02503759201215603
1,11,negative,25,19421,ENSG00000149243,KLHL35,-0.02495891777547413
1,11,negative,26,19347,ENSG00000137496,IL18BP,-0.02483064412315458
1,11,negative,27,23590,ENSG00000261064,RP11-1000B6.3,-0.024772476069310642
1,11,negative,28,11144,ENSG00000135315,KIAA1009,-0.024616095329525467
1,11,negative,29,2025,ENSG00000143590,EFNA3,-0.02461349609781827
1,11,negative,30,6820,ENSG00000268220,RP11-379K17.12,-0.024476782993297773
1,11,negative,31,6410,ENSG00000189366,ALG1L,-0.02429386344263248
1,11,negative,32,28271,ENSG00000152229,PSTPIP2,-0.02427472401075416
1,11,negative,33,17534,ENSG00000273248,RP11-399K21.13,-0.02417300522940249
1,11,negative,34,12404,ENSG00000086730,LAT2,-0.023976578640751783
1,11,negative,35,24287,ENSG00000172345,STARD5,-0.023882409359570207
1,11,negative,36,32588,ENSG00000142178,SIK1,-0.023859070256671392
1,11,negative,37,13759,ENSG00000094841,UPRT,-0.02383375647658503
1,11,negative,38,7947,ENSG00000138795,LEF1,-0.023696714579882264
1,11,negative,39,13947,ENSG00000087916,SLC6A14,-0.0236746491073136
1,11,negative,40,14474,ENSG00000156011,PSD3,-0.02356468192857297
1,11,negative,41,8139,ENSG00000196951,RP11-425I13.3,-0.023415346093426697
1,11,negative,42,9968,ENSG00000094755,GABRP,-0.02334004886307585
1,11,negative,43,5563,ENSG00000131378,RFTN1,-0.023310783824736336
1,11,negative,44,5005,ENSG00000163251,FZD5,-0.023300823382918393
1,11,negative,45,31103,ENSG00000176024,ZNF613,-0.023123220486583187
1,11,negative,46,30907,ENSG00000269814,CTC-273B12.10,-0.023112678375385713
1,11,negative,47,21426,ENSG00000198324,FAM109A,-0.02307142900571329
1,11,negative,48,27513,ENSG00000178607,ERN1,-0.022991661508477902
1,11,negative,49,9259,ENSG00000174136,RGMB,-0.022985207299421412
1,11,negative,50,27520,ENSG00000108854,SMURF2,-0.02292953537997204
1,11,positive,1,18067,ENSG00000132334,PTPRE,0.04886673363900018
1,11,positive,2,2814,ENSG00000117724,CENPF,0.035471884101032074
1,11,positive,3,18217,ENSG00000244242,IFITM10,0.035288783343989716
1,11,positive,4,17653,ENSG00000119917,IFIT3,0.034428134120418924
1,11,positive,5,26954,ENSG00000141753,IGFBP4,0.03339654488391646
1,11,positive,6,7827,ENSG00000138642,HERC6,0.03197382259191818
1,11,positive,7,16269,ENSG00000242375,RP11-498P14.3,0.030883002631889173
1,11,positive,8,8433,ENSG00000151725,CENPU,0.030819292116942662
1,11,positive,9,9715,ENSG00000187678,SPRY4,0.030597712184087543
1,11,positive,10,1155,ENSG00000116652,DLEU2L,0.03045219067377724
1,11,positive,11,24795,ENSG00000126603,GLIS2,0.030356809197176312
1,11,positive,12,12539,ENSG00000164692,COL1A2,0.030291668936934173
1,11,positive,13,19006,ENSG00000110484,SCGB2A2,0.029808009308529
1,11,positive,14,12663,ENSG00000106366,SERPINE1,0.029663178593073512
1,11,positive,15,17071,ENSG00000204682,CASC10,0.02949131978903195
1,11,positive,16,3575,ENSG00000272716,RP11-563N4.1,0.029326711409783685
1,11,positive,17,776,ENSG00000134690,CDCA8,0.02915450733558293
1,11,positive,18,20717,ENSG00000205426,KRT81,0.029082040487159167
1,11,positive,19,23994,ENSG00000074410,CA12,0.028747855485690345
1,11,positive,20,17463,ENSG00000107738,C10orf54,0.028552750240264223
1,11,positive,21,20195,ENSG00000139178,C1RL,0.0284053678862362
1,11,positive,22,12995,ENSG00000273391,RP11-634H22.1,0.028345289534116063
1,11,positive,23,15658,ENSG00000106688,SLC1A1,0.027788980195310942
1,11,positive,24,16673,ENSG00000130707,ASS1,0.027668141665380147
1,11,positive,25,29408,ENSG00000099822,HCN2,0.027648765057365056
1,11,positive,26,21917,ENSG00000139597,N4BP2L1,0.02741959381351498
1,11,positive,27,5072,ENSG00000115461,IGFBP5,0.027346109855479674
1,11,positive,28,31910,ENSG00000100297,MCM5,0.02727106355275345
1,11,positive,29,22292,ENSG00000134899,ERCC5,0.02711976275938869
1,11,positive,30,14862,ENSG00000178538,CA8,0.026885393905963853
1,11,positive,31,15352,ENSG00000259305,ZHX1-C8ORF76,0.026869303390638234
1,11,positive,32,19752,ENSG00000182985,CADM1,0.02675957259798302
1,11,positive,33,15824,ENSG00000122711,SPINK4,0.026663988178438982
1,11,positive,34,744,ENSG00000092853,CLSPN,0.026583484527421326
1,11,positive,35,14917,ENSG00000185697,MYBL1,0.02648704525763497
1,11,positive,36,27467,ENSG00000108506,INTS2,0.026323126118271277
1,11,positive,37,17006,ENSG00000239665,RP11-295P9.3,0.026216253483333795
1,11,positive,38,3278,ENSG00000134326,CMPK2,0.026210848060802868
1,11,positive,39,9948,ENSG00000184347,SLIT3,0.02617180775251339
1,11,positive,40,26322,ENSG00000178999,AURKB,0.026160505530273718
1,11,positive,41,26921,ENSG00000131771,PPP1R1B,0.025939036007243097
1,11,positive,42,7310,ENSG00000109684,CLNK,0.025800105830498226
1,11,positive,43,28990,ENSG00000080839,RBL1,0.025592301914022942
1,11,positive,44,29664,ENSG00000125726,CD70,0.02557776193121718
1,11,positive,45,887,ENSG00000066135,KDM4A,0.02555083030702969
1,11,positive,46,29986,ENSG00000160961,ZNF333,0.025533314312103494
1,11,positive,47,7733,ENSG00000169245,CXCL10,0.025401363442673623
1,11,positive,48,2782,ENSG00000143493,INTS7,0.025149284743973137
1,11,positive,49,23869,ENSG00000081014,AP4E1,0.02509795616435621
1,11,positive,50,14720,ENSG00000176907,C8orf4,0.02508271311532768
1,12,negative,1,26955,ENSG00000131746,TNS4,-0.045059300101730565
1,12,negative,2,7705,ENSG00000109321,AREG,-0.03248856413545094
1,12,negative,3,7658,ENSG00000181617,FDCSP,-0.030776828636096147
1,12,negative,4,12238,ENSG00000136274,NACAD,-0.030034593544653997
1,12,negative,5,8116,ENSG00000151012,SLC7A11,-0.0297134687294326
1,12,negative,6,10845,ENSG00000164663,USP49,-0.028132842287630248
1,12,negative,7,7734,ENSG00000169248,CXCL11,-0.02733690238929309
1,12,negative,8,29318,ENSG00000101188,NTSR1,-0.02722153936630246
1,12,negative,9,3651,ENSG00000234362,AC104654.2,-0.026013552537929297
1,12,negative,10,15960,ENSG00000196409,ZNF658,-0.025841272620482664
1,12,negative,11,30036,ENSG00000127528,KLF2,-0.02540128413478203
1,12,negative,12,12999,ENSG00000059377,TBXAS1,-0.025041724281204204
1,12,negative,13,18704,ENSG00000187479,C11orf96,-0.024959500497595325
1,12,negative,14,9549,ENSG00000145824,CXCL14,-0.02461160944855053
1,12,negative,15,5100,ENSG00000135913,USP37,-0.024531789413794088
1,12,negative,16,5608,ENSG00000163491,NEK10,-0.02435212224021784
1,12,negative,17,11354,ENSG00000196911,KPNA5,-0.02417222454310595
1,12,negative,18,36,ENSG00000187961,KLHL17,-0.024033808507871093
1,12,negative,19,30281,ENSG00000166289,PLEKHF1,-0.02372623740541583
1,12,negative,20,4123,ENSG00000168758,SEMA4C,-0.023713286194542826
1,12,negative,21,3160,ENSG00000162722,TRIM58,-0.023696156430152337
1,12,negative,22,8450,ENSG00000249679,RP11-279O9.4,-0.023633030517228152
1,12,negative,23,4520,ENSG00000169554,ZEB2,-0.023489056676795055
1,12,negative,24,25469,ENSG00000205364,MT1M,-0.02344021304928402
1,12,negative,25,27258,ENSG00000170689,HOXB9,-0.023319518782973118
1,12,negative,26,17466,ENSG00000122863,CHST3,-0.023270500190516987
1,12,negative,27,733,ENSG00000163867,ZMYM6,-0.02325673421403022
1,12,negative,28,22637,ENSG00000151320,AKAP6,-0.023254620493916967
1,12,negative,29,29854,ENSG00000130176,CNN1,-0.023244218208198515
1,12,negative,30,6263,ENSG00000144824,PHLDB2,-0.023209233755286888
1,12,negative,31,7457,ENSG00000157796,WDR19,-0.023150532181642213
1,12,negative,32,15682,ENSG00000120215,MLANA,-0.022789283489558873
1,12,negative,33,9315,ENSG00000134986,NREP,-0.022720289137110453
1,12,negative,34,29713,ENSG00000171017,LRRC8E,-0.022542179207431633
1,12,negative,35,30724,ENSG00000266921,RP11-15A1.7,-0.022482154258117372
1,12,negative,36,29680,ENSG00000130544,ZNF557,-0.02245638212666557
1,12,negative,37,11001,ENSG00000235899,RP11-345L23.1,-0.022385227319213562
1,12,negative,38,22988,ENSG00000198732,SMOC1,-0.022354981610738362
1,12,negative,39,4181,ENSG00000115590,IL1R2,-0.02219191113808773
1,12,negative,40,24794,ENSG00000090447,TFAP4,-0.022178954674903974
1,12,negative,41,28916,ENSG00000182584,ACTL10,-0.022138550990016666
1,12,negative,42,37,ENSG00000187583,PLEKHN1,-0.02211576443487601
1,12,negative,43,31770,ENSG00000233521,RP5-1172A22.1,-0.02210601876708949
1,12,negative,44,30143,ENSG00000223802,CERS1,-0.022065517573533713
1,12,negative,45,22575,ENSG00000213903,LTB4R,-0.02203344167728968
1,12,negative,46,25522,ENSG00000103034,NDRG4,-0.021953349962362315
1,12,negative,47,31376,ENSG00000152454,ZNF256,-0.021816365113592896
1,12,negative,48,15406,ENSG00000247844,CCAT1,-0.021792715208198768
1,12,negative,49,6761,ENSG00000213186,TRIM59,-0.021777422721852163
1,12,negative,50,7980,ENSG00000145365,TIFA,-0.02176788440383165
1,12,positive,1,30825,ENSG00000188293,IGFL1,0.05270704386787683
1,12,positive,2,5203,ENSG00000115009,CCL20,0.04521652636431281
1,12,positive,3,29346,ENSG00000101210,EEF1A2,0.04171040704649145
1,12,positive,4,4836,ENSG00000138449,SLC40A1,0.038952263480532434
1,12,positive,5,10416,ENSG00000010704,HFE,0.035479106655227355
1,12,positive,6,7698,ENSG00000163734,CXCL3,0.03504548230596601
1,12,positive,7,18490,ENSG00000110680,CALCA,0.034418330855384996
1,12,positive,8,24157,ENSG00000138623,SEMA7A,0.033794105883999746
1,12,positive,9,242,ENSG00000130940,CASZ1,0.03300980942771158
1,12,positive,10,12679,ENSG00000160999,SH2B2,0.03189249733949713
1,12,positive,11,29735,ENSG00000167772,ANGPTL4,0.03167614142462057
1,12,positive,12,6732,ENSG00000197415,VEPH1,0.03155334170740204
1,12,positive,13,6439,ENSG00000074416,MGLL,0.030526063455491848
1,12,positive,14,30799,ENSG00000177051,FBXO46,0.030441594296866346
1,12,positive,15,8272,ENSG00000256043,CTSO,0.029978253138975387
1,12,positive,16,1845,ENSG00000163131,CTSS,0.029903430555763385
1,12,positive,17,25853,ENSG00000260682,7SK,0.029845299383824988
1,12,positive,18,27527,ENSG00000263470,RP11-160O5.1,0.029827420343185446
1,12,positive,19,11495,ENSG00000230533,RP11-95M15.1,0.029655043115084396
1,12,positive,20,24927,ENSG00000069764,PLA2G10,0.0295628436491959
1,12,positive,21,29212,ENSG00000064787,BCAS1,0.029349170909779045
1,12,positive,22,28720,ENSG00000172296,SPTLC3,0.028914066103090063
1,12,positive,23,5836,ENSG00000145040,UCN2,0.028528508705516625
1,12,positive,24,19699,ENSG00000086848,ALG9,0.028476255450794696
1,12,positive,25,28046,ENSG00000141404,GNAL,0.028318429938186607
1,12,positive,26,12492,ENSG00000127954,STEAP4,0.027311831104951938
1,12,positive,27,18255,ENSG00000021762,OSBPL5,0.027204922228125514
1,12,positive,28,25627,ENSG00000102901,CENPT,0.027157114406806286
1,12,positive,29,962,ENSG00000162366,PDZK1IP1,0.02706678680714515
1,12,positive,30,28200,ENSG00000118276,B4GALT6,0.02694659202434195
1,12,positive,31,26939,ENSG00000108342,CSF3,0.02692206557584564
1,12,positive,32,5208,ENSG00000153823,PID1,0.026844347176634444
1,12,positive,33,23755,ENSG00000246283,CTD-2036P10.3,0.026759709983320973
1,12,positive,34,23006,ENSG00000269927,RP6-91H8.3,0.026473947240560358
1,12,positive,35,29497,ENSG00000099840,IZUMO4,0.02641849118135025
1,12,positive,36,14373,ENSG00000104626,ERI1,0.026205361037344232
1,12,positive,37,1872,ENSG00000143390,RFX5,0.02619865307544098
1,12,positive,38,20353,ENSG00000111348,ARHGDIB,0.02618638132200363
1,12,positive,39,7834,ENSG00000138640,FAM13A,0.026109687373331827
1,12,positive,40,6818,ENSG00000173890,GPR160,0.026095455339075015
1,12,positive,41,11113,ENSG00000198478,SH3BGRL2,0.026095279911906324
1,12,positive,42,5994,ENSG00000157445,CACNA2D3,0.026078074900541728
1,12,positive,43,26024,ENSG00000187741,FANCA,0.026032498866182707
1,12,positive,44,7822,ENSG00000118785,SPP1,0.02598987122367171
1,12,positive,45,23703,ENSG00000104140,RHOV,0.025789373938302957
1,12,positive,46,32146,ENSG00000188064,WNT7B,0.025579082624567977
1,12,positive,47,2730,ENSG00000180667,YOD1,0.025478987691101868
1,12,positive,48,26278,ENSG00000174282,ZBTB4,0.025478323021227416
1,12,positive,49,5112,ENSG00000115596,WNT6,0.025434027969246396
1,12,positive,50,11810,ENSG00000223855,AC147651.3,0.025277962768690678
1,13,negative,1,21690,ENSG00000249196,RP11-669N7.2,-0.04089057817358323
1,13,negative,2,8824,ENSG00000250722,SEPP1,-0.03700089604386405
1,13,negative,3,8372,ENSG00000164120,HPGD,-0.03454762978083169
1,13,negative,4,25459,ENSG00000260621,RP11-413H22.2,-0.03271975676424586
1,13,negative,5,25698,ENSG00000157353,FUK,-0.032326209967812575
1,13,negative,6,32561,ENSG00000160180,TFF3,-0.030451884977152933
1,13,negative,7,24060,ENSG00000103599,IQCH,-0.030235876954145816
1,13,negative,8,27223,ENSG00000006025,OSBPL7,-0.02995409053982495
1,13,negative,9,31407,ENSG00000249471,ZNF324B,-0.029653805881685816
1,13,negative,10,7734,ENSG00000169248,CXCL11,-0.029205619505106375
1,13,negative,11,31158,ENSG00000198346,ZNF813,-0.028588669260438057
1,13,negative,12,31824,ENSG00000187860,CCDC157,-0.028253137955083007
1,13,negative,13,9018,ENSG00000249437,NAIP,-0.028095950662948205
1,13,negative,14,5072,ENSG00000115461,IGFBP5,-0.02780199425319596
1,13,negative,15,14463,ENSG00000129422,MTUS1,-0.027628636250399487
1,13,negative,16,24839,ENSG00000183044,ABAT,-0.027251130479320453
1,13,negative,17,8827,ENSG00000251131,CTD-2035E11.3,-0.027217614708437032
1,13,negative,18,15777,ENSG00000147883,CDKN2B,-0.02721442476505027
1,13,negative,19,484,ENSG00000249087,C1orf213,-0.027120515119559784
1,13,negative,20,25633,ENSG00000159792,PSKH1,-0.026875304533954255
1,13,negative,21,8809,ENSG00000171522,PTGER4,-0.026752336400780383
1,13,negative,22,26232,ENSG00000262089,RP11-589P10.5,-0.026731901777558093
1,13,negative,23,17889,ENSG00000148841,ITPRIP,-0.026726312461777577
1,13,negative,24,13369,ENSG00000230797,YY2,-0.026381958504252016
1,13,negative,25,20071,ENSG00000002016,RAD52,-0.026038762331091682
1,13,negative,26,21644,ENSG00000269923,RP11-214K3.24,-0.025838911430163262
1,13,negative,27,21428,ENSG00000111252,SH2B3,-0.025774639570145187
1,13,negative,28,26615,ENSG00000266527,RP11-138P22.1,-0.025734862536039207
1,13,negative,29,15441,ENSG00000104419,NDRG1,-0.025720263026604663
1,13,negative,30,6732,ENSG00000197415,VEPH1,-0.025680461886082313
1,13,negative,31,10876,ENSG00000044090,CUL7,-0.025659227958608654
1,13,negative,32,13440,ENSG00000101955,SRPX,-0.025557208243590823
1,13,negative,33,25033,ENSG00000189149,CRYM-AS1,-0.025121090415941603
1,13,negative,34,17638,ENSG00000184719,RNLS,-0.025044390777800626
1,13,negative,35,32205,ENSG00000205593,DENND6B,-0.024973366266620597
1,13,negative,36,3767,ENSG00000272606,RP11-554J4.1,-0.024680229219024092
1,13,negative,37,21967,ENSG00000150907,FOXO1,-0.024647389210126814
1,13,negative,38,16685,ENSG00000246851,RP11-544A12.8,-0.02435085250925305
1,13,negative,39,611,ENSG00000270605,RP5-1092A3.4,-0.024305649921116276
1,13,negative,40,13115,ENSG00000106526,ACTR3C,-0.02430476350426741
1,13,negative,41,6005,ENSG00000187672,ERC2,-0.024250470862879694
1,13,negative,42,23668,ENSG00000104081,BMF,-0.024189310810509294
1,13,negative,43,25434,ENSG00000177508,IRX3,-0.0241330913968569
1,13,negative,44,3468,ENSG00000119772,DNMT3A,-0.024114734674258967
1,13,negative,45,22900,ENSG00000232774,RP11-47I22.3,-0.023957691947244827
1,13,negative,46,16474,ENSG00000106804,C5,-0.023888516477863213
1,13,negative,47,13584,ENSG00000234390,USP27X-AS1,-0.023881857269046937
1,13,negative,48,26158,ENSG00000183018,SPNS2,-0.023646865141559576
1,13,negative,49,6301,ENSG00000163617,KIAA1407,-0.02332387732281128
1,13,negative,50,16296,ENSG00000270412,RP11-92C4.6,-0.02328684153241758
1,13,positive,1,30123,ENSG00000130513,GDF15,0.04220210494544481
1,13,positive,2,12912,ENSG00000128510,CPA4,0.04169805167027709
1,13,positive,3,20093,ENSG00000258325,RP4-816N1.6,0.03652956923393471
1,13,positive,4,20574,ENSG00000139211,AMIGO2,0.03488655366521791
1,13,positive,5,28210,ENSG00000141441,GAREM,0.03381881639336553
1,13,positive,6,31817,ENSG00000128342,LIF,0.03349762367050096
1,13,positive,7,27761,ENSG00000055483,USP36,0.03244983572355474
1,13,positive,8,17672,ENSG00000148677,ANKRD1,0.0314817195160668
1,13,positive,9,14334,ENSG00000164825,DEFB1,0.031210814147314025
1,13,positive,10,2211,ENSG00000143217,PVRL4,0.03065604831583518
1,13,positive,11,25627,ENSG00000102901,CENPT,0.030633916815051513
1,13,positive,12,17311,ENSG00000225830,ERCC6,0.030187911085578393
1,13,positive,13,28071,ENSG00000101624,CEP76,0.029882237435951736
1,13,positive,14,31642,ENSG00000099949,LZTR1,0.02978741447854321
1,13,positive,15,31891,ENSG00000100234,TIMP3,0.029651414532076238
1,13,positive,16,1381,ENSG00000117525,F3,0.029330078999502126
1,13,positive,17,20710,ENSG00000167767,KRT80,0.02896444008249733
1,13,positive,18,19714,ENSG00000150782,IL18,0.028718342610656755
1,13,positive,19,4957,ENSG00000138380,CARF,0.028265356659986467
1,13,positive,20,23126,ENSG00000100601,ALKBH1,0.02817287242888405
1,13,positive,21,6115,ENSG00000172986,GXYLT2,0.027769210065069102
1,13,positive,22,30906,ENSG00000142235,LMTK3,0.027678650396413637
1,13,positive,23,12015,ENSG00000136244,IL6,0.027447112988591815
1,13,positive,24,31420,ENSG00000129824,RPS4Y1,0.02736936726585801
1,13,positive,25,24576,ENSG00000103126,AXIN1,0.02720198641910993
1,13,positive,26,20588,ENSG00000111424,VDR,0.02713631014291416
1,13,positive,27,17648,ENSG00000026103,FAS,0.026435124361169068
1,13,positive,28,12958,ENSG00000105875,WDR91,0.026408035632018118
1,13,positive,29,9196,ENSG00000176055,MBLAC2,0.026392000237547782
1,13,positive,30,30454,ENSG00000186017,ZNF566,0.02632525053454886
1,13,positive,31,9051,ENSG00000164331,ANKRA2,0.026152506513300925
1,13,positive,32,13046,ENSG00000159763,PIP,0.02605937474712298
1,13,positive,33,577,ENSG00000253368,TRNP1,0.025650226225017787
1,13,positive,34,9816,ENSG00000198624,CCDC69,0.025618221995994443
1,13,positive,35,30497,ENSG00000198182,ZNF607,0.02557573300043828
1,13,positive,36,13414,ENSG00000157625,TAB3,0.025482706129519434
1,13,positive,37,24676,ENSG00000183751,TBL3,0.02548239874738048
1,13,positive,38,19033,ENSG00000168000,BSCL2,0.02545387139047693
1,13,positive,39,6925,ENSG00000180834,MAP6D1,0.025446066528074344
1,13,positive,40,19971,ENSG00000150455,TIRAP,0.025436952152634265
1,13,positive,41,24840,ENSG00000184857,TMEM186,0.025355797617232792
1,13,positive,42,11176,ENSG00000154548,SRSF12,0.02508071592222681
1,13,positive,43,6843,ENSG00000144959,NCEH1,0.02486477881675427
1,13,positive,44,3727,ENSG00000170802,FOXN2,0.02470020733868011
1,13,positive,45,26022,ENSG00000261373,VPS9D1-AS1,0.024622815194066405
1,13,positive,46,31759,ENSG00000128294,TPST2,0.024405226775602053
1,13,positive,47,5745,ENSG00000160746,ANO10,0.024387975388979327
1,13,positive,48,25596,ENSG00000102890,ELMO3,0.024199880698284142
1,13,positive,49,2104,ENSG00000027869,SH2D2A,0.024160026639330173
1,13,positive,50,7909,ENSG00000164038,SLC9B2,0.02408970029979927
1,14,negative,1,23080,ENSG00000170345,FOS,-0.042714069949703254
1,14,negative,2,8478,ENSG00000179046,TRIML2,-0.03529141950538171
1,14,negative,3,21935,ENSG00000133083,DCLK1,-0.03453007143961807
1,14,negative,4,815,ENSG00000043514,TRIT1,-0.03281432010462624
1,14,negative,5,17548,ENSG00000233871,DLG5-AS1,-0.03181288179782282
1,14,negative,6,9588,ENSG00000120738,EGR1,-0.030920131929061546
1,14,negative,7,25473,ENSG00000125144,MT1G,-0.030630216485338115
1,14,negative,8,3654,ENSG00000162878,PKDCC,-0.03017542768719319
1,14,negative,9,18753,ENSG00000180423,HARBI1,-0.029964033507646353
1,14,negative,10,488,ENSG00000007968,E2F2,-0.029941274003414235
1,14,negative,11,24515,ENSG00000183060,LYSMD4,-0.02982441343900245
1,14,negative,12,23614,ENSG00000176454,LPCAT4,-0.029756304507222237
1,14,negative,13,26027,ENSG00000258839,MC1R,-0.029261874738449656
1,14,negative,14,20151,ENSG00000139190,VAMP1,-0.02881028829449588
1,14,negative,15,18203,ENSG00000255153,TOLLIP-AS1,-0.028001223454567698
1,14,negative,16,24729,ENSG00000205913,SRRM2-AS1,-0.027727087971695746
1,14,negative,17,30567,ENSG00000090924,PLEKHG2,-0.027629345703023802
1,14,negative,18,19136,ENSG00000149809,TM7SF2,-0.027478633107095612
1,14,negative,19,6952,ENSG00000182580,EPHB3,-0.02747565136262956
1,14,negative,20,29857,ENSG00000102575,ACP5,-0.027345175700781082
1,14,negative,21,21855,ENSG00000132970,WASF3,-0.02734236909448477
1,14,negative,22,31394,ENSG00000174586,ZNF497,-0.027097027574872083
1,14,negative,23,9039,ENSG00000157107,FCHO2,-0.027092503737430867
1,14,negative,24,8272,ENSG00000256043,CTSO,-0.0269860867629119
1,14,negative,25,22292,ENSG00000134899,ERCC5,-0.026906345956307334
1,14,negative,26,1970,ENSG00000160678,S100A1,-0.026875691779283426
1,14,negative,27,1151,ENSG00000187140,FOXD3,-0.026728231650105766
1,14,negative,28,20922,ENSG00000185633,NDUFA4L2,-0.026161372693003275
1,14,negative,29,10419,ENSG00000180596,HIST1H2BC,-0.025786215384342587
1,14,negative,30,29117,ENSG00000124257,NEURL2,-0.025663824356474185
1,14,negative,31,6167,ENSG00000113966,ARL6,-0.025663059987433068
1,14,negative,32,18490,ENSG00000110680,CALCA,-0.02562734647576097
1,14,negative,33,5072,ENSG00000115461,IGFBP5,-0.025597677529378644
1,14,negative,34,32195,ENSG00000273253,RP3-402G11.26,-0.02557993355610997
1,14,negative,35,10270,ENSG00000229950,TFAP2A-AS1,-0.02555915405305137
1,14,negative,36,27807,ENSG00000226137,BAIAP2-AS1,-0.02529949986975449
1,14,negative,37,26085,ENSG00000132386,SERPINF1,-0.02528206964520053
1,14,negative,38,8982,ENSG00000229666,MAST4-AS1,-0.025142864657725614
1,14,negative,39,13199,ENSG00000105982,RNF32,-0.02511737433538621
1,14,negative,40,5632,ENSG00000152642,GPD1L,-0.024819837580544877
1,14,negative,41,1891,ENSG00000182134,TDRKH,-0.024732049331942573
1,14,negative,42,11576,ENSG00000111961,SASH1,-0.024271782531181233
1,14,negative,43,21151,ENSG00000111052,LIN7A,-0.024255450635979458
1,14,negative,44,1670,ENSG00000188610,FAM72B,-0.02418355314640228
1,14,negative,45,19962,ENSG00000064309,CDON,-0.024143776273405224
1,14,negative,46,21594,ENSG00000184047,DIABLO,-0.024120036578151944
1,14,negative,47,23580,ENSG00000259448,RP11-16E12.1,-0.024056403599898
1,14,negative,48,23678,ENSG00000259330,LINC00984,-0.024014224142013364
1,14,negative,49,31351,ENSG00000152439,ZNF773,-0.023966139678800114
1,14,negative,50,1350,ENSG00000097046,CDC7,-0.023886288811366407
1,14,positive,1,17672,ENSG00000148677,ANKRD1,0.04337412114486202
1,14,positive,2,18393,ENSG00000166394,CYB5R2,0.03852033509666457
1,14,positive,3,12015,ENSG00000136244,IL6,0.037377434730059854
1,14,positive,4,1095,ENSG00000162407,PPAP2B,0.033774525575667555
1,14,positive,5,17652,ENSG00000119922,IFIT2,0.03180518862280031
1,14,positive,6,26978,ENSG00000212901,KRTAP3-1,0.0317622389990649
1,14,positive,7,20470,ENSG00000087494,PTHLH,0.031748913414774586
1,14,positive,8,19931,ENSG00000154133,ROBO4,0.03169287305857343
1,14,positive,9,31253,ENSG00000095752,IL11,0.03157788330080647
1,14,positive,10,27027,ENSG00000186832,KRT16,0.031517520908238734
1,14,positive,11,27022,ENSG00000171346,KRT15,0.03127247329830414
1,14,positive,12,22299,ENSG00000125266,EFNB2,0.030530824769165472
1,14,positive,13,24528,ENSG00000183475,ASB7,0.02979945012457583
1,14,positive,14,24288,ENSG00000259343,RP11-761I4.3,0.029608541318323755
1,14,positive,15,14640,ENSG00000157168,NRG1,0.029266814660570656
1,14,positive,16,22673,ENSG00000136327,NKX2-8,0.0291600417721369
1,14,positive,17,14374,ENSG00000173281,PPP1R3B,0.028915698394216666
1,14,positive,18,11134,ENSG00000013392,RWDD2A,0.02864665484629925
1,14,positive,19,25853,ENSG00000260682,7SK,0.028475863356202624
1,14,positive,20,1686,ENSG00000234978,RP11-423O2.5,0.028443351692572352
1,14,positive,21,8125,ENSG00000151014,CCRN4L,0.028283043646003002
1,14,positive,22,26669,ENSG00000167536,DHRS13,0.027952070694388324
1,14,positive,23,22544,ENSG00000129535,NRL,0.027747699911751158
1,14,positive,24,2550,ENSG00000162630,B3GALT2,0.027647467332855797
1,14,positive,25,3818,ENSG00000197329,PELI1,0.027152252399093402
1,14,positive,26,7426,ENSG00000047365,ARAP2,0.027149271701339857
1,14,positive,27,28863,ENSG00000088320,REM1,0.027049053662243534
1,14,positive,28,14917,ENSG00000185697,MYBL1,0.027025811796878078
1,14,positive,29,19778,ENSG00000149591,TAGLN,0.026770580308737857
1,14,positive,30,20072,ENSG00000250132,RP11-359B12.2,0.026264732603695017
1,14,positive,31,30860,ENSG00000134815,DHX34,0.026073442501862006
1,14,positive,32,30801,ENSG00000259605,AC074212.5,0.02592420384342964
1,14,positive,33,19345,ENSG00000254469,RP11-849H4.2,0.025778835568598453
1,14,positive,34,25580,ENSG00000166592,RRAD,0.025558644081146015
1,14,positive,35,1390,ENSG00000152078,TMEM56,0.025406679344504017
1,14,positive,36,32216,ENSG00000177989,ODF3B,0.02535426335339964
1,14,positive,37,27368,ENSG00000261589,CTC-462L7.1,0.025285837958869108
1,14,positive,38,19400,ENSG00000165434,PGM2L1,0.025231146633639196
1,14,positive,39,28996,ENSG00000197122,SRC,0.02521280083542298
1,14,positive,40,18167,ENSG00000247095,MIR210HG,0.025099882353561472
1,14,positive,41,7734,ENSG00000169248,CXCL11,0.02496365070002854
1,14,positive,42,10293,ENSG00000111859,NEDD9,0.024962584057032475
1,14,positive,43,30714,ENSG00000104783,KCNN4,0.02466728182369705
1,14,positive,44,18680,ENSG00000175104,TRAF6,0.02454427024809225
1,14,positive,45,10431,ENSG00000196966,HIST1H3E,0.024332496300090472
1,14,positive,46,29484,ENSG00000129911,KLF16,0.024312024095263448
1,14,positive,47,9583,ENSG00000158402,CDC25C,0.024279138636061428
1,14,positive,48,1641,ENSG00000134253,TRIM45,0.024193533551238853
1,14,positive,49,7954,ENSG00000247950,SEC24B-AS1,0.02418396431382162
1,14,positive,50,17619,ENSG00000148671,ADIRF,0.023931736858689594
1,15,negative,1,30969,ENSG00000090554,FLT3LG,-0.03674921538921506
1,15,negative,2,26461,ENSG00000197566,ZNF624,-0.035717592368925376
1,15,negative,3,24839,ENSG00000183044,ABAT,-0.03282070945819401
1,15,negative,4,30825,ENSG00000188293,IGFL1,-0.03181697013369639
1,15,negative,5,15282,ENSG00000147642,SYBU,-0.03171931659547019
1,15,negative,6,3331,ENSG00000243819,RN7SL832P,-0.031169649277572584
1,15,negative,7,11117,ENSG00000112742,TTK,-0.031106470486315034
1,15,negative,8,18711,ENSG00000085117,CD82,-0.030781594414460184
1,15,negative,9,6162,ENSG00000178700,DHFRL1,-0.030177240691144067
1,15,negative,10,7658,ENSG00000181617,FDCSP,-0.03006009140504104
1,15,negative,11,4267,ENSG00000144063,MALL,-0.029859284107863492
1,15,negative,12,13665,ENSG00000198205,ZXDA,-0.029756943469511177
1,15,negative,13,20743,ENSG00000170477,KRT4,-0.028942482863151552
1,15,negative,14,7734,ENSG00000169248,CXCL11,-0.028870293263576905
1,15,negative,15,1830,ENSG00000159208,C1orf51,-0.028772958725274436
1,15,negative,16,1853,ENSG00000143409,FAM63A,-0.028244415634437053
1,15,negative,17,10720,ENSG00000197283,SYNGAP1,-0.028000662356386607
1,15,negative,18,20620,ENSG00000272822,RP11-302B13.5,-0.027722061235709444
1,15,negative,19,25511,ENSG00000102996,MMP15,-0.027376281417250948
1,15,negative,20,30136,ENSG00000006016,CRLF1,-0.02729946782580345
1,15,negative,21,4833,ENSG00000204262,COL5A2,-0.02718664889294416
1,15,negative,22,10493,ENSG00000235109,ZSCAN31,-0.027082891253548562
1,15,negative,23,23998,ENSG00000259248,USP3-AS1,-0.026733367615816357
1,15,negative,24,29530,ENSG00000065717,TLE2,-0.026550591971978423
1,15,negative,25,14234,ENSG00000177854,TMEM187,-0.0264547308581434
1,15,negative,26,30462,ENSG00000197808,ZNF461,-0.026411587751881266
1,15,negative,27,11144,ENSG00000135315,KIAA1009,-0.02634612317578612
1,15,negative,28,28071,ENSG00000101624,CEP76,-0.026310194176497832
1,15,negative,29,10691,ENSG00000240065,PSMB9,-0.02621990084954216
1,15,negative,30,711,ENSG00000116525,TRIM62,-0.02614732155465557
1,15,negative,31,17687,ENSG00000138160,KIF11,-0.026125173475286846
1,15,negative,32,17976,ENSG00000177640,CASC2,-0.026026576645173705
1,15,negative,33,27753,ENSG00000266970,RP11-806H10.4,-0.02580704590103853
1,15,negative,34,7944,ENSG00000155016,CYP2U1,-0.025401912149315448
1,15,negative,35,18595,ENSG00000121621,KIF18A,-0.025390846621904224
1,15,negative,36,19016,ENSG00000254772,EEF1G,-0.025171031318435646
1,15,negative,37,995,ENSG00000123080,CDKN2C,-0.025150527933370706
1,15,negative,38,27250,ENSG00000120093,HOXB3,-0.025076108390717212
1,15,negative,39,18896,ENSG00000110031,LPXN,-0.024965440403498153
1,15,negative,40,30693,ENSG00000183668,PSG9,-0.024893522370287562
1,15,negative,41,15613,ENSG00000198169,ZNF251,-0.024744555658145078
1,15,negative,42,23119,ENSG00000100583,SAMD15,-0.024699213670023406
1,15,negative,43,13921,ENSG00000133136,GNG5P2,-0.024357718766420827
1,15,negative,44,2543,ENSG00000116741,RGS2,-0.024356736288104756
1,15,negative,45,19842,ENSG00000160703,NLRX1,-0.02431171212079632
1,15,negative,46,18649,ENSG00000135363,LMO2,-0.024073506424462918
1,15,negative,47,30921,ENSG00000174951,FUT1,-0.023989645208617877
1,15,negative,48,23614,ENSG00000176454,LPCAT4,-0.023896194377751406
1,15,negative,49,6922,ENSG00000114796,KLHL24,-0.023578148578459992
1,15,negative,50,17038,ENSG00000229124,VIM-AS1,-0.02348177177299595
1,15,positive,1,24274,ENSG00000172379,ARNT2,0.037214798307804636
1,15,positive,2,25896,ENSG00000103196,CRISPLD2,0.03338334626547711
1,15,positive,3,8763,ENSG00000168685,IL7R,0.03309615617517197
1,15,positive,4,4862,ENSG00000173559,NABP1,0.03230536281102852
1,15,positive,5,22325,ENSG00000255874,LINC00346,0.0321035665646298
1,15,positive,6,27519,ENSG00000258890,CEP95,0.030851946282114566
1,15,positive,7,1943,ENSG00000163216,SPRR2D,0.030831764591099754
1,15,positive,8,30745,ENSG00000167384,ZNF180,0.03043424837976165
1,15,positive,9,17672,ENSG00000148677,ANKRD1,0.030052967296743217
1,15,positive,10,14096,ENSG00000232611,RP11-1114A5.4,0.02960635937305412
1,15,positive,11,32004,ENSG00000272669,RP3-508I15.21,0.02936339514599652
1,15,positive,12,12191,ENSG00000122641,INHBA,0.029355066902695497
1,15,positive,13,24280,ENSG00000103888,KIAA1199,0.028545292002108237
1,15,positive,14,5922,ENSG00000114737,CISH,0.028424061393296528
1,15,positive,15,30717,ENSG00000167637,ZNF283,0.028345877687925885
1,15,positive,16,21361,ENSG00000008405,CRY1,0.028277675319945926
1,15,positive,17,13685,ENSG00000090776,EFNB1,0.028111350710625677
1,15,positive,18,17357,ENSG00000151151,IPMK,0.027681002892306857
1,15,positive,19,16341,ENSG00000165029,ABCA1,0.027675952795768313
1,15,positive,20,19574,ENSG00000020922,MRE11A,0.027293760358262444
1,15,positive,21,150,ENSG00000169598,DFFB,0.026920126069155892
1,15,positive,22,11431,ENSG00000118523,CTGF,0.0267030212723578
1,15,positive,23,15533,ENSG00000014164,ZC3H3,0.026691342198657545
1,15,positive,24,2451,ENSG00000153029,MR1,0.02656553771356172
1,15,positive,25,25107,ENSG00000077238,IL4R,0.026139273435857455
1,15,positive,26,31788,ENSG00000183579,ZNRF3,0.025946283507576048
1,15,positive,27,12665,ENSG00000128564,VGF,0.025684547580579094
1,15,positive,28,3824,ENSG00000119862,LGALSL,0.025466117905242735
1,15,positive,29,13813,ENSG00000102359,SRPX2,0.02544643110994805
1,15,positive,30,4168,ENSG00000170485,NPAS2,0.02522608197846913
1,15,positive,31,23142,ENSG00000211448,DIO2,0.025205372058387663
1,15,positive,32,27675,ENSG00000259120,SMIM6,0.025158770096281115
1,15,positive,33,30900,ENSG00000182324,KCNJ14,0.02483873564780434
1,15,positive,34,26985,ENSG00000212724,KRTAP2-3,0.02477541982034725
1,15,positive,35,25005,ENSG00000167191,GPRC5B,0.02477235653900779
1,15,positive,36,3986,ENSG00000159399,HK2,0.024750079586923466
1,15,positive,37,21967,ENSG00000150907,FOXO1,0.024690618761042345
1,15,positive,38,9203,ENSG00000248323,LUCAT1,0.024507661221928954
1,15,positive,39,16942,ENSG00000170525,PFKFB3,0.024484250952066893
1,15,positive,40,27717,ENSG00000070526,ST6GALNAC1,0.02444235863732447
1,15,positive,41,9284,ENSG00000112874,NUDT12,0.0244178871828209
1,15,positive,42,30204,ENSG00000182141,ZNF708,0.024096102754730543
1,15,positive,43,16242,ENSG00000158169,FANCC,0.023833971039240075
1,15,positive,44,15434,ENSG00000129295,LRRC6,0.023730551292799152
1,15,positive,45,30723,ENSG00000204920,ZNF155,0.02371733925842125
1,15,positive,46,5557,ENSG00000131373,HACL1,0.023556886372607562
1,15,positive,47,8243,ENSG00000169989,TIGD4,0.02346161450775666
1,15,positive,48,31955,ENSG00000100065,CARD10,0.023349790759931266
1,15,positive,49,15152,ENSG00000175305,CCNE2,0.023203611263480365
1,15,positive,50,17248,ENSG00000107551,RASSF4,0.023090742531205112
1,16,negative,1,12477,ENSG00000224046,AC005076.5,-0.034766152520128595
1,16,negative,2,17256,ENSG00000165406,MARCH8,-0.033923330280892255
1,16,negative,3,20632,ENSG00000167550,RHEBL1,-0.03376167332106614
1,16,negative,4,30471,ENSG00000185869,ZNF829,-0.03294049946653542
1,16,negative,5,30139,ENSG00000167487,KLHL26,-0.03288513006591699
1,16,negative,6,8981,ENSG00000069020,MAST4,-0.03173902648215025
1,16,negative,7,21116,ENSG00000179941,BBS10,-0.03135057188558607
1,16,negative,8,4075,ENSG00000163586,FABP1,-0.030508032507969254
1,16,negative,9,818,ENSG00000168389,MFSD2A,-0.030495676545734506
1,16,negative,10,22514,ENSG00000092068,SLC7A8,-0.03043000020158936
1,16,negative,11,6733,ENSG00000163661,PTX3,-0.029647006928290438
1,16,negative,12,16826,ENSG00000197355,UAP1L1,-0.029131470342429685
1,16,negative,13,29442,ENSG00000180448,HMHA1,-0.028731175554517
1,16,negative,14,12597,ENSG00000106258,CYP3A5,-0.028679838516426526
1,16,negative,15,17786,ENSG00000107554,DNMBP,-0.028303710633265425
1,16,negative,16,30954,ENSG00000130529,TRPM4,-0.02828764710957903
1,16,negative,17,27571,ENSG00000154265,ABCA5,-0.028269860164801108
1,16,negative,18,654,ENSG00000121769,FABP3,-0.02817106602079083
1,16,negative,19,30891,ENSG00000268001,CTC-241F20.3,-0.028151518731748357
1,16,negative,20,31376,ENSG00000152454,ZNF256,-0.027874609743064237
1,16,negative,21,23019,ENSG00000165861,ZFYVE1,-0.027647876214326544
1,16,negative,22,31949,ENSG00000128340,RAC2,-0.026946210645166824
1,16,negative,23,11507,ENSG00000225177,RP11-390P2.4,-0.026840377473501254
1,16,negative,24,13514,ENSG00000221994,ZNF630,-0.02678474314915669
1,16,negative,25,23069,ENSG00000119630,PGF,-0.026509681007128322
1,16,negative,26,25888,ENSG00000064270,ATP2C2,-0.026338286853545657
1,16,negative,27,17099,ENSG00000185875,THNSL1,-0.02549708067269996
1,16,negative,28,13623,ENSG00000270189,RP11-258C19.7,-0.025391356282695662
1,16,negative,29,13841,ENSG00000184515,BEX5,-0.02535835123034475
1,16,negative,30,6037,ENSG00000168306,ACOX2,-0.02533713057141574
1,16,negative,31,17911,ENSG00000138166,DUSP5,-0.025297240805818005
1,16,negative,32,11149,ENSG00000135318,NT5E,-0.025280612239819034
1,16,negative,33,14554,ENSG00000159167,STC1,-0.02525264982153959
1,16,negative,34,18490,ENSG00000110680,CALCA,-0.025218563434999605
1,16,negative,35,6969,ENSG00000244405,ETV5,-0.025131879096994627
1,16,negative,36,5682,ENSG00000093217,XYLB,-0.024584755284797404
1,16,negative,37,21399,ENSG00000139438,FAM222A,-0.02456443197856033
1,16,negative,38,31585,ENSG00000070371,CLTCL1,-0.024544697345145354
1,16,negative,39,19781,ENSG00000186318,BACE1,-0.024526073765671327
1,16,negative,40,12392,ENSG00000106089,STX1A,-0.024394903748331313
1,16,negative,41,9136,ENSG00000247572,CKMT2-AS1,-0.024162829155181118
1,16,negative,42,3669,ENSG00000152527,PLEKHH2,-0.0241257282302805
1,16,negative,43,3678,ENSG00000143919,CAMKMT,-0.024102888294261507
1,16,negative,44,5062,ENSG00000144583,MARCH4,-0.02399535538623313
1,16,negative,45,29026,ENSG00000204103,MAFB,-0.023937514743728378
1,16,negative,46,785,ENSG00000204084,INPP5B,-0.023831696509772713
1,16,negative,47,7822,ENSG00000118785,SPP1,-0.023718868461697382
1,16,negative,48,21612,ENSG00000150967,ABCB9,-0.023642667976557494
1,16,negative,49,26945,ENSG00000108352,RAPGEFL1,-0.02361711374107822
1,16,negative,50,7139,ENSG00000250312,ZNF718,-0.023596331008224013
1,16,positive,1,13650,ENSG00000247746,USP51,0.03782906662266121
1,16,positive,2,14334,ENSG00000164825,DEFB1,0.03765289726113545
1,16,positive,3,16310,ENSG00000136891,TEX10,0.03607043763419477
1,16,positive,4,23142,ENSG00000211448,DIO2,0.032665472996988236
1,16,positive,5,5203,ENSG00000115009,CCL20,0.031554743136020816
1,16,positive,6,19695,ENSG00000204381,LAYN,0.029721797473181814
1,16,positive,7,1501,ENSG00000174151,CYB561D1,0.0294952885302044
1,16,positive,8,19734,ENSG00000086827,ZW10,0.02895292398678605
1,16,positive,9,16245,ENSG00000237857,RP11-435O5.2,0.028736777310990693
1,16,positive,10,14508,ENSG00000168453,HR,0.028723603407630416
1,16,positive,11,31231,ENSG00000131037,EPS8L1,0.02862865232867469
1,16,positive,12,6390,ENSG00000239523,MYLK-AS1,0.02854901091590504
1,16,positive,13,20729,ENSG00000205420,KRT6A,0.028488119852194384
1,16,positive,14,12511,ENSG00000127989,MTERF,0.02792638284951327
1,16,positive,15,18091,ENSG00000148814,LRRC27,0.027680060120484448
1,16,positive,16,23456,ENSG00000184916,JAG2,0.027455155503556154
1,16,positive,17,15161,ENSG00000156172,C8orf37,0.02738648509931482
1,16,positive,18,16406,ENSG00000228623,ZNF883,0.02702324587184147
1,16,positive,19,22325,ENSG00000255874,LINC00346,0.026785058273221703
1,16,positive,20,33,ENSG00000187634,SAMD11,0.026686211878864313
1,16,positive,21,691,ENSG00000225828,FAM229A,0.02649399533892201
1,16,positive,22,1603,ENSG00000116774,OLFML3,0.02638024408748856
1,16,positive,23,6198,ENSG00000168386,FILIP1L,0.02630265806675551
1,16,positive,24,4267,ENSG00000144063,MALL,0.026035418024736932
1,16,positive,25,17067,ENSG00000078114,NEBL,0.026034578406653835
1,16,positive,26,13789,ENSG00000165259,HDX,0.025906373720561895
1,16,positive,27,2658,ENSG00000058668,ATP2B4,0.02576128752247323
1,16,positive,28,5763,ENSG00000169981,ZNF35,0.025761241249554083
1,16,positive,29,32269,ENSG00000154639,CXADR,0.025659578153912843
1,16,positive,30,16536,ENSG00000185585,OLFML2A,0.02558685175218278
1,16,positive,31,12987,ENSG00000122778,KIAA1549,0.025567044956678813
1,16,positive,32,26939,ENSG00000108342,CSF3,0.025478440147546213
1,16,positive,33,12990,ENSG00000105948,TTC26,0.025430332536871693
1,16,positive,34,24743,ENSG00000162073,PAQR4,0.025332103166658113
1,16,positive,35,23083,ENSG00000140044,JDP2,0.025103803558886948
1,16,positive,36,7400,ENSG00000109680,TBC1D19,0.025102580765144197
1,16,positive,37,1494,ENSG00000143126,CELSR2,0.025008200668755736
1,16,positive,38,29801,ENSG00000090339,ICAM1,0.02495480358937484
1,16,positive,39,24707,ENSG00000167972,ABCA3,0.024854353154881905
1,16,positive,40,19631,ENSG00000137745,MMP13,0.024811733258062754
1,16,positive,41,25596,ENSG00000102890,ELMO3,0.024709246060338308
1,16,positive,42,6396,ENSG00000160145,KALRN,0.02467237706056888
1,16,positive,43,5156,ENSG00000114923,SLC4A3,0.024667195608465666
1,16,positive,44,18276,ENSG00000132109,TRIM21,0.024622230318901567
1,16,positive,45,14482,ENSG00000147408,CSGALNACT1,0.024556240290520115
1,16,positive,46,4563,ENSG00000157827,FMNL2,0.024321450299159768
1,16,positive,47,8040,ENSG00000138688,KIAA1109,0.024051357700040372
1,16,positive,48,17655,ENSG00000185745,IFIT1,0.023975108458469726
1,16,positive,49,16368,ENSG00000119328,FAM206A,0.023863628886498095
1,16,positive,50,19237,ENSG00000173227,SYT12,0.02373627093338811
1,17,negative,1,23962,ENSG00000069667,RORA,-0.04046746544138119
1,17,negative,2,5340,ENSG00000222020,AC062017.1,-0.03956021969209249
1,17,negative,3,22298,ENSG00000233532,LINC00460,-0.038647334777009275
1,17,negative,4,26284,ENSG00000161956,SENP3,-0.03651952210808092
1,17,negative,5,16595,ENSG00000148346,LCN2,-0.03493888089400465
1,17,negative,6,1282,ENSG00000271576,RP11-486G15.2,-0.03231654334098879
1,17,negative,7,9631,ENSG00000113108,APBB3,-0.032316145997065636
1,17,negative,8,15915,ENSG00000137075,RNF38,-0.03218687454635637
1,17,negative,9,2636,ENSG00000228288,PCAT6,-0.03169181207969387
1,17,negative,10,25459,ENSG00000260621,RP11-413H22.2,-0.03126855230637435
1,17,negative,11,2543,ENSG00000116741,RGS2,-0.030579318041533052
1,17,negative,12,15739,ENSG00000147874,HAUS6,-0.02913439430090354
1,17,negative,13,847,ENSG00000127129,EDN2,-0.02910322962505038
1,17,negative,14,14472,ENSG00000171428,NAT1,-0.029008612328381908
1,17,negative,15,5427,ENSG00000170364,SETMAR,-0.02882545528329602
1,17,negative,16,12019,ENSG00000230658,KLHL7-AS1,-0.028594547881685188
1,17,negative,17,26716,ENSG00000176208,ATAD5,-0.02854235188909724
1,17,negative,18,3313,ENSG00000269973,RP11-95D17.1,-0.028353527152884587
1,17,negative,19,4576,ENSG00000153234,NR4A2,-0.028317751060548523
1,17,negative,20,11160,ENSG00000226524,RP1-102H19.8,-0.028105384126686145
1,17,negative,21,5455,ENSG00000180914,OXTR,-0.02792759079508774
1,17,negative,22,20894,ENSG00000110944,IL23A,-0.027852343637102622
1,17,negative,23,31993,ENSG00000184949,FAM227A,-0.02781786579903069
1,17,negative,24,3136,ENSG00000135747,ZNF670,-0.02774181871415266
1,17,negative,25,4883,ENSG00000229056,AC020571.3,-0.02762767381648699
1,17,negative,26,21993,ENSG00000179630,LACC1,-0.027612429081560738
1,17,negative,27,5785,ENSG00000163820,FYCO1,-0.02752108048447404
1,17,negative,28,21363,ENSG00000151136,BTBD11,-0.0275128841554007
1,17,negative,29,26956,ENSG00000266088,RP5-1028K7.2,-0.02733042446999403
1,17,negative,30,12404,ENSG00000086730,LAT2,-0.027174453024956996
1,17,negative,31,21811,ENSG00000165487,MICU2,-0.02714463338749739
1,17,negative,32,30316,ENSG00000267475,CTD-2538C1.2,-0.02643505193839538
1,17,negative,33,8773,ENSG00000079215,SLC1A3,-0.025907905285886365
1,17,negative,34,29318,ENSG00000101188,NTSR1,-0.02585052262571858
1,17,negative,35,1366,ENSG00000122483,CCDC18,-0.025577582390477655
1,17,negative,36,11073,ENSG00000229852,RP11-398K22.12,-0.025290350342912327
1,17,negative,37,8753,ENSG00000272323,CTD-2517O10.6,-0.025147811909784847
1,17,negative,38,12389,ENSG00000176428,VPS37D,-0.025112243701521642
1,17,negative,39,21010,ENSG00000256268,RP11-221N13.3,-0.024992055242310605
1,17,negative,40,16909,ENSG00000231298,LINC00704,-0.0248636789311365
1,17,negative,41,29929,ENSG00000267458,CTC-425F1.4,-0.024820694331706836
1,17,negative,42,2630,ENSG00000077157,PPP1R12B,-0.024678426394596838
1,17,negative,43,9343,ENSG00000152503,TRIM36,-0.02453278901243184
1,17,negative,44,25022,ENSG00000196678,ERI2,-0.02449031523502769
1,17,negative,45,10888,ENSG00000171467,ZNF318,-0.024236265145851612
1,17,negative,46,26800,ENSG00000172716,SLFN11,-0.0241940530730786
1,17,negative,47,30716,ENSG00000159871,LYPD5,-0.024190186731706687
1,17,negative,48,21012,ENSG00000149948,HMGA2,-0.024130683269845535
1,17,negative,49,11300,ENSG00000173214,KIAA1919,-0.024031277794296046
1,17,negative,50,15479,ENSG00000105339,DENND3,-0.023959821225120043
1,17,positive,1,7733,ENSG00000169245,CXCL10,0.05116762178509269
1,17,positive,2,13305,ENSG00000235385,GS1-600G8.5,0.041247184253447526
1,17,positive,3,7658,ENSG00000181617,FDCSP,0.03712415412642731
1,17,positive,4,17672,ENSG00000148677,ANKRD1,0.034638940290754386
1,17,positive,5,12893,ENSG00000064419,TNPO3,0.0341769519643799
1,17,positive,6,18704,ENSG00000187479,C11orf96,0.03280913025862553
1,17,positive,7,26978,ENSG00000212901,KRTAP3-1,0.032351281961191886
1,17,positive,8,816,ENSG00000116990,MYCL,0.031542616639346065
1,17,positive,9,7586,ENSG00000171476,HOPX,0.03123634249926457
1,17,positive,10,7734,ENSG00000169248,CXCL11,0.03078739846898457
1,17,positive,11,24696,ENSG00000182685,BRICD5,0.028918679702367715
1,17,positive,12,17652,ENSG00000119922,IFIT2,0.02797918019483865
1,17,positive,13,30014,ENSG00000186529,CYP4F3,0.02740021180232552
1,17,positive,14,19382,ENSG00000054965,FAM168A,0.027229284089832915
1,17,positive,15,1656,ENSG00000231365,RP11-418J17.1,0.02680878191322533
1,17,positive,16,21851,ENSG00000180730,SHISA2,0.026732112165105747
1,17,positive,17,20598,ENSG00000177875,C12orf68,0.026438464501658415
1,17,positive,18,21314,ENSG00000139352,ASCL1,0.026396355391152582
1,17,positive,19,10566,ENSG00000272540,XXbac-BPG252P9.9,0.026311659392881968
1,17,positive,20,27537,ENSG00000075461,CACNG4,0.02629396453655606
1,17,positive,21,10074,ENSG00000272459,RP11-1277A3.3,0.02622020185819402
1,17,positive,22,29095,ENSG00000101443,WFDC2,0.026046997974162316
1,17,positive,23,8257,ENSG00000171560,FGA,0.025223340474026856
1,17,positive,24,14645,ENSG00000129696,TTI2,0.02463141321456179
1,17,positive,25,10312,ENSG00000124523,SIRT5,0.024621068579317736
1,17,positive,26,5675,ENSG00000187091,PLCD1,0.024419529403995624
1,17,positive,27,10303,ENSG00000078401,EDN1,0.024360801671032856
1,17,positive,28,23166,ENSG00000258733,CTD-2341M24.1,0.024236925645655837
1,17,positive,29,30462,ENSG00000197808,ZNF461,0.02414766108104262
1,17,positive,30,29026,ENSG00000204103,MAFB,0.02341293510684224
1,17,positive,31,21977,ENSG00000102763,VWA8,0.02325870794007891
1,17,positive,32,13184,ENSG00000273117,AC144652.1,0.023257446247229845
1,17,positive,33,18248,ENSG00000254827,SLC22A18AS,0.023134540517183357
1,17,positive,34,480,ENSG00000179546,HTR1D,0.023038918781929908
1,17,positive,35,28201,ENSG00000259985,RP11-549B18.1,0.022897640800392888
1,17,positive,36,2804,ENSG00000143494,VASH2,0.022878446699508902
1,17,positive,37,10941,ENSG00000146070,PLA2G7,0.022766075290575387
1,17,positive,38,20861,ENSG00000185664,PMEL,0.022693052758363693
1,17,positive,39,247,ENSG00000271895,RP4-635E18.8,0.022536570750546773
1,17,positive,40,23459,ENSG00000184887,BTBD6,0.02244900318357813
1,17,positive,41,4047,ENSG00000168874,ATOH8,0.022380730613881208
1,17,positive,42,13084,ENSG00000050327,ARHGEF5,0.022258685072048406
1,17,positive,43,25586,ENSG00000125149,C16orf70,0.022119704713249908
1,17,positive,44,28203,ENSG00000153339,TRAPPC8,0.022100283210554544
1,17,positive,45,22043,ENSG00000139679,LPAR6,0.022088561896627723
1,17,positive,46,12466,ENSG00000170381,SEMA3E,0.0219429668274494
1,17,positive,47,16953,ENSG00000198879,SFMBT2,0.02193158925706466
1,17,positive,48,1747,ENSG00000131781,FMO5,0.02192849517045751
1,17,positive,49,3986,ENSG00000159399,HK2,0.02192702920203309
1,17,positive,50,20352,ENSG00000139055,ERP27,0.02178779490807189
1,18,negative,1,26824,ENSG00000161570,CCL5,-0.04272801371350519
1,18,negative,2,32592,ENSG00000160207,HSF2BP,-0.03643384533121038
1,18,negative,3,10475,ENSG00000184357,HIST1H1B,-0.03494305787718908
1,18,negative,4,22537,ENSG00000100867,DHRS2,-0.03449170891800899
1,18,negative,5,31866,ENSG00000100150,DEPDC5,-0.034014176675091955
1,18,negative,6,8020,ENSG00000138735,PDE5A,-0.032966215383142775
1,18,negative,7,24195,ENSG00000173548,SNX33,-0.03184400513926148
1,18,negative,8,19631,ENSG00000137745,MMP13,-0.031125299533820185
1,18,negative,9,488,ENSG00000007968,E2F2,-0.030698222385582712
1,18,negative,10,8932,ENSG00000113448,PDE4D,-0.029413668626918667
1,18,negative,11,16782,ENSG00000148384,INPP5E,-0.028960205745044904
1,18,negative,12,13305,ENSG00000235385,GS1-600G8.5,-0.02840926958281189
1,18,negative,13,15682,ENSG00000120215,MLANA,-0.028290941485214254
1,18,negative,14,19377,ENSG00000171631,P2RY6,-0.02821389618459633
1,18,negative,15,12002,ENSG00000105855,ITGB8,-0.02785119476186972
1,18,negative,16,4160,ENSG00000170500,LONRF2,-0.0278027538009339
1,18,negative,17,25596,ENSG00000102890,ELMO3,-0.027238617022141913
1,18,negative,18,3250,ENSG00000235078,AC142528.1,-0.0271727006688953
1,18,negative,19,19060,ENSG00000133328,HRASLS2,-0.026505586143932603
1,18,negative,20,24002,ENSG00000035664,DAPK2,-0.0251299847322791
1,18,negative,21,29111,ENSG00000101470,TNNC2,-0.025110213309453056
1,18,negative,22,32566,ENSG00000160188,RSPH1,-0.024991426379916137
1,18,negative,23,23142,ENSG00000211448,DIO2,-0.024981933466477063
1,18,negative,24,30976,ENSG00000126460,PRRG2,-0.02495422397735932
1,18,negative,25,20351,ENSG00000111341,MGP,-0.024788433300944747
1,18,negative,26,25976,ENSG00000260630,SNAI3-AS1,-0.02443189184481039
1,18,negative,27,515,ENSG00000264443,RP4-594I10.3,-0.024427682707697507
1,18,negative,28,16533,ENSG00000148200,NR6A1,-0.024195421997626
1,18,negative,29,31842,ENSG00000235989,MORC2-AS1,-0.023943092477399033
1,18,negative,30,28588,ENSG00000125775,SDCBP2,-0.02381466493841459
1,18,negative,31,20923,ENSG00000185482,STAC3,-0.023641740042810076
1,18,negative,32,16019,ENSG00000170161,RP11-262H14.4,-0.02362798367646082
1,18,negative,33,24388,ENSG00000140534,TICRR,-0.023569887625555345
1,18,negative,34,21587,ENSG00000158023,WDR66,-0.023501855948830135
1,18,negative,35,14714,ENSG00000131203,IDO1,-0.023358346529386946
1,18,negative,36,22930,ENSG00000179841,AKAP5,-0.023267714687392468
1,18,negative,37,31770,ENSG00000233521,RP5-1172A22.1,-0.023221357754030544
1,18,negative,38,27026,ENSG00000186847,KRT14,-0.023016269549701852
1,18,negative,39,15071,ENSG00000253154,CTA-392E5.1,-0.022946637754921076
1,18,negative,40,14505,ENSG00000158856,DMTN,-0.022865826547057287
1,18,negative,41,10473,ENSG00000233822,HIST1H2BN,-0.02282570522731359
1,18,negative,42,17496,ENSG00000268584,RP11-464F9.20,-0.022810878455806108
1,18,negative,43,14471,ENSG00000245281,CTD-2547L16.1,-0.022776129392405545
1,18,negative,44,5231,ENSG00000156966,B3GNT7,-0.0227760288228189
1,18,negative,45,21612,ENSG00000150967,ABCB9,-0.022749293818301212
1,18,negative,46,7733,ENSG00000169245,CXCL10,-0.022746064839445038
1,18,negative,47,9631,ENSG00000113108,APBB3,-0.02270930800671534
1,18,negative,48,23919,ENSG00000181827,RFX7,-0.022658823724203154
1,18,negative,49,5340,ENSG00000222020,AC062017.1,-0.02262622398042299
1,18,negative,50,20756,ENSG00000139651,ZNF740,-0.022619707677080318
1,18,positive,1,18523,ENSG00000173432,SAA1,0.04632983234168018
1,18,positive,2,21187,ENSG00000139318,DUSP6,0.041705366169887785
1,18,positive,3,18522,ENSG00000134339,SAA2,0.041002265542806456
1,18,positive,4,21993,ENSG00000179630,LACC1,0.03435851730433187
1,18,positive,5,10586,ENSG00000204536,CCHCR1,0.031502868081305896
1,18,positive,6,30724,ENSG00000266921,RP11-15A1.7,0.03091067569389064
1,18,positive,7,15723,ENSG00000155158,TTC39B,0.03052898570100872
1,18,positive,8,16087,ENSG00000165092,ALDH1A1,0.030016982794586044
1,18,positive,9,10836,ENSG00000112559,MDFI,0.03001263024864404
1,18,positive,10,22325,ENSG00000255874,LINC00346,0.029827515256566437
1,18,positive,11,20583,ENSG00000079337,RAPGEF3,0.029245471362093815
1,18,positive,12,15331,ENSG00000170961,HAS2,0.028965931314055355
1,18,positive,13,31349,ENSG00000105136,ZNF419,0.02873780988537321
1,18,positive,14,29252,ENSG00000124224,PPP4R1L,0.028519201977014335
1,18,positive,15,12957,ENSG00000272941,RP11-134L10.1,0.028494097225657086
1,18,positive,16,4409,ENSG00000072163,LIMS2,0.02831336138815466
1,18,positive,17,15616,ENSG00000197363,ZNF517,0.02800714540710206
1,18,positive,18,29186,ENSG00000259456,RP5-914P20.5,0.027767183863374702
1,18,positive,19,25726,ENSG00000040199,PHLPP2,0.02750799570403719
1,18,positive,20,28257,ENSG00000078142,PIK3C3,0.027139439305452446
1,18,positive,21,8885,ENSG00000164283,ESM1,0.027001861030428873
1,18,positive,22,30128,ENSG00000105656,ELL,0.026932331725515367
1,18,positive,23,17869,ENSG00000156374,PCGF6,0.02618059113710572
1,18,positive,24,1599,ENSG00000134262,AP4B1,0.026144094094625554
1,18,positive,25,9588,ENSG00000120738,EGR1,0.026086171090343894
1,18,positive,26,31272,ENSG00000261221,ZNF865,0.026064961932743783
1,18,positive,27,12795,ENSG00000105976,MET,0.02596877541040007
1,18,positive,28,13478,ENSG00000147050,KDM6A,0.025638653700620923
1,18,positive,29,23255,ENSG00000089723,OTUB2,0.025208197778908443
1,18,positive,30,15675,ENSG00000120217,CD274,0.02514052378483487
1,18,positive,31,10305,ENSG00000112137,PHACTR1,0.0251131933544267
1,18,positive,32,16259,ENSG00000165244,ZNF367,0.025047761127508446
1,18,positive,33,5718,ENSG00000114812,VIPR1,0.024910871342167226
1,18,positive,34,17119,ENSG00000120539,MASTL,0.024883555111728416
1,18,positive,35,6805,ENSG00000184378,ACTRT3,0.02485686586510941
1,18,positive,36,12357,ENSG00000243335,KCTD7,0.02460788737391843
1,18,positive,37,23354,ENSG00000214548,MEG3,0.024583211008217885
1,18,positive,38,13596,ENSG00000196368,NUDT11,0.024420337041168822
1,18,positive,39,2332,ENSG00000000460,C1orf112,0.024245820081238875
1,18,positive,40,6732,ENSG00000197415,VEPH1,0.024148291480374468
1,18,positive,41,20570,ENSG00000257261,RP11-96H19.1,0.02403213517829944
1,18,positive,42,22053,ENSG00000136169,SETDB2,0.023915330345079835
1,18,positive,43,26215,ENSG00000091592,NLRP1,0.02376529034780203
1,18,positive,44,26911,ENSG00000067191,CACNB1,0.023717589103507485
1,18,positive,45,5886,ENSG00000176095,IP6K1,0.0236993564356144
1,18,positive,46,14811,ENSG00000147509,RGS20,0.02364745016143227
1,18,positive,47,23080,ENSG00000170345,FOS,0.02363659389795728
1,18,positive,48,31112,ENSG00000196267,ZNF836,0.023591394573341286
1,18,positive,49,26887,ENSG00000179294,C17orf96,0.023540407590356437
1,18,positive,50,20581,ENSG00000257433,RP1-197B17.3,0.02346710041801553
1,19,negative,1,33,ENSG00000187634,SAMD11,-0.05084477794213795
1,19,negative,2,31812,ENSG00000100330,MTMR3,-0.0337483905187467
1,19,negative,3,30802,ENSG00000177045,SIX5,-0.03332524487157846
1,19,negative,4,29870,ENSG00000197647,ZNF433,-0.03261784805458394
1,19,negative,5,12357,ENSG00000243335,KCTD7,-0.03215605954871939
1,19,negative,6,29026,ENSG00000204103,MAFB,-0.031182359641512572
1,19,negative,7,12878,ENSG00000273270,RP11-212P7.2,-0.030379015652350065
1,19,negative,8,18544,ENSG00000166833,NAV2,-0.030188012076055884
1,19,negative,9,9097,ENSG00000250802,ZBED3-AS1,-0.029728096562663054
1,19,negative,10,16341,ENSG00000165029,ABCA1,-0.029646900516914522
1,19,negative,11,21010,ENSG00000256268,RP11-221N13.3,-0.02914538215482274
1,19,negative,12,15406,ENSG00000247844,CCAT1,-0.029056671748444424
1,19,negative,13,31971,ENSG00000100139,MICALL1,-0.02876633750914298
1,19,negative,14,30918,ENSG00000176909,MAMSTR,-0.02815988698141824
1,19,negative,15,4030,ENSG00000152284,TCF7L1,-0.027828664340982773
1,19,negative,16,163,ENSG00000069424,KCNAB2,-0.027655077605918593
1,19,negative,17,30316,ENSG00000267475,CTD-2538C1.2,-0.02756115613569044
1,19,negative,18,18407,ENSG00000166407,LMO1,-0.027467703678980777
1,19,negative,19,11787,ENSG00000112584,FAM120B,-0.02743173856621225
1,19,negative,20,816,ENSG00000116990,MYCL,-0.027358365862767305
1,19,negative,21,27963,ENSG00000266835,RP11-838N2.4,-0.02722532426269572
1,19,negative,22,5824,ENSG00000164048,ZNF589,-0.02709998541892764
1,19,negative,23,4468,ENSG00000183840,GPR39,-0.02704207119249776
1,19,negative,24,2514,ENSG00000073756,PTGS2,-0.02682842363687817
1,19,negative,25,28700,ENSG00000132639,SNAP25,-0.026285840564207512
1,19,negative,26,84,ENSG00000272106,RP11-345P4.9,-0.02627593130696598
1,19,negative,27,22299,ENSG00000125266,EFNB2,-0.026198738496461326
1,19,negative,28,7516,ENSG00000145246,ATP10D,-0.025988521152652936
1,19,negative,29,21187,ENSG00000139318,DUSP6,-0.025953927975122148
1,19,negative,30,16400,ENSG00000165185,KIAA1958,-0.02594430546394636
1,19,negative,31,695,ENSG00000160062,ZBTB8A,-0.02588065945402178
1,19,negative,32,20247,ENSG00000069493,CLEC2D,-0.025165074185335916
1,19,negative,33,21289,ENSG00000139354,GAS2L3,-0.025014456863804914
1,19,negative,34,611,ENSG00000270605,RP5-1092A3.4,-0.02483604436319424
1,19,negative,35,16609,ENSG00000272593,RP11-339B21.11,-0.02457195040871429
1,19,negative,36,24983,ENSG00000170537,TMC7,-0.02454395136343186
1,19,negative,37,15369,ENSG00000271975,RP11-383J24.6,-0.02446400531028614
1,19,negative,38,30663,ENSG00000028277,POU2F2,-0.024328821726410602
1,19,negative,39,32057,ENSG00000167074,TEF,-0.024091353621917732
1,19,negative,40,8352,ENSG00000245213,RP11-10K16.1,-0.024064083362160846
1,19,negative,41,5489,ENSG00000144554,FANCD2,-0.02387391272239133
1,19,negative,42,22143,ENSG00000118922,KLF12,-0.02386726063110337
1,19,negative,43,22799,ENSG00000087301,TXNDC16,-0.023852500427153405
1,19,negative,44,10798,ENSG00000112139,MDGA1,-0.02373168458455623
1,19,negative,45,8392,ENSG00000109674,NEIL3,-0.02360869814648365
1,19,negative,46,5761,ENSG00000186448,ZNF197,-0.023582473005326423
1,19,negative,47,4419,ENSG00000136720,HS6ST1,-0.023567733751652362
1,19,negative,48,29956,ENSG00000132000,PODNL1,-0.023540790205674744
1,19,negative,49,839,ENSG00000179862,CITED4,-0.023536941111359237
1,19,negative,50,13902,ENSG00000157514,TSC22D3,-0.02338325179634417
1,19,positive,1,7733,ENSG00000169245,CXCL10,0.05243257673004634
1,19,positive,2,26774,ENSG00000108691,CCL2,0.04454942368820903
1,19,positive,3,10303,ENSG00000078401,EDN1,0.040373660852510866
1,19,positive,4,17652,ENSG00000119922,IFIT2,0.03741403007509692
1,19,positive,5,22537,ENSG00000100867,DHRS2,0.036683260014651414
1,19,positive,6,2669,ENSG00000170498,KISS1,0.03084765140580332
1,19,positive,7,17655,ENSG00000185745,IFIT1,0.030085380741516198
1,19,positive,8,3535,ENSG00000171174,RBKS,0.029612997050467264
1,19,positive,9,5749,ENSG00000272121,RP4-555D20.4,0.029241084558450516
1,19,positive,10,7734,ENSG00000169248,CXCL11,0.027486616741678894
1,19,positive,11,1960,ENSG00000143556,S100A7,0.027464819746655263
1,19,positive,12,5848,ENSG00000178537,SLC25A20,0.027459377477437655
1,19,positive,13,28408,ENSG00000267279,RP11-879F14.2,0.02727736931614851
1,19,positive,14,6198,ENSG00000168386,FILIP1L,0.027050867677402744
1,19,positive,15,10209,ENSG00000168994,PXDC1,0.027041846533867195
1,19,positive,16,24267,ENSG00000140379,BCL2A1,0.026937830079039028
1,19,positive,17,12565,ENSG00000070669,ASNS,0.026892337461140215
1,19,positive,18,32694,ENSG00000160307,S100B,0.026770215392607957
1,19,positive,19,7691,ENSG00000169429,IL8,0.026450455728492382
1,19,positive,20,12243,ENSG00000272556,RP11-638I8.1,0.02583655215778714
1,19,positive,21,8719,ENSG00000113361,CDH6,0.025751535152166896
1,19,positive,22,6841,ENSG00000121858,TNFSF10,0.025748581245107663
1,19,positive,23,6917,ENSG00000078081,LAMP3,0.025589590678942002
1,19,positive,24,7141,ENSG00000131127,ZNF141,0.025577404390606334
1,19,positive,25,21975,ENSG00000172766,NAA16,0.025525414390148316
1,19,positive,26,20922,ENSG00000185633,NDUFA4L2,0.025452844442806294
1,19,positive,27,31074,ENSG00000160318,CLDND2,0.025413971902902465
1,19,positive,28,27020,ENSG00000171401,KRT13,0.025413324792741752
1,19,positive,29,17273,ENSG00000204172,AGAP10,0.02517882942284384
1,19,positive,30,3278,ENSG00000134326,CMPK2,0.024871330296649403
1,19,positive,31,19466,ENSG00000149262,INTS4,0.024853030374839158
1,19,positive,32,141,ENSG00000078900,TP73,0.024632869562806876
1,19,positive,33,8452,ENSG00000154556,SORBS2,0.024586119779382038
1,19,positive,34,15691,ENSG00000236924,RP11-390F4.6,0.024551004861880346
1,19,positive,35,4040,ENSG00000168899,VAMP5,0.024232145543884833
1,19,positive,36,15749,ENSG00000171843,MLLT3,0.02417203974003889
1,19,positive,37,8824,ENSG00000250722,SEPP1,0.024080298580617856
1,19,positive,38,14986,ENSG00000104369,JPH1,0.024064741637284313
1,19,positive,39,28166,ENSG00000141384,TAF4B,0.02370967496263237
1,19,positive,40,10462,ENSG00000124613,ZNF391,0.023510873397459702
1,19,positive,41,14087,ENSG00000198689,SLC9A6,0.023446051539784765
1,19,positive,42,15675,ENSG00000120217,CD274,0.02343589865446491
1,19,positive,43,31631,ENSG00000099910,KLHL22,0.023418228212800606
1,19,positive,44,6298,ENSG00000178075,GRAMD1C,0.023208994302326258
1,19,positive,45,15181,ENSG00000177459,C8orf47,0.023206360924936154
1,19,positive,46,12562,ENSG00000105880,DLX5,0.023178958374058922
1,19,positive,47,24372,ENSG00000172183,ISG20,0.022809869266888355
1,19,positive,48,10506,ENSG00000227214,HCG15,0.022728277299699094
1,19,positive,49,11272,ENSG00000118690,ARMC2,0.02265767211649001
1,19,positive,50,27669,ENSG00000177303,CASKIN2,0.022552315933953668
1,20,negative,1,27102,ENSG00000175832,ETV4,-0.033730411572745124
1,20,negative,2,14693,ENSG00000165046,LETM2,-0.03353594725416788
1,20,negative,3,16178,ENSG00000187764,SEMA4D,-0.0327888192107944
1,20,negative,4,30674,ENSG00000188368,PRR19,-0.0319585688360188
1,20,negative,5,3318,ENSG00000172059,KLF11,-0.03133468789853805
1,20,negative,6,8067,ENSG00000142731,PLK4,-0.03046455356252242
1,20,negative,7,16589,ENSG00000148339,SLC25A25,-0.030218461920101802
1,20,negative,8,22185,ENSG00000136158,SPRY2,-0.030187597598187014
1,20,negative,9,29969,ENSG00000267169,CTB-55O6.12,-0.030119285829602962
1,20,negative,10,21426,ENSG00000198324,FAM109A,-0.029753016044198485
1,20,negative,11,23335,ENSG00000196405,EVL,-0.029472020651487945
1,20,negative,12,1258,ENSG00000162614,NEXN,-0.02916137140280089
1,20,negative,13,9768,ENSG00000169252,ADRB2,-0.029149486512540852
1,20,negative,14,20439,ENSG00000123095,BHLHE41,-0.028903258470562226
1,20,negative,15,20846,ENSG00000170439,METTL7B,-0.028842753314162695
1,20,negative,16,24267,ENSG00000140379,BCL2A1,-0.028754332904418256
1,20,negative,17,15500,ENSG00000167653,PSCA,-0.028462641966259635
1,20,negative,18,9715,ENSG00000187678,SPRY4,-0.027938491003165297
1,20,negative,19,19631,ENSG00000137745,MMP13,-0.027511106582123027
1,20,negative,20,27727,ENSG00000167889,MGAT5B,-0.027475519281946442
1,20,negative,21,13503,ENSG00000147124,ZNF41,-0.027382096444221928
1,20,negative,22,922,ENSG00000236624,CCDC163P,-0.027249421168003465
1,20,negative,23,11944,ENSG00000146530,VWDE,-0.027206971339582667
1,20,negative,24,2249,ENSG00000198929,NOS1AP,-0.027117336868901575
1,20,negative,25,5908,ENSG00000114378,HYAL1,-0.02681038855091984
1,20,negative,26,1623,ENSG00000163393,SLC22A15,-0.026690714791264416
1,20,negative,27,2494,ENSG00000135842,FAM129A,-0.026669516452517732
1,20,negative,28,20352,ENSG00000139055,ERP27,-0.02648419039584742
1,20,negative,29,23395,ENSG00000166126,AMN,-0.02642038892400871
1,20,negative,30,23110,ENSG00000198894,CIPC,-0.02622494260498817
1,20,negative,31,9065,ENSG00000164347,GFM2,-0.025889903391018352
1,20,negative,32,6074,ENSG00000163638,ADAMTS9,-0.025728781933557345
1,20,negative,33,31236,ENSG00000167646,DNAAF3,-0.025635791847257228
1,20,negative,34,24157,ENSG00000138623,SEMA7A,-0.02559942779848645
1,20,negative,35,9901,ENSG00000145861,C1QTNF2,-0.025491884380821343
1,20,negative,36,6969,ENSG00000244405,ETV5,-0.0252249752479621
1,20,negative,37,2261,ENSG00000117152,RGS4,-0.024989364335790153
1,20,negative,38,9588,ENSG00000120738,EGR1,-0.024975733039897613
1,20,negative,39,11963,ENSG00000273477,RP11-196O16.1,-0.024929384197913355
1,20,negative,40,11576,ENSG00000111961,SASH1,-0.024837676810825084
1,20,negative,41,15708,ENSG00000107165,TYRP1,-0.024696137818773393
1,20,negative,42,17321,ENSG00000174194,AGAP8,-0.02460284852491575
1,20,negative,43,20332,ENSG00000084444,KIAA1467,-0.024580312499680797
1,20,negative,44,16468,ENSG00000106780,MEGF9,-0.0242938255135819
1,20,negative,45,3938,ENSG00000163013,FBXO41,-0.024121941861631167
1,20,negative,46,8160,ENSG00000109458,GAB1,-0.02411348150475279
1,20,negative,47,8852,ENSG00000272335,RP11-53O19.3,-0.023766538867793
1,20,negative,48,21401,ENSG00000111199,TRPV4,-0.023621718525489114
1,20,negative,49,11272,ENSG00000118690,ARMC2,-0.023545195082430453
1,20,negative,50,15161,ENSG00000156172,C8orf37,-0.023530036629584933
1,20,positive,1,7733,ENSG00000169245,CXCL10,0.0408666467526455
1,20,positive,2,1331,ENSG00000162654,GBP4,0.03583445287598098
1,20,positive,3,1476,ENSG00000162636,FAM102B,0.03520878790156593
1,20,positive,4,11040,ENSG00000266680,RP5-1148A21.3,0.03483896348118957
1,20,positive,5,23043,ENSG00000258891,RP5-1021I20.5,0.03267700269655599
1,20,positive,6,16441,ENSG00000041982,TNC,0.032158113326544155
1,20,positive,7,19234,ENSG00000173599,PC,0.03212073394620894
1,20,positive,8,7734,ENSG00000169248,CXCL11,0.03195228486935711
1,20,positive,9,16073,ENSG00000119138,KLF9,0.030879638137694336
1,20,positive,10,21050,ENSG00000135678,CPM,0.03032229849837482
1,20,positive,11,833,ENSG00000117010,ZNF684,0.03009868708437348
1,20,positive,12,17423,ENSG00000122862,SRGN,0.029693861414621485
1,20,positive,13,12953,ENSG00000146856,AGBL3,0.029490445601108032
1,20,positive,14,8932,ENSG00000113448,PDE4D,0.029402237546143725
1,20,positive,15,30647,ENSG00000105388,CEACAM5,0.029310784487545392
1,20,positive,16,18407,ENSG00000166407,LMO1,0.02867293520957905
1,20,positive,17,2266,ENSG00000143228,NUF2,0.028625272961305535
1,20,positive,18,9203,ENSG00000248323,LUCAT1,0.028424387098979376
1,20,positive,19,26774,ENSG00000108691,CCL2,0.02808869772246749
1,20,positive,20,4634,ENSG00000178662,CSRNP3,0.027474996625825816
1,20,positive,21,20252,ENSG00000110852,CLEC2B,0.02702223026810984
1,20,positive,22,23812,ENSG00000171763,SPATA5L1,0.026890161372310893
1,20,positive,23,17394,ENSG00000272767,JMJD1C-AS1,0.02682280089430643
1,20,positive,24,27562,ENSG00000269657,AC079210.1,0.026808345776574365
1,20,positive,25,27634,ENSG00000172794,RAB37,0.026684356835029375
1,20,positive,26,4377,ENSG00000271709,RP11-297J22.1,0.026400036545834442
1,20,positive,27,19237,ENSG00000173227,SYT12,0.026240485422264887
1,20,positive,28,6790,ENSG00000163536,SERPINI1,0.026004474065359166
1,20,positive,29,7360,ENSG00000109805,NCAPG,0.025979796865967856
1,20,positive,30,17619,ENSG00000148671,ADIRF,0.025970651029873587
1,20,positive,31,6882,ENSG00000114450,GNB4,0.02577259181629301
1,20,positive,32,18522,ENSG00000134339,SAA2,0.025446034812443823
1,20,positive,33,8139,ENSG00000196951,RP11-425I13.3,0.0253642459354503
1,20,positive,34,25107,ENSG00000077238,IL4R,0.025349414524546116
1,20,positive,35,27591,ENSG00000125398,SOX9,0.025205098513618514
1,20,positive,36,30649,ENSG00000086548,CEACAM6,0.02518053632985818
1,20,positive,37,8974,ENSG00000269961,CTD-2033C11.1,0.025131192091725454
1,20,positive,38,18474,ENSG00000133794,ARNTL,0.02511899802042429
1,20,positive,39,17816,ENSG00000107821,KAZALD1,0.025073661868790995
1,20,positive,40,15659,ENSG00000106686,SPATA6L,0.02491900665905019
1,20,positive,41,19781,ENSG00000186318,BACE1,0.024884367757248282
1,20,positive,42,30729,ENSG00000178386,ZNF223,0.0246428829078881
1,20,positive,43,30821,ENSG00000204866,IGFL2,0.02457764700672263
1,20,positive,44,279,ENSG00000162496,DHRS3,0.02446078857335307
1,20,positive,45,24994,ENSG00000103534,TMC5,0.024207431366330905
1,20,positive,46,2614,ENSG00000231871,IPO9-AS1,0.02414125090416896
1,20,positive,47,712,ENSG00000160094,ZNF362,0.02409797961880348
1,20,positive,48,14512,ENSG00000168487,BMP1,0.024089075655775442
1,20,positive,49,21563,ENSG00000272214,AC079602.1,0.024081255925881465
1,20,positive,50,22493,ENSG00000155465,SLC7A7,0.024048814829199436
2,1,negative,1,33,ENSG00000187634,SAMD11,-0.028666748150561548
2,1,negative,2,6391,ENSG00000065534,MYLK,-0.02621712781607371
2,1,negative,3,23668,ENSG00000104081,BMF,-0.02544736599278068
2,1,negative,4,10305,ENSG00000112137,PHACTR1,-0.025275133658701016
2,1,negative,5,29069,ENSG00000064205,WISP2,-0.02472160283962777
2,1,negative,6,15155,ENSG00000164938,TP53INP1,-0.024203665920245962
2,1,negative,7,10422,ENSG00000158373,HIST1H2BD,-0.024042364342701735
2,1,negative,8,10363,ENSG00000124766,SOX4,-0.023795872953044583
2,1,negative,9,22222,ENSG00000080166,DCT,-0.02289833528425475
2,1,negative,10,10420,ENSG00000180573,HIST1H2AC,-0.022816621475313516
2,1,negative,11,26608,ENSG00000141068,KSR1,-0.022525259373968952
2,1,negative,12,12956,ENSG00000146859,TMEM140,-0.022512869268221433
2,1,negative,13,6922,ENSG00000114796,KLHL24,-0.021990413754539844
2,1,negative,14,22074,ENSG00000102796,DHRS12,-0.021651183815082013
2,1,negative,15,2656,ENSG00000188783,PRELP,-0.021534951744244933
2,1,negative,16,2636,ENSG00000228288,PCAT6,-0.021501118280854034
2,1,negative,17,28937,ENSG00000078804,TP53INP2,-0.02106133641173919
2,1,negative,18,17742,ENSG00000165879,FRAT1,-0.020818007056948216
2,1,negative,19,1264,ENSG00000137959,IFI44L,-0.020708198984965082
2,1,negative,20,10439,ENSG00000158406,HIST1H4H,-0.020662032444730614
2,1,negative,21,17249,ENSG00000165507,C10orf10,-0.0206209803599098
2,1,negative,22,4579,ENSG00000136542,GALNT5,-0.02010785985471471
2,1,negative,23,12024,ENSG00000136235,GPNMB,-0.020066038517581708
2,1,negative,24,10364,ENSG00000272168,CASC15,-0.019554139936565428
2,1,negative,25,23745,ENSG00000092529,CAPN3,-0.019231991204547622
2,1,negative,26,8020,ENSG00000138735,PDE5A,-0.019198639287154956
2,1,negative,27,8824,ENSG00000250722,SEPP1,-0.019196044815372043
2,1,negative,28,1798,ENSG00000229801,RP11-353N4.1,-0.019142835966066866
2,1,negative,29,13342,ENSG00000169891,REPS2,-0.019113929624184418
2,1,negative,30,13875,ENSG00000123560,PLP1,-0.018989685518136915
2,1,negative,31,30182,ENSG00000081665,ZNF506,-0.018904572694442845
2,1,negative,32,19275,ENSG00000006534,ALDH3B1,-0.018869532612181474
2,1,negative,33,11175,ENSG00000146278,PNRC1,-0.018856423725306697
2,1,negative,34,12393,ENSG00000225969,LINC00035,-0.018841265511452897
2,1,negative,35,10430,ENSG00000168274,HIST1H2AE,-0.01875131677096674
2,1,negative,36,1815,ENSG00000184678,HIST2H2BE,-0.018699610386098242
2,1,negative,37,25657,ENSG00000062038,CDH3,-0.018593301842622208
2,1,negative,38,8358,ENSG00000164106,SCRG1,-0.018555893684109342
2,1,negative,39,6996,ENSG00000136514,RTP4,-0.018343321322557685
2,1,negative,40,8247,ENSG00000109654,TRIM2,-0.018289097702492735
2,1,negative,41,10677,ENSG00000204287,HLA-DRA,-0.018274029134803103
2,1,negative,42,4888,ENSG00000065413,ANKRD44,-0.018251760497931018
2,1,negative,43,5889,ENSG00000182179,UBA7,-0.018207623350232113
2,1,negative,44,18981,ENSG00000162148,PPP1R32,-0.01814380066375205
2,1,negative,45,18997,ENSG00000167995,BEST1,-0.017988356389761085
2,1,negative,46,20195,ENSG00000139178,C1RL,-0.017931701441676856
2,1,negative,47,1960,ENSG00000143556,S100A7,-0.017929483287859066
2,1,negative,48,6975,ENSG00000213139,CRYGS,-0.01780861046152645
2,1,negative,49,15763,ENSG00000198642,KLHL9,-0.017658056194732877
2,1,negative,50,31855,ENSG00000100100,PIK3IP1,-0.017650617460704964
2,1,positive,1,4305,ENSG00000169607,CKAP2L,0.04695234254883378
2,1,positive,2,27063,ENSG00000131470,PSMC3IP,0.04564159881956729
2,1,positive,3,25907,ENSG00000131153,GINS2,0.044465916228578116
2,1,positive,4,29968,ENSG00000105011,ASF1B,0.04353198244475398
2,1,positive,5,26947,ENSG00000094804,CDC6,0.04156110152162006
2,1,positive,6,31593,ENSG00000093009,CDC45,0.04111940377177692
2,1,positive,7,8967,ENSG00000123219,CENPK,0.04081691317589814
2,1,positive,8,3323,ENSG00000171848,RRM2,0.04072018855116219
2,1,positive,9,19309,ENSG00000110092,CCND1,0.04066454559694315
2,1,positive,10,4704,ENSG00000144354,CDCA7,0.040246783605762455
2,1,positive,11,26322,ENSG00000178999,AURKB,0.03932654775038498
2,1,positive,12,29587,ENSG00000167670,CHAF1A,0.03908990718892516
2,1,positive,13,5279,ENSG00000123485,HJURP,0.03883043173970739
2,1,positive,14,4113,ENSG00000121152,NCAPH,0.03850195878250372
2,1,positive,15,16997,ENSG00000065328,MCM10,0.03750625265572249
2,1,positive,16,28918,ENSG00000101412,E2F1,0.037424208200013444
2,1,positive,17,23923,ENSG00000138587,MNS1,0.03664640280322642
2,1,positive,18,4303,ENSG00000144136,SLC20A1,0.036560412370346414
2,1,positive,19,18907,ENSG00000189057,FAM111B,0.036521956410972264
2,1,positive,20,744,ENSG00000092853,CLSPN,0.03645737329107567
2,1,positive,21,14770,ENSG00000104738,MCM4,0.03643002090455405
2,1,positive,22,23714,ENSG00000104147,OIP5,0.036343526541710185
2,1,positive,23,2588,ENSG00000118193,KIF14,0.03581910084913651
2,1,positive,24,8036,ENSG00000145386,CCNA2,0.03572627526479756
2,1,positive,25,19131,ENSG00000146670,CDCA5,0.035634672845908086
2,1,positive,26,25986,ENSG00000167513,CDT1,0.03534987583487793
2,1,positive,27,11211,ENSG00000146263,MMS22L,0.03513260087399562
2,1,positive,28,29045,ENSG00000101057,MYBL2,0.03513100061203998
2,1,positive,29,13166,ENSG00000196584,XRCC2,0.03506607527555749
2,1,positive,30,30439,ENSG00000075702,WDR62,0.03475519584509308
2,1,positive,31,24742,ENSG00000127564,PKMYT1,0.03472315331429672
2,1,positive,32,18863,ENSG00000134802,SLC43A3,0.034377624135119196
2,1,positive,33,23783,ENSG00000092470,WDR76,0.03389325089430435
2,1,positive,34,15354,ENSG00000156802,ATAD2,0.033716902431981166
2,1,positive,35,29110,ENSG00000175063,UBE2C,0.033557255951553754
2,1,positive,36,5822,ENSG00000164045,CDC25A,0.03350909775936541
2,1,positive,37,27102,ENSG00000175832,ETV4,0.033342219329504985
2,1,positive,38,10417,ENSG00000197061,HIST1H4C,0.03325948109883532
2,1,positive,39,5581,ENSG00000129810,SGOL1,0.03317225499656229
2,1,positive,40,13320,ENSG00000181544,FANCB,0.033015061986115916
2,1,positive,41,26953,ENSG00000131747,TOP2A,0.03266611821671588
2,1,positive,42,29018,ENSG00000101447,FAM83D,0.032505597710549436
2,1,positive,43,32076,ENSG00000100162,CENPM,0.03244927311075721
2,1,positive,44,24419,ENSG00000197299,BLM,0.032372561577123926
2,1,positive,45,21187,ENSG00000139318,DUSP6,0.03230020519849284
2,1,positive,46,10587,ENSG00000137310,TCF19,0.03219389681852563
2,1,positive,47,22103,ENSG00000139734,DIAPH3,0.031993584835723274
2,1,positive,48,9952,ENSG00000040275,SPDL1,0.03182884639310313
2,1,positive,49,26716,ENSG00000176208,ATAD5,0.031748360076846935
2,1,positive,50,8067,ENSG00000142731,PLK4,0.03148277180374207
2,2,negative,1,1960,ENSG00000143556,S100A7,-0.03314095737585792
2,2,negative,2,29735,ENSG00000167772,ANGPTL4,-0.03285820834513815
2,2,negative,3,21387,ENSG00000256262,USP30-AS1,-0.032542920380038254
2,2,negative,4,15508,ENSG00000180155,LYNX1,-0.03236536701908685
2,2,negative,5,17458,ENSG00000237512,UNC5B-AS1,-0.03199318254179011
2,2,negative,6,15509,ENSG00000167656,LY6D,-0.031067032114774473
2,2,negative,7,6841,ENSG00000121858,TNFSF10,-0.030721629461378124
2,2,negative,8,17889,ENSG00000148841,ITPRIP,-0.030415414108076407
2,2,negative,9,30850,ENSG00000130751,NPAS1,-0.02999210773008692
2,2,negative,10,9798,ENSG00000019582,CD74,-0.029860991256870785
2,2,negative,11,21567,ENSG00000135114,OASL,-0.02970885169375782
2,2,negative,12,600,ENSG00000130775,THEMIS2,-0.029576051086737883
2,2,negative,13,24372,ENSG00000172183,ISG20,-0.029239201380782887
2,2,negative,14,16595,ENSG00000148346,LCN2,-0.029148230906474826
2,2,negative,15,2624,ENSG00000163435,ELF3,-0.0287534032958264
2,2,negative,16,29191,ENSG00000101096,NFATC2,-0.02863973198323847
2,2,negative,17,26611,ENSG00000168961,LGALS9,-0.028433115657260855
2,2,negative,18,18896,ENSG00000110031,LPXN,-0.028323400187879787
2,2,negative,19,12492,ENSG00000127954,STEAP4,-0.02830947828317758
2,2,negative,20,19394,ENSG00000175567,UCP2,-0.02780432633586949
2,2,negative,21,9315,ENSG00000134986,NREP,-0.027798431533171634
2,2,negative,22,28588,ENSG00000125775,SDCBP2,-0.027775867043000373
2,2,negative,23,31913,ENSG00000198125,MB,-0.027667958768447937
2,2,negative,24,20760,ENSG00000135476,ESPL1,-0.027174357151054783
2,2,negative,25,26263,ENSG00000213859,KCTD11,-0.026974638211255116
2,2,negative,26,10293,ENSG00000111859,NEDD9,-0.026648709534502487
2,2,negative,27,28512,ENSG00000101493,ZNF516,-0.026641571696860277
2,2,negative,28,32098,ENSG00000128274,A4GALT,-0.026574492745768633
2,2,negative,29,2485,ENSG00000143344,RGL1,-0.026465205707166928
2,2,negative,30,29231,ENSG00000087510,TFAP2C,-0.026323530771009636
2,2,negative,31,17412,ENSG00000108187,PBLD,-0.026078614544826226
2,2,negative,32,1946,ENSG00000203785,SPRR2E,-0.02594577978055317
2,2,negative,33,8654,ENSG00000039139,DNAH5,-0.025907833011209053
2,2,negative,34,29598,ENSG00000167680,SEMA6B,-0.025569089048075644
2,2,negative,35,1957,ENSG00000143546,S100A8,-0.025565600636671612
2,2,negative,36,9706,ENSG00000120318,ARAP3,-0.025490347035986294
2,2,negative,37,9313,ENSG00000164211,STARD4,-0.02528901528491129
2,2,negative,38,30123,ENSG00000130513,GDF15,-0.02521491047188067
2,2,negative,39,17417,ENSG00000138336,TET1,-0.02478885709044149
2,2,negative,40,4540,ENSG00000187123,LYPD6,-0.024723219900295246
2,2,negative,41,19042,ENSG00000269176,RP11-727F15.12,-0.024633093080799567
2,2,negative,42,29080,ENSG00000124102,PI3,-0.02462108879547182
2,2,negative,43,20272,ENSG00000245648,RP11-277P12.20,-0.02457556732675508
2,2,negative,44,13106,ENSG00000181444,ZNF467,-0.024515198763246246
2,2,negative,45,29026,ENSG00000204103,MAFB,-0.024512177637717913
2,2,negative,46,18407,ENSG00000166407,LMO1,-0.02450679461525746
2,2,negative,47,5836,ENSG00000145040,UCN2,-0.024504021963167758
2,2,negative,48,5650,ENSG00000271643,RP11-10C24.3,-0.024381185094238197
2,2,negative,49,8456,ENSG00000164342,TLR3,-0.02431938644207471
2,2,negative,50,15903,ENSG00000137103,TMEM8B,-0.0242528409037998
2,2,positive,1,31275,ENSG00000171425,ZNF581,0.03339752369124297
2,2,positive,2,22834,ENSG00000186615,KTN1-AS1,0.031234499169702497
2,2,positive,3,26111,ENSG00000132361,CLUH,0.03095727054825109
2,2,positive,4,26014,ENSG00000178773,CPNE7,0.030857856637248944
2,2,positive,5,30635,ENSG00000077348,EXOSC5,0.029747308716091245
2,2,positive,6,18111,ENSG00000151651,ADAM8,0.029614750888209994
2,2,positive,7,7705,ENSG00000109321,AREG,0.02894802658691176
2,2,positive,8,21128,ENSG00000067798,NAV3,0.027555442545120237
2,2,positive,9,20577,ENSG00000258181,RP11-493L12.4,0.026411979391248386
2,2,positive,10,5192,ENSG00000169047,IRS1,0.026348951292015428
2,2,positive,11,13720,ENSG00000147162,OGT,0.026263433017885918
2,2,positive,12,3763,ENSG00000115355,CCDC88A,0.02602887381176978
2,2,positive,13,9847,ENSG00000082516,GEMIN5,0.02572636030076247
2,2,positive,14,13937,ENSG00000123496,IL13RA2,0.025296110838906857
2,2,positive,15,15264,ENSG00000254615,RP11-395G23.3,0.025278287353853617
2,2,positive,16,18360,ENSG00000110171,TRIM3,0.025099143976623082
2,2,positive,17,16096,ENSG00000156017,C9orf41,0.025073160194493245
2,2,positive,18,4483,ENSG00000121988,ZRANB3,0.025061796705031152
2,2,positive,19,11025,ENSG00000112208,BAG2,0.025024425285568
2,2,positive,20,28468,ENSG00000170677,SOCS6,0.025005660585613647
2,2,positive,21,30573,ENSG00000090932,DLL3,0.0249822544526072
2,2,positive,22,23694,ENSG00000051180,RAD51,0.024914660557295628
2,2,positive,23,23998,ENSG00000259248,USP3-AS1,0.02485006482395478
2,2,positive,24,15316,ENSG00000136999,NOV,0.024819104000962777
2,2,positive,25,3461,ENSG00000115137,DNAJC27,0.024796798903530263
2,2,positive,26,3125,ENSG00000185420,SMYD3,0.024796014650779043
2,2,positive,27,787,ENSG00000183386,FHL3,0.024680242253341242
2,2,positive,28,7071,ENSG00000173950,XXYLT1,0.02438511349854149
2,2,positive,29,32667,ENSG00000173638,SLC19A1,0.02436489051449986
2,2,positive,30,19234,ENSG00000173599,PC,0.024310280139845326
2,2,positive,31,11840,ENSG00000230487,PSMG3-AS1,0.0242793027794909
2,2,positive,32,20159,ENSG00000111641,NOP2,0.024265614902287496
2,2,positive,33,16995,ENSG00000151468,CCDC3,0.02420529872703821
2,2,positive,34,13389,ENSG00000067992,PDK3,0.024139879160706118
2,2,positive,35,357,ENSG00000142632,ARHGEF19,0.02401399241655853
2,2,positive,36,19040,ENSG00000162227,TAF6L,0.023833643838824508
2,2,positive,37,16485,ENSG00000175764,TTLL11,0.02378706644046569
2,2,positive,38,7909,ENSG00000164038,SLC9B2,0.023460663278861135
2,2,positive,39,29692,ENSG00000090674,MCOLN1,0.023367251102880182
2,2,positive,40,7304,ENSG00000109667,SLC2A9,0.02332062312001623
2,2,positive,41,27515,ENSG00000136478,TEX2,0.023286157728768818
2,2,positive,42,4844,ENSG00000064933,PMS1,0.02304029303670632
2,2,positive,43,13541,ENSG00000102109,PCSK1N,0.02302943442904247
2,2,positive,44,5464,ENSG00000134077,THUMPD3,0.023002357181676956
2,2,positive,45,9136,ENSG00000247572,CKMT2-AS1,0.02293471782500964
2,2,positive,46,1335,ENSG00000197147,LRRC8B,0.022662274045301842
2,2,positive,47,19990,ENSG00000134954,ETS1,0.02262594774226007
2,2,positive,48,25601,ENSG00000135740,SLC9A5,0.022564958946203615
2,2,positive,49,32143,ENSG00000238120,CTA-941F9.9,0.022557646764738547
2,2,positive,50,19044,ENSG00000162231,NXF1,0.022476437638797427
2,3,negative,1,2798,ENSG00000123685,BATF3,-0.035983049188363016
2,3,negative,2,21062,ENSG00000127328,RAB3IP,-0.03094651319780728
2,3,negative,3,16077,ENSG00000135048,TMEM2,-0.03011304624190148
2,3,negative,4,20322,ENSG00000111276,CDKN1B,-0.03005548896086609
2,3,negative,5,13650,ENSG00000247746,USP51,-0.02988092582958867
2,3,negative,6,23045,ENSG00000119723,COQ6,-0.029736107896036368
2,3,negative,7,15523,ENSG00000250571,GLI4,-0.029613046389725107
2,3,negative,8,4155,ENSG00000135945,REV1,-0.028915680735509486
2,3,negative,9,6991,ENSG00000073849,ST6GAL1,-0.028865648976369587
2,3,negative,10,15809,ENSG00000107201,DDX58,-0.02874993971844934
2,3,negative,11,21499,ENSG00000135116,HRK,-0.028647118316795155
2,3,negative,12,28268,ENSG00000141469,SLC14A1,-0.028644808482269718
2,3,negative,13,14284,ENSG00000185973,TMLHE,-0.02856625882491367
2,3,negative,14,19507,ENSG00000255311,RP11-160H12.2,-0.028520054622363646
2,3,negative,15,25850,ENSG00000153815,CMIP,-0.028502570931366086
2,3,negative,16,665,ENSG00000084636,COL16A1,-0.02847635838880577
2,3,negative,17,2725,ENSG00000162892,IL24,-0.02817873411747914
2,3,negative,18,25290,ENSG00000197302,ZNF720,-0.027971605955212295
2,3,negative,19,24115,ENSG00000137817,PARP6,-0.02795444613422874
2,3,negative,20,19825,ENSG00000186166,CCDC84,-0.02793547294171481
2,3,negative,21,320,ENSG00000171729,TMEM51,-0.02775330558490115
2,3,negative,22,17422,ENSG00000198954,KIAA1279,-0.02773138684338941
2,3,negative,23,19845,ENSG00000110395,CBL,-0.027654422129146723
2,3,negative,24,18391,ENSG00000166387,PPFIBP2,-0.027585301327766147
2,3,negative,25,16419,ENSG00000148218,ALAD,-0.027507050394600486
2,3,negative,26,19920,ENSG00000110013,SIAE,-0.027261669363889067
2,3,negative,27,2765,ENSG00000082497,SERTAD4,-0.027131587578434486
2,3,negative,28,30091,ENSG00000269439,CTD-3131K8.2,-0.02705172126486568
2,3,negative,29,5983,ENSG00000163933,RFT1,-0.026987989443980377
2,3,negative,30,21939,ENSG00000133104,SPG20,-0.026938356705413603
2,3,negative,31,22048,ENSG00000102531,FNDC3A,-0.02686583389776031
2,3,negative,32,3924,ENSG00000124383,MPHOSPH10,-0.026790149473153283
2,3,negative,33,5209,ENSG00000187957,DNER,-0.02667269743074154
2,3,negative,34,14677,ENSG00000156675,RAB11FIP1,-0.02641232254412529
2,3,negative,35,14102,ENSG00000129682,FGF13,-0.026380898271765162
2,3,negative,36,22629,ENSG00000151413,NUBPL,-0.026340525737901473
2,3,negative,37,18658,ENSG00000135373,EHF,-0.026322102379273113
2,3,negative,38,4835,ENSG00000115368,WDR75,-0.026138742152968252
2,3,negative,39,16855,ENSG00000165724,ZMYND19,-0.02604516501035201
2,3,negative,40,28316,ENSG00000172361,CCDC11,-0.026036153711804816
2,3,negative,41,4725,ENSG00000115966,ATF2,-0.025907429444690596
2,3,negative,42,6397,ENSG00000114491,UMPS,-0.02577313363443946
2,3,negative,43,30934,ENSG00000104812,GYS1,-0.025711982110214828
2,3,negative,44,22895,ENSG00000027075,PRKCH,-0.025666585420585277
2,3,negative,45,11799,ENSG00000240859,AC093627.10,-0.02563155139508451
2,3,negative,46,29856,ENSG00000198551,ZNF627,-0.025482173137650742
2,3,negative,47,12511,ENSG00000127989,MTERF,-0.025423309026286
2,3,negative,48,30630,ENSG00000142039,CCDC97,-0.02539846449538718
2,3,negative,49,9717,ENSG00000113578,FGF1,-0.025367298520854748
2,3,negative,50,7461,ENSG00000121897,LIAS,-0.02524390128843898
2,3,positive,1,7658,ENSG00000181617,FDCSP,0.044363658100915006
2,3,positive,2,30846,ENSG00000181027,FKRP,0.03093014746312396
2,3,positive,3,1167,ENSG00000116675,DNAJC6,0.028315655115982927
2,3,positive,4,14650,ENSG00000254194,RP1-273G13.3,0.027486827651555145
2,3,positive,5,26836,ENSG00000006074,CCL18,0.027360414239915806
2,3,positive,6,521,ENSG00000261025,RP11-84D1.2,0.02717852685952896
2,3,positive,7,26302,ENSG00000182224,CYB5D1,0.02658357997528537
2,3,positive,8,10815,ENSG00000124615,MOCS1,0.026228195615624228
2,3,positive,9,4173,ENSG00000272902,RP11-299H21.1,0.026058216041233012
2,3,positive,10,28352,ENSG00000206129,CTD-2008L17.2,0.02595726519467113
2,3,positive,11,21962,ENSG00000133103,COG6,0.025919929497450662
2,3,positive,12,2849,ENSG00000116141,MARK1,0.025810199985523488
2,3,positive,13,10672,ENSG00000204301,NOTCH4,0.025712526782832108
2,3,positive,14,16949,ENSG00000223784,RP11-554I8.2,0.02564911941075506
2,3,positive,15,17405,ENSG00000108176,DNAJC12,0.02563333421579387
2,3,positive,16,6359,ENSG00000051341,POLQ,0.025211319646070752
2,3,positive,17,19345,ENSG00000254469,RP11-849H4.2,0.024960894384220722
2,3,positive,18,22638,ENSG00000258580,RP11-320M16.2,0.024853563261291123
2,3,positive,19,20351,ENSG00000111341,MGP,0.02481557022557365
2,3,positive,20,5633,ENSG00000170293,CMTM8,0.02420370890174704
2,3,positive,21,1366,ENSG00000122483,CCDC18,0.024187459712968627
2,3,positive,22,32118,ENSG00000100344,PNPLA3,0.024144851077265123
2,3,positive,23,16393,ENSG00000242616,GNG10,0.023974340318303224
2,3,positive,24,1670,ENSG00000188610,FAM72B,0.023910444779984677
2,3,positive,25,17434,ENSG00000171224,C10orf35,0.02379902626327673
2,3,positive,26,6961,ENSG00000113790,EHHADH,0.023792601610293427
2,3,positive,27,23678,ENSG00000259330,LINC00984,0.02374876503391267
2,3,positive,28,26141,ENSG00000177602,GSG2,0.023721831825375343
2,3,positive,29,6149,ENSG00000206538,VGLL3,0.023641485757092857
2,3,positive,30,24195,ENSG00000173548,SNX33,0.023495844663168834
2,3,positive,31,4025,ENSG00000186854,TRABD2A,0.02344826030124144
2,3,positive,32,28874,ENSG00000179772,FOXS1,0.02344481543333474
2,3,positive,33,6227,ENSG00000243701,LINC00883,0.023373993388187013
2,3,positive,34,15731,ENSG00000234779,RP11-62F24.2,0.023310218282285827
2,3,positive,35,1537,ENSG00000224699,LAMTOR5-AS1,0.023231116969611304
2,3,positive,36,12404,ENSG00000086730,LAT2,0.023186240144162536
2,3,positive,37,14454,ENSG00000155970,MICU3,0.023138534368338768
2,3,positive,38,29785,ENSG00000080573,COL5A3,0.023038716077835662
2,3,positive,39,2763,ENSG00000143469,SYT14,0.022969880740259553
2,3,positive,40,8973,ENSG00000123213,NLN,0.022691007592906345
2,3,positive,41,24177,ENSG00000198794,SCAMP5,0.0226574436603515
2,3,positive,42,28271,ENSG00000152229,PSTPIP2,0.02255948834810428
2,3,positive,43,8852,ENSG00000272335,RP11-53O19.3,0.02254409383311506
2,3,positive,44,4471,ENSG00000176771,NCKAP5,0.022477200410171094
2,3,positive,45,15228,ENSG00000246263,KB-431C1.4,0.022377728926648355
2,3,positive,46,22838,ENSG00000139946,PELI2,0.022328703950534805
2,3,positive,47,15813,ENSG00000241043,GVQW1,0.022299968305641155
2,3,positive,48,31848,ENSG00000273387,RP3-412A9.16,0.022172852597556046
2,3,positive,49,12696,ENSG00000222011,FAM185A,0.02208707808502347
2,3,positive,50,3542,ENSG00000163803,PLB1,0.02207876770296783
2,4,negative,1,23595,ENSG00000166922,SCG5,-0.03133114043584974
2,4,negative,2,5963,ENSG00000114854,TNNC1,-0.031160790444276158
2,4,negative,3,17249,ENSG00000165507,C10orf10,-0.030660691802587698
2,4,negative,4,18717,ENSG00000175274,TP53I11,-0.03056902171885058
2,4,negative,5,9751,ENSG00000164266,SPINK1,-0.030551554776699127
2,4,negative,6,26774,ENSG00000108691,CCL2,-0.030352669130298757
2,4,negative,7,30863,ENSG00000118162,KPTN,-0.030148446238166215
2,4,negative,8,12397,ENSG00000165171,WBSCR27,-0.02996810437869413
2,4,negative,9,21452,ENSG00000111335,OAS2,-0.02884418325476556
2,4,negative,10,18588,ENSG00000205213,LGR4,-0.028746722889498436
2,4,negative,11,13128,ENSG00000106560,GIMAP2,-0.028534938200136004
2,4,negative,12,32542,ENSG00000183486,MX2,-0.028528563028523184
2,4,negative,13,1404,ENSG00000188641,DPYD,-0.028355412286438727
2,4,negative,14,3527,ENSG00000243943,ZNF512,-0.027779470621358163
2,4,negative,15,277,ENSG00000048707,VPS13D,-0.027758059532243553
2,4,negative,16,7698,ENSG00000163734,CXCL3,-0.027711639473398223
2,4,negative,17,28750,ENSG00000125846,ZNF133,-0.027415613943003386
2,4,negative,18,26102,ENSG00000141258,SGSM2,-0.027393232182580007
2,4,negative,19,31940,ENSG00000128311,TST,-0.027320243457017942
2,4,negative,20,10607,ENSG00000227507,LTB,-0.02730802737622677
2,4,negative,21,9063,ENSG00000171617,ENC1,-0.027285780680493005
2,4,negative,22,8768,ENSG00000164187,LMBRD2,-0.02709531151859976
2,4,negative,23,9121,ENSG00000164300,SERINC5,-0.026888740012776528
2,4,negative,24,27338,ENSG00000108846,ABCC3,-0.026862164576379653
2,4,negative,25,23993,ENSG00000138613,APH1B,-0.02683596918859454
2,4,negative,26,21985,ENSG00000133106,EPSTI1,-0.026801386034622142
2,4,negative,27,4049,ENSG00000115525,ST3GAL5,-0.026465782199136995
2,4,negative,28,7741,ENSG00000138771,SHROOM3,-0.02620355834303606
2,4,negative,29,20603,ENSG00000167528,ZNF641,-0.026105760506577272
2,4,negative,30,15644,ENSG00000147852,VLDLR,-0.025930843532975076
2,4,negative,31,27807,ENSG00000226137,BAIAP2-AS1,-0.02589239882129771
2,4,negative,32,9158,ENSG00000164176,EDIL3,-0.025877385836194155
2,4,negative,33,25263,ENSG00000178226,PRSS36,-0.025771846545851223
2,4,negative,34,20212,ENSG00000059804,SLC2A3,-0.025763264218711966
2,4,negative,35,19355,ENSG00000110195,FOLR1,-0.025666709000186173
2,4,negative,36,7822,ENSG00000118785,SPP1,-0.025619361089826022
2,4,negative,37,21944,ENSG00000120693,SMAD9,-0.025589285192757927
2,4,negative,38,20351,ENSG00000111341,MGP,-0.02542799943716832
2,4,negative,39,8456,ENSG00000164342,TLR3,-0.02530436576024506
2,4,negative,40,16595,ENSG00000148346,LCN2,-0.025286462560013285
2,4,negative,41,19617,ENSG00000023445,BIRC3,-0.025268576359683766
2,4,negative,42,12567,ENSG00000164715,LMTK2,-0.02526020244018348
2,4,negative,43,3278,ENSG00000134326,CMPK2,-0.025168038741678292
2,4,negative,44,16583,ENSG00000167103,PIP5KL1,-0.025133211107430612
2,4,negative,45,18704,ENSG00000187479,C11orf96,-0.025124681574263015
2,4,negative,46,1824,ENSG00000023902,PLEKHO1,-0.025067669820444616
2,4,negative,47,26904,ENSG00000263874,LINC00672,-0.024868753182612134
2,4,negative,48,19100,ENSG00000168071,CCDC88B,-0.024867639258078476
2,4,negative,49,31275,ENSG00000171425,ZNF581,-0.02474146206117062
2,4,negative,50,12620,ENSG00000197093,GAL3ST4,-0.02461911659170136
2,4,positive,1,1960,ENSG00000143556,S100A7,0.04506463168175951
2,4,positive,2,19182,ENSG00000175592,FOSL1,0.037822431018955646
2,4,positive,3,26824,ENSG00000161570,CCL5,0.03415259974566879
2,4,positive,4,1957,ENSG00000143546,S100A8,0.02946783766783529
2,4,positive,5,18896,ENSG00000110031,LPXN,0.025816664471363618
2,4,positive,6,30202,ENSG00000160352,ZNF714,0.02569868305533226
2,4,positive,7,15320,ENSG00000136982,DSCC1,0.02481881012419605
2,4,positive,8,27022,ENSG00000171346,KRT15,0.024626593782417588
2,4,positive,9,4278,ENSG00000169679,BUB1,0.0244833317286852
2,4,positive,10,17227,ENSG00000198298,ZNF485,0.02413029496386467
2,4,positive,11,11614,ENSG00000131016,AKAP12,0.02410134041996013
2,4,positive,12,5279,ENSG00000123485,HJURP,0.023620428416954616
2,4,positive,13,5470,ENSG00000156983,BRPF1,0.023433094633348764
2,4,positive,14,14539,ENSG00000104689,TNFRSF10A,0.023218403826694097
2,4,positive,15,19935,ENSG00000149548,CCDC15,0.02320078032864322
2,4,positive,16,27546,ENSG00000154217,PITPNC1,0.02313683108584718
2,4,positive,17,22256,ENSG00000228889,UBAC2-AS1,0.02305695100806407
2,4,positive,18,21509,ENSG00000111445,RFC5,0.022891697978303847
2,4,positive,19,29315,ENSG00000101187,SLCO4A1,0.02282656770575198
2,4,positive,20,12665,ENSG00000128564,VGF,0.02278217588246203
2,4,positive,21,26218,ENSG00000129195,FAM64A,0.022748365354787636
2,4,positive,22,15011,ENSG00000104432,IL7,0.022548754749432333
2,4,positive,23,30240,ENSG00000196081,ZNF724P,0.022358904353202553
2,4,positive,24,26985,ENSG00000212724,KRTAP2-3,0.022173534389447674
2,4,positive,25,1955,ENSG00000163220,S100A9,0.02213501039498879
2,4,positive,26,578,ENSG00000158246,FAM46B,0.022013597269292477
2,4,positive,27,1691,ENSG00000232336,RP11-782C8.3,0.021895528340916882
2,4,positive,28,4940,ENSG00000082126,MPP4,0.0218334610049418
2,4,positive,29,8248,ENSG00000121211,MND1,0.021590053084671348
2,4,positive,30,26024,ENSG00000187741,FANCA,0.021487373390693155
2,4,positive,31,4176,ENSG00000175874,CREG2,0.021428992072607924
2,4,positive,32,16909,ENSG00000231298,LINC00704,0.021388308125716512
2,4,positive,33,15028,ENSG00000076641,PAG1,0.02135421856195588
2,4,positive,34,6191,ENSG00000240476,LINC00973,0.021186416710735737
2,4,positive,35,5456,ENSG00000070950,RAD18,0.021100553621992098
2,4,positive,36,744,ENSG00000092853,CLSPN,0.02108831510293284
2,4,positive,37,14646,ENSG00000198042,MAK16,0.021013274666744186
2,4,positive,38,30283,ENSG00000105173,CCNE1,0.020940962881455426
2,4,positive,39,1793,ENSG00000203817,FAM72C,0.0208468705634075
2,4,positive,40,2920,ENSG00000183814,LIN9,0.020716938852937326
2,4,positive,41,5890,ENSG00000183763,TRAIP,0.020695360732686185
2,4,positive,42,2266,ENSG00000143228,NUF2,0.020633912191526965
2,4,positive,43,13878,ENSG00000158427,TMSB15B,0.020625945669274802
2,4,positive,44,17741,ENSG00000213390,ARHGAP19,0.020488871614604037
2,4,positive,45,31156,ENSG00000203326,ZNF525,0.020313613179505453
2,4,positive,46,11037,ENSG00000198225,FKBP1C,0.02020153806294517
2,4,positive,47,21969,ENSG00000102743,SLC25A15,0.02005001997717637
2,4,positive,48,19699,ENSG00000086848,ALG9,0.019956910052890398
2,4,positive,49,15407,ENSG00000246228,CASC8,0.019922206785286913
2,4,positive,50,30663,ENSG00000028277,POU2F2,0.019898005947632844
2,5,negative,1,32534,ENSG00000183036,PCP4,-0.036585240691845516
2,5,negative,2,12392,ENSG00000106089,STX1A,-0.030008239587325614
2,5,negative,3,8182,ENSG00000151611,MMAA,-0.028430113075237528
2,5,negative,4,31206,ENSG00000182909,LENG9,-0.028065808097385184
2,5,negative,5,28242,ENSG00000260552,RP11-49I11.1,-0.027359130436158355
2,5,negative,6,24089,ENSG00000245750,RP11-279F6.1,-0.027216052082507096
2,5,negative,7,4303,ENSG00000144136,SLC20A1,-0.026688603049485397
2,5,negative,8,13442,ENSG00000156313,RPGR,-0.02655084656971623
2,5,negative,9,17488,ENSG00000236756,DNAJC9-AS1,-0.02632720085906252
2,5,negative,10,28030,ENSG00000154856,APCDD1,-0.026111905271959963
2,5,negative,11,22028,ENSG00000136141,LRCH1,-0.025626328600395102
2,5,negative,12,2761,ENSG00000117595,IRF6,-0.025363581780840132
2,5,negative,13,16850,ENSG00000188833,ENTPD8,-0.02489553292808443
2,5,negative,14,22941,ENSG00000176153,GPX2,-0.024186057982463968
2,5,negative,15,29399,ENSG00000129946,SHC2,-0.023878089454265346
2,5,negative,16,28228,ENSG00000186814,ZSCAN30,-0.023840179426491328
2,5,negative,17,21460,ENSG00000186815,TPCN1,-0.023781756300583098
2,5,negative,18,6843,ENSG00000144959,NCEH1,-0.023653990976443304
2,5,negative,19,18031,ENSG00000182022,CHST15,-0.02358691656430175
2,5,negative,20,15783,ENSG00000107105,ELAVL2,-0.02357307495479113
2,5,negative,21,14461,ENSG00000003989,SLC7A2,-0.023254536688305367
2,5,negative,22,12528,ENSG00000188175,HEPACAM2,-0.02316999796789379
2,5,negative,23,29191,ENSG00000101096,NFATC2,-0.0230986998066002
2,5,negative,24,8432,ENSG00000164306,PRIMPOL,-0.02302384199336597
2,5,negative,25,12498,ENSG00000164647,STEAP1,-0.022967227204502342
2,5,negative,26,7727,ENSG00000138744,NAAA,-0.022754037510423656
2,5,negative,27,32,ENSG00000223764,RP11-54O7.3,-0.02274826064789371
2,5,negative,28,4992,ENSG00000118263,KLF7,-0.022601002038713253
2,5,negative,29,20976,ENSG00000221949,C12orf61,-0.02248986630979703
2,5,negative,30,2386,ENSG00000227373,RP11-160H22.5,-0.02241533180145935
2,5,negative,31,17879,ENSG00000107954,NEURL1,-0.022384923932345792
2,5,negative,32,31913,ENSG00000198125,MB,-0.022384359512392312
2,5,negative,33,8947,ENSG00000130449,ZSWIM6,-0.02216552111442605
2,5,negative,34,6919,ENSG00000176597,B3GNT5,-0.022073800221526853
2,5,negative,35,22149,ENSG00000136111,TBC1D4,-0.02199946651577837
2,5,negative,36,5423,ENSG00000271870,RP11-97C16.1,-0.021989592362478858
2,5,negative,37,17495,ENSG00000166348,USP54,-0.02192779372345695
2,5,negative,38,24927,ENSG00000069764,PLA2G10,-0.021912680384582266
2,5,negative,39,5984,ENSG00000163932,PRKCD,-0.021799871666164494
2,5,negative,40,16927,ENSG00000242147,RP13-463N16.6,-0.021612324688911434
2,5,negative,41,2877,ENSG00000154309,DISP1,-0.021592511794419414
2,5,negative,42,26904,ENSG00000263874,LINC00672,-0.02157249567198414
2,5,negative,43,16550,ENSG00000167081,PBX3,-0.02156482129083495
2,5,negative,44,14699,ENSG00000253361,RP11-675F6.3,-0.021540820193998365
2,5,negative,45,12525,ENSG00000237819,AC002454.1,-0.02152981899294986
2,5,negative,46,13685,ENSG00000090776,EFNB1,-0.02151068553361061
2,5,negative,47,21386,ENSG00000135093,USP30,-0.021508068347708797
2,5,negative,48,4314,ENSG00000136689,IL1RN,-0.021426519479302648
2,5,negative,49,19696,ENSG00000170145,SIK2,-0.021384599906541988
2,5,negative,50,24877,ENSG00000185338,SOCS1,-0.021293350943574263
2,5,positive,1,30203,ENSG00000196705,ZNF431,0.04149257230553358
2,5,positive,2,27162,ENSG00000131094,C1QL1,0.03690752053929058
2,5,positive,3,2204,ENSG00000158764,ITLN2,0.03459288458472632
2,5,positive,4,8144,ENSG00000109436,TBC1D9,0.033766190850042684
2,5,positive,5,20305,ENSG00000197870,PRB3,0.03180819213802246
2,5,positive,6,27926,ENSG00000176912,C18orf56,0.03167902265652493
2,5,positive,7,17681,ENSG00000174721,FGFBP3,0.030803675229210313
2,5,positive,8,4091,ENSG00000163067,ZNF2,0.030542186836182837
2,5,positive,9,9067,ENSG00000198780,FAM169A,0.030071884064771563
2,5,positive,10,31074,ENSG00000160318,CLDND2,0.02951171602112938
2,5,positive,11,24018,ENSG00000140451,PIF1,0.029478358040337705
2,5,positive,12,23080,ENSG00000170345,FOS,0.028794817266891
2,5,positive,13,27099,ENSG00000175906,ARL4D,0.02869678579633209
2,5,positive,14,734,ENSG00000197056,ZMYM1,0.028667762849510788
2,5,positive,15,9580,ENSG00000112984,KIF20A,0.028607597227997408
2,5,positive,16,5941,ENSG00000090097,PCBP4,0.028593041224727417
2,5,positive,17,27303,ENSG00000108813,DLX4,0.02851452085273635
2,5,positive,18,24876,ENSG00000175643,RMI2,0.027829233578946785
2,5,positive,19,20978,ENSG00000111110,PPM1H,0.027548223919551643
2,5,positive,20,29886,ENSG00000196466,ZNF799,0.027198144808111186
2,5,positive,21,18449,ENSG00000247271,ZBED5-AS1,0.027176651613774756
2,5,positive,22,555,ENSG00000130695,CEP85,0.027109643142292174
2,5,positive,23,11590,ENSG00000186625,KATNA1,0.026990746553157613
2,5,positive,24,215,ENSG00000180758,GPR157,0.026907180756930996
2,5,positive,25,9952,ENSG00000040275,SPDL1,0.026811659341557652
2,5,positive,26,5870,ENSG00000114316,USP4,0.02675108168462474
2,5,positive,27,22422,ENSG00000129484,PARP2,0.026742338732230943
2,5,positive,28,965,ENSG00000123473,STIL,0.026513467251571884
2,5,positive,29,18489,ENSG00000175868,CALCB,0.026443312418846867
2,5,positive,30,15539,ENSG00000147813,NAPRT1,0.02637794184782165
2,5,positive,31,19764,ENSG00000137656,BUD13,0.026342602630023408
2,5,positive,32,28335,ENSG00000101751,POLI,0.026335742141837908
2,5,positive,33,11975,ENSG00000106541,AGR2,0.0262708704349819
2,5,positive,34,7107,ENSG00000232065,LINC01063,0.026178431995964632
2,5,positive,35,7911,ENSG00000138778,CENPE,0.02598906714509098
2,5,positive,36,22787,ENSG00000139926,FRMD6,0.02596116448442753
2,5,positive,37,16997,ENSG00000065328,MCM10,0.025906773436434258
2,5,positive,38,4563,ENSG00000157827,FMNL2,0.025862698786249635
2,5,positive,39,30370,ENSG00000105711,SCN1B,0.0258545384915813
2,5,positive,40,25162,ENSG00000103485,QPRT,0.02548351937873241
2,5,positive,41,14234,ENSG00000177854,TMEM187,0.0254746682167853
2,5,positive,42,32647,ENSG00000183250,C21orf67,0.02546617937368642
2,5,positive,43,27026,ENSG00000186847,KRT14,0.025370255966896925
2,5,positive,44,25980,ENSG00000174177,CTU2,0.025317378346825993
2,5,positive,45,3963,ENSG00000159239,C2orf81,0.025169403021108497
2,5,positive,46,19703,ENSG00000109846,CRYAB,0.025168113138100454
2,5,positive,47,9408,ENSG00000168944,CEP120,0.02514816272926707
2,5,positive,48,18429,ENSG00000166483,WEE1,0.025052074191482712
2,5,positive,49,19598,ENSG00000183340,JRKL,0.024963699462132182
2,5,positive,50,12592,ENSG00000221909,FAM200A,0.024840341019172905
2,6,negative,1,1966,ENSG00000196754,S100A2,-0.03264494650183454
2,6,negative,2,31940,ENSG00000128311,TST,-0.0325268770399988
2,6,negative,3,3643,ENSG00000231312,AC007246.3,-0.031439231757138975
2,6,negative,4,11062,ENSG00000119900,OGFRL1,-0.031233059223653135
2,6,negative,5,10231,ENSG00000272142,RP11-428J1.5,-0.031078123032446604
2,6,negative,6,16641,ENSG00000188483,IER5L,-0.030369359598486117
2,6,negative,7,31408,ENSG00000083812,ZNF324,-0.029555068676255656
2,6,negative,8,9659,ENSG00000112852,PCDHB2,-0.029231684981962523
2,6,negative,9,4371,ENSG00000163083,INHBB,-0.029205299528920738
2,6,negative,10,4356,ENSG00000115107,STEAP3,-0.029203923938101256
2,6,negative,11,17057,ENSG00000241058,NSUN6,-0.028685730744623047
2,6,negative,12,25147,ENSG00000213658,LAT,-0.028443386315494
2,6,negative,13,8773,ENSG00000079215,SLC1A3,-0.028115126696410107
2,6,negative,14,24867,ENSG00000103274,NUBP1,-0.028106511665988175
2,6,negative,15,12414,ENSG00000174428,GTF2IRD2B,-0.027953846630560258
2,6,negative,16,23049,ENSG00000205659,LIN52,-0.027894137447269162
2,6,negative,17,13149,ENSG00000033100,CHPF2,-0.027382997633663985
2,6,negative,18,20316,ENSG00000165714,LOH12CR1,-0.027379237677886276
2,6,negative,19,1326,ENSG00000213516,RBMXL1,-0.027220629404321118
2,6,negative,20,28287,ENSG00000167220,HDHD2,-0.027008662823160164
2,6,negative,21,10860,ENSG00000024048,UBR2,-0.026912186467985117
2,6,negative,22,24688,ENSG00000008710,PKD1,-0.026757451729355813
2,6,negative,23,335,ENSG00000197312,DDI2,-0.026728834041740288
2,6,negative,24,14585,ENSG00000120915,EPHX2,-0.026722314772364412
2,6,negative,25,6390,ENSG00000239523,MYLK-AS1,-0.026551944530598795
2,6,negative,26,28263,ENSG00000152217,SETBP1,-0.026547504505547312
2,6,negative,27,25243,ENSG00000260852,FBXL19-AS1,-0.02635338712418796
2,6,negative,28,25130,ENSG00000184110,EIF3C,-0.02628372760475494
2,6,negative,29,17588,ENSG00000108219,TSPAN14,-0.02605168873778564
2,6,negative,30,29813,ENSG00000065989,PDE4A,-0.026033802485359667
2,6,negative,31,10407,ENSG00000124610,HIST1H1A,-0.02598625010212643
2,6,negative,32,4653,ENSG00000152253,SPC25,-0.025962188659873216
2,6,negative,33,861,ENSG00000117385,LEPRE1,-0.025951357742758606
2,6,negative,34,31629,ENSG00000185252,ZNF74,-0.02589347457162895
2,6,negative,35,498,ENSG00000117305,HMGCL,-0.025845516880275553
2,6,negative,36,7531,ENSG00000145247,OCIAD2,-0.025722245523726837
2,6,negative,37,3474,ENSG00000268412,AC013449.1,-0.025609117198778016
2,6,negative,38,12818,ENSG00000071243,ING3,-0.025450461712639087
2,6,negative,39,22575,ENSG00000213903,LTB4R,-0.025394375807490474
2,6,negative,40,16607,ENSG00000167114,SLC27A4,-0.025335744505871262
2,6,negative,41,28931,ENSG00000078747,ITCH,-0.025230300540166055
2,6,negative,42,22563,ENSG00000213920,MDP1,-0.025227094833329945
2,6,negative,43,21302,ENSG00000111670,GNPTAB,-0.02512940404079632
2,6,negative,44,8592,ENSG00000112941,PAPD7,-0.025008709306141266
2,6,negative,45,31669,ENSG00000100034,PPM1F,-0.02498804637684836
2,6,negative,46,30206,ENSG00000196268,ZNF493,-0.024805207495128278
2,6,negative,47,568,ENSG00000060642,PIGV,-0.024787539548909825
2,6,negative,48,32534,ENSG00000183036,PCP4,-0.024673127608462363
2,6,negative,49,7273,ENSG00000087008,ACOX3,-0.024581968985622805
2,6,negative,50,25499,ENSG00000205336,GPR56,-0.024552859549911266
2,6,positive,1,32607,ENSG00000160223,ICOSLG,0.03501166862411842
2,6,positive,2,20572,ENSG00000272369,RP11-446N19.1,0.03474926535914461
2,6,positive,3,2085,ENSG00000183856,IQGAP3,0.0335415828819387
2,6,positive,4,9751,ENSG00000164266,SPINK1,0.031643709144002295
2,6,positive,5,26500,ENSG00000177427,MIEF2,0.03059034094391838
2,6,positive,6,25450,ENSG00000198848,CES1,0.02811900255485219
2,6,positive,7,10934,ENSG00000112796,ENPP5,0.027832079041841592
2,6,positive,8,17427,ENSG00000156510,HKDC1,0.027337316034514128
2,6,positive,9,32542,ENSG00000183486,MX2,0.027256105158399244
2,6,positive,10,20821,ENSG00000135447,PPP1R1A,0.027033890089898954
2,6,positive,11,17692,ENSG00000095596,CYP26A1,0.02697110748222752
2,6,positive,12,17870,ENSG00000148835,TAF5,0.02685597924167545
2,6,positive,13,21567,ENSG00000135114,OASL,0.026825586671684745
2,6,positive,14,17119,ENSG00000120539,MASTL,0.026677254689318492
2,6,positive,15,18523,ENSG00000173432,SAA1,0.026319397703008205
2,6,positive,16,28400,ENSG00000141682,PMAIP1,0.026061219475126667
2,6,positive,17,17466,ENSG00000122863,CHST3,0.02598812521856772
2,6,positive,18,30976,ENSG00000126460,PRRG2,0.0257626964423976
2,6,positive,19,486,ENSG00000204219,TCEA3,0.025724096403070964
2,6,positive,20,3716,ENSG00000236824,BCYRN1,0.025676820300417312
2,6,positive,21,549,ENSG00000175087,PDIK1L,0.0256540087078649
2,6,positive,22,31866,ENSG00000100150,DEPDC5,0.025573955480680782
2,6,positive,23,19279,ENSG00000255031,RP11-802E16.3,0.025528266126129396
2,6,positive,24,1715,ENSG00000272755,RP11-326G21.1,0.02537337870596827
2,6,positive,25,23802,ENSG00000140274,DUOXA2,0.025271977194457004
2,6,positive,26,21023,ENSG00000127311,HELB,0.024977942959297814
2,6,positive,27,15141,ENSG00000197275,RAD54B,0.02492751960997924
2,6,positive,28,18522,ENSG00000134339,SAA2,0.024567136029356094
2,6,positive,29,18429,ENSG00000166483,WEE1,0.02442968726610306
2,6,positive,30,3350,ENSG00000134324,LPIN1,0.024426443323857447
2,6,positive,31,27215,ENSG00000178852,EFCAB13,0.024397512966924356
2,6,positive,32,14831,ENSG00000181690,PLAG1,0.0243855969433372
2,6,positive,33,20193,ENSG00000182326,C1S,0.024290321352810444
2,6,positive,34,17647,ENSG00000107796,ACTA2,0.024276295779102633
2,6,positive,35,24757,ENSG00000008517,IL32,0.024152424012012414
2,6,positive,36,28914,ENSG00000125967,NECAB3,0.024115051890412197
2,6,positive,37,26474,ENSG00000179598,PLD6,0.02407814870282342
2,6,positive,38,21236,ENSG00000136040,PLXNC1,0.023884666423737332
2,6,positive,39,10791,ENSG00000172738,TMEM217,0.02388006419377775
2,6,positive,40,32332,ENSG00000154734,ADAMTS1,0.02377521699908237
2,6,positive,41,31006,ENSG00000142528,ZNF473,0.023667540208263897
2,6,positive,42,17162,ENSG00000216937,CCDC7,0.02361583346903823
2,6,positive,43,5489,ENSG00000144554,FANCD2,0.023551955160717966
2,6,positive,44,29572,ENSG00000060566,CREB3L3,0.023500614250553907
2,6,positive,45,1360,ENSG00000162676,GFI1,0.023403912227366666
2,6,positive,46,25252,ENSG00000167394,ZNF668,0.023368950095096003
2,6,positive,47,8836,ENSG00000151882,CCL28,0.023335417034819332
2,6,positive,48,2208,ENSG00000158773,USF1,0.02330810601457245
2,6,positive,49,16290,ENSG00000095383,TBC1D2,0.023240104028584972
2,6,positive,50,8657,ENSG00000145569,FAM105A,0.023183855047422063
2,7,negative,1,19877,ENSG00000137642,SORL1,-0.03183670494707324
2,7,negative,2,15443,ENSG00000261220,RP11-629O1.2,-0.031551398002390096
2,7,negative,3,27546,ENSG00000154217,PITPNC1,-0.028821772714359126
2,7,negative,4,30647,ENSG00000105388,CEACAM5,-0.028396600908347242
2,7,negative,5,20352,ENSG00000139055,ERP27,-0.027900330755846414
2,7,negative,6,32218,ENSG00000273272,CTA-384D8.34,-0.027092285103521775
2,7,negative,7,26022,ENSG00000261373,VPS9D1-AS1,-0.027001821505159014
2,7,negative,8,4469,ENSG00000150551,LYPD1,-0.026965667441341507
2,7,negative,9,19302,ENSG00000172927,MYEOV,-0.026600537202564854
2,7,negative,10,9921,ENSG00000072571,HMMR,-0.02654485980555679
2,7,negative,11,4762,ENSG00000196659,TTC30B,-0.026352757430908216
2,7,negative,12,4653,ENSG00000152253,SPC25,-0.025132746541277482
2,7,negative,13,203,ENSG00000238290,RP11-431K24.1,-0.024538391721657657
2,7,negative,14,17436,ENSG00000197467,COL13A1,-0.02428723413694803
2,7,negative,15,26521,ENSG00000188522,FAM83G,-0.02374854790851908
2,7,negative,16,6850,ENSG00000177694,NAALADL2,-0.02367598209888064
2,7,negative,17,483,ENSG00000125945,ZNF436,-0.023306989903973837
2,7,negative,18,26019,ENSG00000260259,RP11-368I7.4,-0.02319703905174142
2,7,negative,19,18910,ENSG00000110042,DTX4,-0.023185264190563132
2,7,negative,20,13680,ENSG00000169083,AR,-0.023175815785975665
2,7,negative,21,5103,ENSG00000273466,RP11-548H3.1,-0.0230359647242012
2,7,negative,22,2249,ENSG00000198929,NOS1AP,-0.023031753817701762
2,7,negative,23,7839,ENSG00000251095,RP11-115D19.1,-0.022980318893571026
2,7,negative,24,13216,ENSG00000155093,PTPRN2,-0.022954119676851903
2,7,negative,25,1709,ENSG00000168614,NBPF9,-0.022766366468451156
2,7,negative,26,10459,ENSG00000184825,HIST1H2AH,-0.022757725750263087
2,7,negative,27,9785,ENSG00000183111,ARHGEF37,-0.022747358809306374
2,7,negative,28,16458,ENSG00000136869,TLR4,-0.02272861082539355
2,7,negative,29,4508,ENSG00000115919,KYNU,-0.0225285192305494
2,7,negative,30,29235,ENSG00000101144,BMP7,-0.02244829016240386
2,7,negative,31,7391,ENSG00000053900,ANAPC4,-0.022354439624173578
2,7,negative,32,30649,ENSG00000086548,CEACAM6,-0.02233508402265204
2,7,negative,33,26261,ENSG00000215041,NEURL4,-0.02232260654685501
2,7,negative,34,12716,ENSG00000272918,CTB-152G17.6,-0.022282850798093407
2,7,negative,35,19971,ENSG00000150455,TIRAP,-0.02226507252596226
2,7,negative,36,17664,ENSG00000138182,KIF20B,-0.022017537615672263
2,7,negative,37,21733,ENSG00000185684,EP400NL,-0.021962930292619903
2,7,negative,38,23217,ENSG00000100784,RPS6KA5,-0.021946217765052223
2,7,negative,39,28148,ENSG00000154040,CABYR,-0.021920590607033167
2,7,negative,40,24708,ENSG00000162063,CCNF,-0.021892365686155407
2,7,negative,41,23700,ENSG00000166143,PPP1R14D,-0.021881067290606345
2,7,negative,42,17415,ENSG00000138346,DNA2,-0.021783902286257935
2,7,negative,43,1743,ENSG00000186275,NBPF12,-0.021771067967756654
2,7,negative,44,20489,ENSG00000235884,LINC00941,-0.021605724397016284
2,7,negative,45,26,ENSG00000225880,LINC00115,-0.02156939026954743
2,7,negative,46,30439,ENSG00000075702,WDR62,-0.02151913995740546
2,7,negative,47,27132,ENSG00000260793,RP5-882C2.2,-0.021433030229235296
2,7,negative,48,2543,ENSG00000116741,RGS2,-0.02142423215396075
2,7,negative,49,15945,ENSG00000204860,FAM201A,-0.02137933866844277
2,7,negative,50,12339,ENSG00000189316,RP11-797H7.5,-0.02132364404784443
2,7,positive,1,7250,ENSG00000163993,S100P,0.041812916664499024
2,7,positive,2,9802,ENSG00000171992,SYNPO,0.03332127383965473
2,7,positive,3,4409,ENSG00000072163,LIMS2,0.032835303415455735
2,7,positive,4,3691,ENSG00000116016,EPAS1,0.032805437058818505
2,7,positive,5,3621,ENSG00000138061,CYP1B1,0.03277840289033976
2,7,positive,6,18167,ENSG00000247095,MIR210HG,0.03257046586074944
2,7,positive,7,26985,ENSG00000212724,KRTAP2-3,0.032336272693948676
2,7,positive,8,3535,ENSG00000171174,RBKS,0.030874375861754632
2,7,positive,9,27051,ENSG00000167925,GHDC,0.03049382277678522
2,7,positive,10,11516,ENSG00000164442,CITED2,0.03032886675161495
2,7,positive,11,29214,ENSG00000019186,CYP24A1,0.03010720252805747
2,7,positive,12,4115,ENSG00000196843,ARID5A,0.030013682003650077
2,7,positive,13,11362,ENSG00000164465,DCBLD1,0.029889541025198394
2,7,positive,14,13104,ENSG00000181220,ZNF746,0.02986584122679017
2,7,positive,15,14945,ENSG00000140396,NCOA2,0.029815218380228516
2,7,positive,16,17096,ENSG00000099256,PRTFDC1,0.02973206898884206
2,7,positive,17,31003,ENSG00000169136,ATF5,0.029425200748603837
2,7,positive,18,22673,ENSG00000136327,NKX2-8,0.029374625050687872
2,7,positive,19,7721,ENSG00000174792,C4orf26,0.0293310331547838
2,7,positive,20,16488,ENSG00000106852,LHX6,0.029041708316164035
2,7,positive,21,316,ENSG00000116731,PRDM2,0.02896603699758087
2,7,positive,22,31770,ENSG00000233521,RP5-1172A22.1,0.028911843356604565
2,7,positive,23,12435,ENSG00000243566,UPK3B,0.028422561866795988
2,7,positive,24,10959,ENSG00000197261,C6orf141,0.028369090438924157
2,7,positive,25,14610,ENSG00000120875,DUSP4,0.02832866092709066
2,7,positive,26,2034,ENSG00000169231,THBS3,0.028017802717359142
2,7,positive,27,27221,ENSG00000198933,TBKBP1,0.027767944786662453
2,7,positive,28,10231,ENSG00000272142,RP11-428J1.5,0.027736204535705113
2,7,positive,29,4102,ENSG00000186281,GPAT2,0.027587563659281576
2,7,positive,30,3984,ENSG00000135622,SEMA4F,0.027498081491862246
2,7,positive,31,30036,ENSG00000127528,KLF2,0.027453832106999494
2,7,positive,32,15529,ENSG00000158106,RHPN1,0.027330568918383733
2,7,positive,33,1593,ENSG00000116793,PHTF1,0.027320876686103307
2,7,positive,34,19241,ENSG00000173020,ADRBK1,0.02731463064093306
2,7,positive,35,15620,ENSG00000170631,ZNF16,0.027313122761681134
2,7,positive,36,18704,ENSG00000187479,C11orf96,0.027305884686869262
2,7,positive,37,15470,ENSG00000167632,TRAPPC9,0.02726878396964319
2,7,positive,38,11498,ENSG00000118503,TNFAIP3,0.02718773975894493
2,7,positive,39,8046,ENSG00000138685,FGF2,0.0269725647271181
2,7,positive,40,27200,ENSG00000185829,ARL17A,0.026958711940235205
2,7,positive,41,10211,ENSG00000145945,FAM50B,0.026830286364564644
2,7,positive,42,20317,ENSG00000111266,DUSP16,0.02679927781713786
2,7,positive,43,6205,ENSG00000181458,TMEM45A,0.02666900556814908
2,7,positive,44,26492,ENSG00000171953,ATPAF2,0.02660247419595629
2,7,positive,45,16361,ENSG00000136826,KLF4,0.02652147682434905
2,7,positive,46,7675,ENSG00000080493,SLC4A4,0.0264462992701295
2,7,positive,47,3605,ENSG00000008869,HEATR5B,0.026332034453614706
2,7,positive,48,3638,ENSG00000214694,ARHGEF33,0.0262848690932998
2,7,positive,49,21387,ENSG00000256262,USP30-AS1,0.026207401553724825
2,7,positive,50,25974,ENSG00000051523,CYBA,0.026105333896504677
2,8,negative,1,11284,ENSG00000155085,AK9,-0.03753406184454504
2,8,negative,2,30492,ENSG00000171817,ZNF540,-0.03661895518066377
2,8,negative,3,15257,ENSG00000147650,LRP12,-0.03395115177555172
2,8,negative,4,31006,ENSG00000142528,ZNF473,-0.03355509084763312
2,8,negative,5,32562,ENSG00000160181,TFF2,-0.031743054353021403
2,8,negative,6,785,ENSG00000204084,INPP5B,-0.031318920075471206
2,8,negative,7,30245,ENSG00000197372,ZNF675,-0.029955677384122515
2,8,negative,8,26978,ENSG00000212901,KRTAP3-1,-0.029633589536899086
2,8,negative,9,6412,ENSG00000114544,SLC41A3,-0.02928788930597536
2,8,negative,10,5963,ENSG00000114854,TNNC1,-0.02918275549624686
2,8,negative,11,9215,ENSG00000175745,NR2F1,-0.028282438940019642
2,8,negative,12,10663,ENSG00000204314,PRRT1,-0.028280497103601233
2,8,negative,13,776,ENSG00000134690,CDCA8,-0.02818552310552138
2,8,negative,14,29346,ENSG00000101210,EEF1A2,-0.02810623279253608
2,8,negative,15,1807,ENSG00000264207,RP11-196G18.23,-0.028042378305664178
2,8,negative,16,2814,ENSG00000117724,CENPF,-0.02801037923205031
2,8,negative,17,30489,ENSG00000188227,ZNF793,-0.027866828942814222
2,8,negative,18,24063,ENSG00000270964,RP11-502I4.3,-0.027635612166264287
2,8,negative,19,711,ENSG00000116525,TRIM62,-0.02742881720942214
2,8,negative,20,217,ENSG00000234546,RP3-510D11.2,-0.027275107520434914
2,8,negative,21,30123,ENSG00000130513,GDF15,-0.02706175503647684
2,8,negative,22,23852,ENSG00000166262,FAM227B,-0.026989181392856516
2,8,negative,23,16995,ENSG00000151468,CCDC3,-0.026904782201728136
2,8,negative,24,23048,ENSG00000119711,ALDH6A1,-0.02677282910459342
2,8,negative,25,9861,ENSG00000055163,CYFIP2,-0.0265435504081297
2,8,negative,26,17879,ENSG00000107954,NEURL1,-0.026021468222164394
2,8,negative,27,9049,ENSG00000272525,RP11-79P5.9,-0.025934117318805378
2,8,negative,28,14384,ENSG00000173273,TNKS,-0.02575523852152261
2,8,negative,29,8937,ENSG00000035499,DEPDC1B,-0.02572795604552768
2,8,negative,30,27705,ENSG00000185262,UBALD2,-0.02569781304443367
2,8,negative,31,5312,ENSG00000234949,AC104667.3,-0.025629464231052803
2,8,negative,32,9921,ENSG00000072571,HMMR,-0.025626382650147238
2,8,negative,33,17655,ENSG00000185745,IFIT1,-0.025519610946408554
2,8,negative,34,19042,ENSG00000269176,RP11-727F15.12,-0.025366912402274993
2,8,negative,35,5961,ENSG00000010318,PHF7,-0.025182811366074965
2,8,negative,36,30495,ENSG00000196381,ZNF781,-0.02497021833452568
2,8,negative,37,27869,ENSG00000264569,RP13-650J16.1,-0.0249153935065543
2,8,negative,38,8768,ENSG00000164187,LMBRD2,-0.0248589737690841
2,8,negative,39,30908,ENSG00000088002,SULT2B1,-0.024743768916005097
2,8,negative,40,1778,ENSG00000203832,NBPF20,-0.024669462406003283
2,8,negative,41,27196,ENSG00000214401,KANSL1-AS1,-0.02457519585858259
2,8,negative,42,27647,ENSG00000167861,HID1,-0.024572999694703297
2,8,negative,43,30593,ENSG00000130758,MAP3K10,-0.02448825157993461
2,8,negative,44,16658,ENSG00000167157,PRRX2,-0.0244392258552441
2,8,negative,45,30486,ENSG00000267381,CTD-2086O20.3,-0.02440245573718975
2,8,negative,46,29840,ENSG00000105514,RAB3D,-0.024380409626911948
2,8,negative,47,12411,ENSG00000196275,GTF2IRD2,-0.02405329323004242
2,8,negative,48,1687,ENSG00000231182,RP11-423O2.7,-0.024041794343384233
2,8,negative,49,24718,ENSG00000162066,AMDHD2,-0.024030811272904115
2,8,negative,50,31762,ENSG00000225783,MIAT,-0.02397259790495819
2,8,positive,1,21935,ENSG00000133083,DCLK1,0.04687852778705274
2,8,positive,2,26325,ENSG00000178971,CTC1,0.03470500643552548
2,8,positive,3,10569,ENSG00000137331,IER3,0.030991165769721607
2,8,positive,4,20729,ENSG00000205420,KRT6A,0.030534292633533803
2,8,positive,5,11392,ENSG00000135547,HEY2,0.02976358600006342
2,8,positive,6,7691,ENSG00000169429,IL8,0.029067948280751446
2,8,positive,7,5164,ENSG00000116106,EPHA4,0.028522421664405814
2,8,positive,8,27640,ENSG00000109066,TMEM104,0.02781473088969707
2,8,positive,9,12191,ENSG00000122641,INHBA,0.027784689149201007
2,8,positive,10,15830,ENSG00000165272,AQP3,0.02765964540642942
2,8,positive,11,10061,ENSG00000169220,RGS14,0.027442536631032365
2,8,positive,12,13769,ENSG00000165240,ATP7A,0.02698080869185425
2,8,positive,13,7698,ENSG00000163734,CXCL3,0.026979906856555005
2,8,positive,14,15106,ENSG00000155100,OTUD6B,0.026965143852079126
2,8,positive,15,7900,ENSG00000138821,SLC39A8,0.026731818293786583
2,8,positive,16,25635,ENSG00000261884,CTC-479C5.12,0.026679063222735635
2,8,positive,17,17226,ENSG00000196793,ZNF239,0.026575484744387066
2,8,positive,18,10024,ENSG00000145920,CPLX2,0.02635431600969335
2,8,positive,19,16837,ENSG00000188566,NDOR1,0.026305053363994513
2,8,positive,20,21969,ENSG00000102743,SLC25A15,0.02616348556269172
2,8,positive,21,10918,ENSG00000146232,NFKBIE,0.025753967757623935
2,8,positive,22,6447,ENSG00000179348,GATA2,0.025555771860111237
2,8,positive,23,1965,ENSG00000188015,S100A3,0.025469947111284405
2,8,positive,24,488,ENSG00000007968,E2F2,0.02542207083412529
2,8,positive,25,29123,ENSG00000100985,MMP9,0.02540756103317585
2,8,positive,26,10752,ENSG00000023892,DEF6,0.025348795731362162
2,8,positive,27,27026,ENSG00000186847,KRT14,0.025265415852383417
2,8,positive,28,23992,ENSG00000166128,RAB8B,0.02489421051504282
2,8,positive,29,4621,ENSG00000115267,IFIH1,0.024831762950294326
2,8,positive,30,25619,ENSG00000159753,RLTPR,0.024829804264290968
2,8,positive,31,4267,ENSG00000144063,MALL,0.024698734039171274
2,8,positive,32,22939,ENSG00000257365,FNTB,0.02467347470987401
2,8,positive,33,19854,ENSG00000245248,USP2-AS1,0.024641888401896087
2,8,positive,34,6198,ENSG00000168386,FILIP1L,0.024584744265753078
2,8,positive,35,20079,ENSG00000151062,CACNA2D4,0.02456463883219436
2,8,positive,36,5374,ENSG00000115687,PASK,0.02455435584591392
2,8,positive,37,10554,ENSG00000204576,PRR3,0.02455029928841055
2,8,positive,38,14463,ENSG00000129422,MTUS1,0.02436391753140705
2,8,positive,39,5632,ENSG00000152642,GPD1L,0.024268571584468896
2,8,positive,40,2444,ENSG00000143324,XPR1,0.024174646734557367
2,8,positive,41,21187,ENSG00000139318,DUSP6,0.02411207878025662
2,8,positive,42,32118,ENSG00000100344,PNPLA3,0.02410846726857523
2,8,positive,43,26049,ENSG00000183688,FAM101B,0.02408860411159427
2,8,positive,44,26284,ENSG00000161956,SENP3,0.02408402015860447
2,8,positive,45,6352,ENSG00000163430,FSTL1,0.024030339464051906
2,8,positive,46,26955,ENSG00000131746,TNS4,0.024010627045657082
2,8,positive,47,22740,ENSG00000258486,RN7SL1,0.02395487754910853
2,8,positive,48,21669,ENSG00000256128,LINC00944,0.023896719874430476
2,8,positive,49,7699,ENSG00000081041,CXCL2,0.023847282414593697
2,8,positive,50,25981,ENSG00000103335,PIEZO1,0.023778181069023505
2,9,negative,1,21567,ENSG00000135114,OASL,-0.03993450827015727
2,9,negative,2,17287,ENSG00000165388,ZNF488,-0.037800882270646555
2,9,negative,3,7734,ENSG00000169248,CXCL11,-0.03354379189650123
2,9,negative,4,30545,ENSG00000104835,SARS2,-0.032478427033320795
2,9,negative,5,22458,ENSG00000165795,NDRG2,-0.030267829541798165
2,9,negative,6,13846,ENSG00000158164,TMSB15A,-0.02941563153743933
2,9,negative,7,22556,ENSG00000100918,REC8,-0.029374582307154503
2,9,negative,8,30915,ENSG00000063180,CA11,-0.029252121820093038
2,9,negative,9,7184,ENSG00000068078,FGFR3,-0.029243513239424646
2,9,negative,10,9786,ENSG00000155846,PPARGC1B,-0.02923529628017779
2,9,negative,11,27020,ENSG00000171401,KRT13,-0.02902739406599208
2,9,negative,12,20632,ENSG00000167550,RHEBL1,-0.02889067608801208
2,9,negative,13,21387,ENSG00000256262,USP30-AS1,-0.02884252723803876
2,9,negative,14,3279,ENSG00000134321,RSAD2,-0.02868082693190656
2,9,negative,15,15689,ENSG00000215066,C9orf38,-0.027868526529812025
2,9,negative,16,7733,ENSG00000169245,CXCL10,-0.027808331291841654
2,9,negative,17,28429,ENSG00000206073,SERPINB4,-0.02773659234463393
2,9,negative,18,26558,ENSG00000108602,ALDH3A1,-0.02727642321941317
2,9,negative,19,26296,ENSG00000141499,WRAP53,-0.027166098995630317
2,9,negative,20,28430,ENSG00000057149,SERPINB3,-0.026987930944932563
2,9,negative,21,4684,ENSG00000071967,CYBRD1,-0.026700845696263863
2,9,negative,22,29753,ENSG00000181143,MUC16,-0.026685535065154264
2,9,negative,23,4690,ENSG00000172878,METAP1D,-0.026666711883686977
2,9,negative,24,7273,ENSG00000087008,ACOX3,-0.026442945815396045
2,9,negative,25,17653,ENSG00000119917,IFIT3,-0.026397581623880232
2,9,negative,26,7192,ENSG00000214367,HAUS3,-0.02628825958881991
2,9,negative,27,14466,ENSG00000104760,FGL1,-0.026228688867883543
2,9,negative,28,30245,ENSG00000197372,ZNF675,-0.026175452795748618
2,9,negative,29,26378,ENSG00000273290,CTC-297N7.8,-0.026169603203671104
2,9,negative,30,9823,ENSG00000260581,CTB-113P19.4,-0.026121305778496407
2,9,negative,31,23670,ENSG00000156970,BUB1B,-0.025729108869939406
2,9,negative,32,10695,ENSG00000204257,HLA-DMA,-0.02556204490042757
2,9,negative,33,19999,ENSG00000174370,C11orf45,-0.025491801034506333
2,9,negative,34,17596,ENSG00000271933,RP11-338I21.1,-0.025339761284931088
2,9,negative,35,23890,ENSG00000259178,CTD-2184D3.3,-0.0252997180536996
2,9,negative,36,28210,ENSG00000141441,GAREM,-0.025251101687692325
2,9,negative,37,30333,ENSG00000245848,CEBPA,-0.024655537556033575
2,9,negative,38,21462,ENSG00000151176,PLBD2,-0.024554003269833733
2,9,negative,39,29776,ENSG00000224689,ZNF812,-0.02450119634064941
2,9,negative,40,14102,ENSG00000129682,FGF13,-0.024371093392504532
2,9,negative,41,26826,ENSG00000187456,RDM1,-0.02418944464258999
2,9,negative,42,4554,ENSG00000184898,RBM43,-0.024012038274792227
2,9,negative,43,2469,ENSG00000143333,RGS16,-0.024000317496254985
2,9,negative,44,27137,ENSG00000108309,RUNDC3A,-0.023981324619750423
2,9,negative,45,5032,ENSG00000030419,IKZF2,-0.02394258910237609
2,9,negative,46,5489,ENSG00000144554,FANCD2,-0.023731094413029237
2,9,negative,47,7163,ENSG00000127415,IDUA,-0.023393279425813547
2,9,negative,48,28069,ENSG00000215527,AP005482.1,-0.02311485739166011
2,9,negative,49,19688,ENSG00000214290,COLCA2,-0.022947610382900482
2,9,negative,50,14215,ENSG00000130829,DUSP9,-0.022917168922633485
2,9,positive,1,18248,ENSG00000254827,SLC22A18AS,0.03994283826766792
2,9,positive,2,1929,ENSG00000240386,LCE1F,0.03957602007288759
2,9,positive,3,28432,ENSG00000197632,SERPINB2,0.03763306398013935
2,9,positive,4,26939,ENSG00000108342,CSF3,0.03693208806751297
2,9,positive,5,21795,ENSG00000165474,GJB2,0.03570079946781495
2,9,positive,6,31636,ENSG00000099937,SERPIND1,0.03545352969794985
2,9,positive,7,9045,ENSG00000251493,FOXD1,0.03522613893555799
2,9,positive,8,4185,ENSG00000115602,IL1RL1,0.032810753927250726
2,9,positive,9,21976,ENSG00000102760,RGCC,0.032209382999294274
2,9,positive,10,6587,ENSG00000272565,RP11-485G4.2,0.031439722402584
2,9,positive,11,725,ENSG00000189433,GJB4,0.03142866743218684
2,9,positive,12,7901,ENSG00000248161,RP11-499E18.1,0.031397112909801975
2,9,positive,13,10877,ENSG00000137171,KLC4,0.030325216021747137
2,9,positive,14,19298,ENSG00000162341,TPCN2,0.02943129429721604
2,9,positive,15,21822,ENSG00000127863,TNFRSF19,0.0292913612829881
2,9,positive,16,10952,ENSG00000153294,GPR115,0.028958596777579965
2,9,positive,17,2448,ENSG00000232586,RP11-46A10.4,0.02878815648093645
2,9,positive,18,20950,ENSG00000111012,CYP27B1,0.028760230081332043
2,9,positive,19,12374,ENSG00000158321,AUTS2,0.02872582376616563
2,9,positive,20,26341,ENSG00000133026,MYH10,0.02849132832736452
2,9,positive,21,15476,ENSG00000123908,AGO2,0.028396947715963905
2,9,positive,22,19245,ENSG00000175505,CLCF1,0.028205467986260422
2,9,positive,23,3567,ENSG00000158125,XDH,0.02791720770938584
2,9,positive,24,1821,ENSG00000014914,MTMR11,0.02733879652842184
2,9,positive,25,14623,ENSG00000271869,RP11-51J9.5,0.02715639515538983
2,9,positive,26,10416,ENSG00000010704,HFE,0.026685401865102654
2,9,positive,27,15390,ENSG00000173334,TRIB1,0.02646281441072898
2,9,positive,28,1847,ENSG00000143437,ARNT,0.02642381440952177
2,9,positive,29,14275,ENSG00000155961,RAB39B,0.02621263366065937
2,9,positive,30,4971,ENSG00000118257,NRP2,0.026143371248891174
2,9,positive,31,15011,ENSG00000104432,IL7,0.026135013175955065
2,9,positive,32,242,ENSG00000130940,CASZ1,0.02612423233353762
2,9,positive,33,30663,ENSG00000028277,POU2F2,0.02611424024801982
2,9,positive,34,31852,ENSG00000138942,RNF185,0.026101834871243724
2,9,positive,35,30730,ENSG00000186026,ZNF284,0.026054165636333965
2,9,positive,36,1381,ENSG00000117525,F3,0.025771146866825075
2,9,positive,37,24748,ENSG00000213937,CLDN9,0.025674562474215484
2,9,positive,38,24253,ENSG00000058335,RASGRF1,0.025662575541207662
2,9,positive,39,20487,ENSG00000110888,CAPRIN2,0.025661645375640738
2,9,positive,40,1618,ENSG00000134259,NGF,0.025637292638737194
2,9,positive,41,32566,ENSG00000160188,RSPH1,0.02563288821239075
2,9,positive,42,9054,ENSG00000214944,ARHGEF28,0.025601816671238817
2,9,positive,43,19774,ENSG00000160584,SIK3,0.02553951114304873
2,9,positive,44,24841,ENSG00000140650,PMM2,0.025452940948349722
2,9,positive,45,5779,ENSG00000144791,LIMD1,0.025283716347011802
2,9,positive,46,25682,ENSG00000262136,CTD-2033A16.3,0.025248806570517614
2,9,positive,47,23003,ENSG00000006432,MAP3K9,0.02518790834601298
2,9,positive,48,9720,ENSG00000145819,ARHGAP26,0.025082589165213713
2,9,positive,49,9751,ENSG00000164266,SPINK1,0.024922316241102336
2,9,positive,50,26838,ENSG00000006075,CCL3,0.024899417726208926
2,10,negative,1,5072,ENSG00000115461,IGFBP5,-0.03214816317817013
2,10,negative,2,6037,ENSG00000168306,ACOX2,-0.03201880532532172
2,10,negative,3,15441,ENSG00000104419,NDRG1,-0.03009666767829163
2,10,negative,4,15341,ENSG00000272384,RP11-44N11.2,-0.03008477203113618
2,10,negative,5,19033,ENSG00000168000,BSCL2,-0.029750533387282403
2,10,negative,6,3575,ENSG00000272716,RP11-563N4.1,-0.029446016245481904
2,10,negative,7,24061,ENSG00000259673,IQCH-AS1,-0.027868412745540718
2,10,negative,8,27684,ENSG00000092929,UNC13D,-0.02778697957442234
2,10,negative,9,2547,ENSG00000272579,RP11-101E13.5,-0.02769419500297718
2,10,negative,10,32658,ENSG00000186866,POFUT2,-0.02764540999923348
2,10,negative,11,23142,ENSG00000211448,DIO2,-0.027070757414169852
2,10,negative,12,16658,ENSG00000167157,PRRX2,-0.02657073426054729
2,10,negative,13,26223,ENSG00000212734,C17orf100,-0.02656604461537191
2,10,negative,14,10334,ENSG00000137198,GMPR,-0.026401686091631172
2,10,negative,15,29854,ENSG00000130176,CNN1,-0.026183786143571537
2,10,negative,16,2814,ENSG00000117724,CENPF,-0.02616239610241971
2,10,negative,17,31243,ENSG00000105063,PPP6R1,-0.02611505768802504
2,10,negative,18,12771,ENSG00000164603,C7orf60,-0.026071706239529917
2,10,negative,19,8078,ENSG00000151470,C4orf33,-0.02594899199774532
2,10,negative,20,22424,ENSG00000129566,TEP1,-0.025841096959443137
2,10,negative,21,28960,ENSG00000061656,SPAG4,-0.02577170963230551
2,10,negative,22,23731,ENSG00000137877,SPTBN5,-0.02540419957762439
2,10,negative,23,12723,ENSG00000146776,ATXN7L1,-0.02538329670550725
2,10,negative,24,19752,ENSG00000182985,CADM1,-0.02520776402358101
2,10,negative,25,30506,ENSG00000011332,DPF1,-0.02506662903549705
2,10,negative,26,21587,ENSG00000158023,WDR66,-0.02491737578708777
2,10,negative,27,12357,ENSG00000243335,KCTD7,-0.02479510165512452
2,10,negative,28,6663,ENSG00000240137,RP11-103G8.2,-0.024765288512302558
2,10,negative,29,4599,ENSG00000226266,AC009961.3,-0.024752801724649123
2,10,negative,30,22640,ENSG00000129521,EGLN3,-0.024691811167161525
2,10,negative,31,10193,ENSG00000244041,LINC01011,-0.02455591971446229
2,10,negative,32,5899,ENSG00000001617,SEMA3F,-0.02451202888158042
2,10,negative,33,20440,ENSG00000123096,SSPN,-0.024362981819410726
2,10,negative,34,23360,ENSG00000225746,AL132709.5,-0.0243594747569841
2,10,negative,35,2033,ENSG00000185499,MUC1,-0.024334269021493396
2,10,negative,36,25232,ENSG00000261840,RP11-146F11.1,-0.024276427289443524
2,10,negative,37,30047,ENSG00000105085,MED26,-0.02425251096079437
2,10,negative,38,26358,ENSG00000154914,USP43,-0.024212448689117975
2,10,negative,39,17879,ENSG00000107954,NEURL1,-0.024109576197589452
2,10,negative,40,22988,ENSG00000198732,SMOC1,-0.023976548147986523
2,10,negative,41,14297,ENSG00000272293,RP11-91J19.3,-0.023882834854979475
2,10,negative,42,4801,ENSG00000260742,RP11-366L5.1,-0.023824714469397407
2,10,negative,43,21077,ENSG00000139292,LGR5,-0.023803404226815296
2,10,negative,44,11669,ENSG00000203711,C6orf99,-0.023733801913842143
2,10,negative,45,21985,ENSG00000133106,EPSTI1,-0.02369049780531221
2,10,negative,46,15521,ENSG00000181638,ZFP41,-0.023494158539367073
2,10,negative,47,5466,ENSG00000269975,RP11-58B17.2,-0.02349246239646221
2,10,negative,48,9753,ENSG00000178776,C5orf46,-0.023488048766325487
2,10,negative,49,25277,ENSG00000261474,RP11-452L6.1,-0.02343277093708207
2,10,negative,50,5112,ENSG00000115596,WNT6,-0.023430942938222638
2,10,positive,1,11144,ENSG00000135315,KIAA1009,0.03625608700149428
2,10,positive,2,7469,ENSG00000168421,RHOH,0.03277866449192957
2,10,positive,3,17786,ENSG00000107554,DNMBP,0.030584158289334997
2,10,positive,4,23084,ENSG00000156127,BATF,0.030326333304603284
2,10,positive,5,28750,ENSG00000125846,ZNF133,0.030302022298031767
2,10,positive,6,11616,ENSG00000155906,RMND1,0.030218956661612402
2,10,positive,7,7810,ENSG00000145332,KLHL8,0.030171825661452996
2,10,positive,8,25450,ENSG00000198848,CES1,0.030112604682093005
2,10,positive,9,27571,ENSG00000154265,ABCA5,0.029849693466769394
2,10,positive,10,31817,ENSG00000128342,LIF,0.02966616863890602
2,10,positive,11,8139,ENSG00000196951,RP11-425I13.3,0.02926357129508571
2,10,positive,12,27054,ENSG00000126561,STAT5A,0.029159475574732866
2,10,positive,13,17911,ENSG00000138166,DUSP5,0.028759121776756765
2,10,positive,14,18896,ENSG00000110031,LPXN,0.02841318563287813
2,10,positive,15,13392,ENSG00000101868,POLA1,0.02763696601356299
2,10,positive,16,2082,ENSG00000236947,RP11-98G7.1,0.027589643169179428
2,10,positive,17,24899,ENSG00000048471,SNX29,0.02754222166503615
2,10,positive,18,5267,ENSG00000085982,USP40,0.027115745029560143
2,10,positive,19,30370,ENSG00000105711,SCN1B,0.02681544719307478
2,10,positive,20,29294,ENSG00000184402,SS18L1,0.026807359901555496
2,10,positive,21,24157,ENSG00000138623,SEMA7A,0.02676424422068812
2,10,positive,22,207,ENSG00000142599,RERE,0.02666000390761116
2,10,positive,23,27978,ENSG00000198081,ZBTB14,0.026655415405000136
2,10,positive,24,17495,ENSG00000166348,USP54,0.02662563495263537
2,10,positive,25,15648,ENSG00000080298,RFX3,0.026560766597695334
2,10,positive,26,7675,ENSG00000080493,SLC4A4,0.02639898556369106
2,10,positive,27,7765,ENSG00000163297,ANTXR2,0.02639408936780747
2,10,positive,28,9345,ENSG00000248175,CTC-428G20.3,0.02635973396461083
2,10,positive,29,32556,ENSG00000173276,ZBTB21,0.0262690969748094
2,10,positive,30,1161,ENSG00000162437,RAVER2,0.02620618790882613
2,10,positive,31,29026,ENSG00000204103,MAFB,0.026196272186114467
2,10,positive,32,9245,ENSG00000164307,ERAP1,0.02595707078916305
2,10,positive,33,7199,ENSG00000125386,FAM193A,0.025740227960163137
2,10,positive,34,13856,ENSG00000133169,BEX1,0.02566094857216641
2,10,positive,35,31960,ENSG00000100092,SH3BP1,0.025465939508204544
2,10,positive,36,26179,ENSG00000141503,MINK1,0.025361868312694408
2,10,positive,37,13018,ENSG00000006530,AGK,0.025274949785298696
2,10,positive,38,31010,ENSG00000105357,MYH14,0.02523367224567394
2,10,positive,39,11284,ENSG00000155085,AK9,0.02486826085398333
2,10,positive,40,23257,ENSG00000165948,IFI27L1,0.02483712832041141
2,10,positive,41,10607,ENSG00000227507,LTB,0.024777146954902393
2,10,positive,42,9902,ENSG00000221886,C5orf54,0.02463890829078317
2,10,positive,43,19593,ENSG00000077458,FAM76B,0.02450008238453052
2,10,positive,44,27949,ENSG00000132205,EMILIN2,0.02438094709952736
2,10,positive,45,2220,ENSG00000143224,PPOX,0.02436318323186843
2,10,positive,46,22023,ENSG00000136167,LCP1,0.024275884509508988
2,10,positive,47,31109,ENSG00000197608,ZNF841,0.024242765391335654
2,10,positive,48,10845,ENSG00000164663,USP49,0.024242534374783072
2,10,positive,49,27367,ENSG00000166263,STXBP4,0.024218599246640715
2,10,positive,50,1594,ENSG00000081019,RSBN1,0.02413990241350159
2,11,negative,1,7694,ENSG00000163739,CXCL1,-0.03767935014659305
2,11,negative,2,26978,ENSG00000212901,KRTAP3-1,-0.03268138899744625
2,11,negative,3,11495,ENSG00000230533,RP11-95M15.1,-0.0322009038751604
2,11,negative,4,20022,ENSG00000182667,NTM,-0.03170308156666701
2,11,negative,5,19687,ENSG00000196167,COLCA1,-0.030638910351097063
2,11,negative,6,23126,ENSG00000100601,ALKBH1,-0.030241946321309582
2,11,negative,7,31891,ENSG00000100234,TIMP3,-0.02959600781554758
2,11,negative,8,17672,ENSG00000148677,ANKRD1,-0.029400463429865298
2,11,negative,9,12958,ENSG00000105875,WDR91,-0.028461577092218013
2,11,negative,10,8836,ENSG00000151882,CCL28,-0.027641815727392837
2,11,negative,11,16480,ENSG00000148175,STOM,-0.027526076842010517
2,11,negative,12,13482,ENSG00000270069,RP6-99M1.2,-0.027253258784550104
2,11,negative,13,2757,ENSG00000123689,G0S2,-0.027018109102822273
2,11,negative,14,29114,ENSG00000132801,ZSWIM3,-0.026964286958440362
2,11,negative,15,30714,ENSG00000104783,KCNN4,-0.026657704820644366
2,11,negative,16,27978,ENSG00000198081,ZBTB14,-0.0266141743989246
2,11,negative,17,3353,ENSG00000224184,AC096559.1,-0.026503733458489533
2,11,negative,18,962,ENSG00000162366,PDZK1IP1,-0.02643180433841101
2,11,negative,19,5367,ENSG00000172478,C2orf54,-0.02622878242352524
2,11,negative,20,15500,ENSG00000167653,PSCA,-0.025946486962303505
2,11,negative,21,29954,ENSG00000132016,C19orf57,-0.02570556354688097
2,11,negative,22,11594,ENSG00000231760,RP11-350J20.5,-0.025705351682691994
2,11,negative,23,26759,ENSG00000006042,TMEM98,-0.02536908250993854
2,11,negative,24,4957,ENSG00000138380,CARF,-0.02528661656758263
2,11,negative,25,21993,ENSG00000179630,LACC1,-0.025177453958412643
2,11,negative,26,5562,ENSG00000154814,OXNAD1,-0.025132785134876937
2,11,negative,27,31371,ENSG00000204514,ZNF814,-0.0251220774700797
2,11,negative,28,6439,ENSG00000074416,MGLL,-0.02503982407850156
2,11,negative,29,29231,ENSG00000087510,TFAP2C,-0.024785435770617575
2,11,negative,30,20620,ENSG00000272822,RP11-302B13.5,-0.023884808893775273
2,11,negative,31,2766,ENSG00000054392,HHAT,-0.023609146404051318
2,11,negative,32,19113,ENSG00000269038,AP001462.6,-0.023607404839009433
2,11,negative,33,14554,ENSG00000159167,STC1,-0.02352221461515993
2,11,negative,34,882,ENSG00000198198,SZT2,-0.02343901694705847
2,11,negative,35,30560,ENSG00000128011,LRFN1,-0.02340591435813125
2,11,negative,36,1157,ENSG00000185483,ROR1,-0.023390364758471175
2,11,negative,37,11300,ENSG00000173214,KIAA1919,-0.0233090461562937
2,11,negative,38,31273,ENSG00000179922,ZNF784,-0.023213809244179175
2,11,negative,39,32588,ENSG00000142178,SIK1,-0.02313750308520954
2,11,negative,40,31174,ENSG00000189068,VSTM1,-0.02311289391466575
2,11,negative,41,19931,ENSG00000154133,ROBO4,-0.022900432903651225
2,11,negative,42,5673,ENSG00000144677,CTDSPL,-0.022861369878866455
2,11,negative,43,21012,ENSG00000149948,HMGA2,-0.022837323986549734
2,11,negative,44,6951,ENSG00000230215,EIF2B5-AS1,-0.02283390702824057
2,11,negative,45,32542,ENSG00000183486,MX2,-0.02283358118321046
2,11,negative,46,5776,ENSG00000249992,TMEM158,-0.022740228442024297
2,11,negative,47,3922,ENSG00000272735,RP11-467P9.1,-0.022673563611016356
2,11,negative,48,24779,ENSG00000103343,ZNF174,-0.022633717257329298
2,11,negative,49,18521,ENSG00000148965,SAA4,-0.022616317703882335
2,11,negative,50,11414,ENSG00000146376,ARHGAP18,-0.02249170147689185
2,11,positive,1,5072,ENSG00000115461,IGFBP5,0.039720445388640675
2,11,positive,2,12147,ENSG00000271122,RP11-379H18.1,0.03708035230775318
2,11,positive,3,20351,ENSG00000111341,MGP,0.036085824090327984
2,11,positive,4,26955,ENSG00000131746,TNS4,0.03447017421427919
2,11,positive,5,16839,ENSG00000197191,C9orf169,0.03406102535316183
2,11,positive,6,12597,ENSG00000106258,CYP3A5,0.03318873090690968
2,11,positive,7,8392,ENSG00000109674,NEIL3,0.031846709830181945
2,11,positive,8,21351,ENSG00000166046,TCP11L2,0.03151463713165268
2,11,positive,9,32019,ENSG00000100311,PDGFB,0.03131173012453661
2,11,positive,10,23994,ENSG00000074410,CA12,0.03120625076035388
2,11,positive,11,25511,ENSG00000102996,MMP15,0.030462887581402878
2,11,positive,12,7705,ENSG00000109321,AREG,0.028810393601659774
2,11,positive,13,16269,ENSG00000242375,RP11-498P14.3,0.02854978082467296
2,11,positive,14,23080,ENSG00000170345,FOS,0.02765387481163549
2,11,positive,15,10073,ENSG00000146067,FAM193B,0.027489819272528335
2,11,positive,16,23451,ENSG00000185567,AHNAK2,0.027397645030623256
2,11,positive,17,20013,ENSG00000166106,ADAMTS15,0.026465508494044377
2,11,positive,18,19703,ENSG00000109846,CRYAB,0.02637202668506046
2,11,positive,19,15809,ENSG00000107201,DDX58,0.02625344879683964
2,11,positive,20,24515,ENSG00000183060,LYSMD4,0.02612797801612768
2,11,positive,21,21617,ENSG00000051825,MPHOSPH9,0.02609860869089712
2,11,positive,22,23574,ENSG00000187951,ARHGAP11B,0.025955951012306976
2,11,positive,23,4598,ENSG00000224152,AC009506.1,0.02584842362638991
2,11,positive,24,29069,ENSG00000064205,WISP2,0.02581722200892495
2,11,positive,25,17760,ENSG00000155254,MARVELD1,0.025722770578473907
2,11,positive,26,17548,ENSG00000233871,DLG5-AS1,0.02564179164504541
2,11,positive,27,7039,ENSG00000127252,HRASLS,0.025451762240614507
2,11,positive,28,8292,ENSG00000052795,FNIP2,0.025132669073807977
2,11,positive,29,14055,ENSG00000223749,MIR503HG,0.025071946271000407
2,11,positive,30,16448,ENSG00000182752,PAPPA,0.024957138521809547
2,11,positive,31,29406,ENSG00000267751,AC009005.2,0.024936724795718637
2,11,positive,32,21795,ENSG00000165474,GJB2,0.02492269598188098
2,11,positive,33,4047,ENSG00000168874,ATOH8,0.02489931720574084
2,11,positive,34,7212,ENSG00000175920,DOK7,0.024861559288496735
2,11,positive,35,1350,ENSG00000097046,CDC7,0.02476873388317422
2,11,positive,36,18111,ENSG00000151651,ADAM8,0.02445104192150488
2,11,positive,37,27926,ENSG00000176912,C18orf56,0.02444383952812736
2,11,positive,38,16261,ENSG00000081377,CDC14B,0.024404624529488435
2,11,positive,39,11570,ENSG00000203727,SAMD5,0.024331689592966207
2,11,positive,40,162,ENSG00000131697,NPHP4,0.02432057399336331
2,11,positive,41,23595,ENSG00000166922,SCG5,0.024222435577700048
2,11,positive,42,1798,ENSG00000229801,RP11-353N4.1,0.02394507486945396
2,11,positive,43,21967,ENSG00000150907,FOXO1,0.02375842443228411
2,11,positive,44,28305,ENSG00000177576,C18orf32,0.023673312110505867
2,11,positive,45,23452,ENSG00000140104,C14orf79,0.023638114984388222
2,11,positive,46,14226,ENSG00000198910,L1CAM,0.02361795390084747
2,11,positive,47,18653,ENSG00000166016,ABTB2,0.023571413693782725
2,11,positive,48,30175,ENSG00000064547,LPAR2,0.0235631578117766
2,11,positive,49,20294,ENSG00000212127,TAS2R14,0.023560365034608587
2,11,positive,50,23255,ENSG00000089723,OTUB2,0.02355575399557942
2,12,negative,1,24355,ENSG00000183655,KLHL25,-0.030533714677324693
2,12,negative,2,4344,ENSG00000236255,AC009404.2,-0.029057464925195158
2,12,negative,3,13369,ENSG00000230797,YY2,-0.028432806031737732
2,12,negative,4,19935,ENSG00000149548,CCDC15,-0.028357536907594346
2,12,negative,5,23069,ENSG00000119630,PGF,-0.02834205843540541
2,12,negative,6,12926,ENSG00000226380,MIR29A,-0.02818478866749691
2,12,negative,7,3654,ENSG00000162878,PKDCC,-0.027924214991505047
2,12,negative,8,23187,ENSG00000042317,SPATA7,-0.02715391330293003
2,12,negative,9,30900,ENSG00000182324,KCNJ14,-0.026569555526740837
2,12,negative,10,3585,ENSG00000049323,LTBP1,-0.026203756971481675
2,12,negative,11,2583,ENSG00000116833,NR5A2,-0.025926949273227678
2,12,negative,12,31940,ENSG00000128311,TST,-0.025889143197092027
2,12,negative,13,24515,ENSG00000183060,LYSMD4,-0.025832036989641288
2,12,negative,14,2606,ENSG00000224818,RP11-134G8.8,-0.025756714425927855
2,12,negative,15,16516,ENSG00000171448,ZBTB26,-0.025538645244773995
2,12,negative,16,13709,ENSG00000184481,FOXO4,-0.025472174427078775
2,12,negative,17,20581,ENSG00000257433,RP1-197B17.3,-0.02533481920922218
2,12,negative,18,392,ENSG00000074964,ARHGEF10L,-0.025333820288150472
2,12,negative,19,22554,ENSG00000259529,RP11-468E2.4,-0.02522882911047836
2,12,negative,20,11134,ENSG00000013392,RWDD2A,-0.025195124857018632
2,12,negative,21,31670,ENSG00000224086,LL22NC03-86G7.1,-0.02511184848914383
2,12,negative,22,11118,ENSG00000083123,BCKDHB,-0.024917804527616286
2,12,negative,23,13494,ENSG00000102221,JADE3,-0.02439550334400579
2,12,negative,24,19920,ENSG00000110013,SIAE,-0.024351594523858117
2,12,negative,25,2436,ENSG00000260360,RP11-533E19.5,-0.02423235234849111
2,12,negative,26,31314,ENSG00000197016,ZNF470,-0.024113197130948876
2,12,negative,27,15897,ENSG00000215183,MSMP,-0.023609461848676995
2,12,negative,28,2756,ENSG00000227591,RP1-28O10.1,-0.023542785216661356
2,12,negative,29,10122,ENSG00000245317,CTC-241N9.1,-0.02342995596466234
2,12,negative,30,16205,ENSG00000188312,CENPP,-0.023405311941557542
2,12,negative,31,23462,ENSG00000251602,RP11-521B24.3,-0.023383789108485348
2,12,negative,32,32468,ENSG00000159216,RUNX1,-0.02330357154089926
2,12,negative,33,32689,ENSG00000239415,AP001469.9,-0.02326171721372054
2,12,negative,34,8139,ENSG00000196951,RP11-425I13.3,-0.02315778336534528
2,12,negative,35,4448,ENSG00000136002,ARHGEF4,-0.023085545967649154
2,12,negative,36,29863,ENSG00000171295,ZNF440,-0.022962904489602854
2,12,negative,37,16272,ENSG00000197816,CCDC180,-0.022940594618599545
2,12,negative,38,7337,ENSG00000048342,CC2D2A,-0.02292669315857305
2,12,negative,39,30891,ENSG00000268001,CTC-241F20.3,-0.02281302161897167
2,12,negative,40,7246,ENSG00000251580,RP11-539L10.3,-0.02280470661147274
2,12,negative,41,9366,ENSG00000092421,SEMA6A,-0.02274689359538721
2,12,negative,42,26314,ENSG00000179148,ALOXE3,-0.022729177860624235
2,12,negative,43,27617,ENSG00000246731,CTD-2514K5.2,-0.022724508452356698
2,12,negative,44,15473,ENSG00000259891,CTA-204B4.2,-0.022615569744324333
2,12,negative,45,5849,ENSG00000221883,ARIH2OS,-0.022608597468869535
2,12,negative,46,30421,ENSG00000004777,ARHGAP33,-0.022575581018378227
2,12,negative,47,11963,ENSG00000273477,RP11-196O16.1,-0.02232845170562102
2,12,negative,48,24006,ENSG00000157734,SNX22,-0.02231728547014977
2,12,negative,49,11966,ENSG00000171243,SOSTDC1,-0.02222527916977098
2,12,negative,50,25519,ENSG00000181938,GINS3,-0.022216545189951767
2,12,positive,1,12384,ENSG00000188763,FZD9,0.0367279198323753
2,12,positive,2,29780,ENSG00000127452,FBXL12,0.03473295374371986
2,12,positive,3,14334,ENSG00000164825,DEFB1,0.03343451050989648
2,12,positive,4,13418,ENSG00000198947,DMD,0.03323565914725981
2,12,positive,5,20710,ENSG00000167767,KRT80,0.032887054885977034
2,12,positive,6,8728,ENSG00000272086,CTD-2186M15.3,0.032115065679411706
2,12,positive,7,20942,ENSG00000135454,B4GALNT1,0.030015195847713203
2,12,positive,8,29929,ENSG00000267458,CTC-425F1.4,0.02953665775582847
2,12,positive,9,6925,ENSG00000180834,MAP6D1,0.02912246852922283
2,12,positive,10,18036,ENSG00000107902,LHPP,0.028489719626291654
2,12,positive,11,31922,ENSG00000100342,APOL1,0.02818802788978233
2,12,positive,12,14518,ENSG00000120910,PPP3CC,0.02818645755002034
2,12,positive,13,31757,ENSG00000261188,CTA-445C9.14,0.027959256345808776
2,12,positive,14,26076,ENSG00000167703,SLC43A2,0.027492585040901345
2,12,positive,15,32528,ENSG00000157578,LCA5L,0.02732445263836181
2,12,positive,16,24528,ENSG00000183475,ASB7,0.027211248147672874
2,12,positive,17,7390,ENSG00000168228,ZCCHC4,0.0271639155793033
2,12,positive,18,14676,ENSG00000104221,BRF2,0.027027064797764587
2,12,positive,19,27242,ENSG00000002919,SNX11,0.026815101972999855
2,12,positive,20,24606,ENSG00000103245,NARFL,0.02653676260809053
2,12,positive,21,5116,ENSG00000171450,CDK5R2,0.0264942941009157
2,12,positive,22,18206,ENSG00000184545,DUSP8,0.02646173809278276
2,12,positive,23,357,ENSG00000142632,ARHGEF19,0.026439800531689074
2,12,positive,24,12086,ENSG00000146592,CREB5,0.025703154402299765
2,12,positive,25,11934,ENSG00000122584,NXPH1,0.02558569760859009
2,12,positive,26,16592,ENSG00000234771,RP11-395P17.3,0.025434020215052845
2,12,positive,27,17672,ENSG00000148677,ANKRD1,0.025418007386647488
2,12,positive,28,2736,ENSG00000196352,CD55,0.025267181107727854
2,12,positive,29,13555,ENSG00000017621,MAGIX,0.024981022605352985
2,12,positive,30,12102,ENSG00000180354,MTURN,0.024912459175468225
2,12,positive,31,19862,ENSG00000137699,TRIM29,0.024907373050769396
2,12,positive,32,22235,ENSG00000102595,UGGT2,0.024764893945854027
2,12,positive,33,12739,ENSG00000272854,RP4-593H12.1,0.024715105635586432
2,12,positive,34,7586,ENSG00000171476,HOPX,0.024697899661479967
2,12,positive,35,10774,ENSG00000010030,ETV7,0.024628632555943417
2,12,positive,36,17044,ENSG00000260589,RP11-390B4.5,0.02461634151163268
2,12,positive,37,4228,ENSG00000071051,NCK2,0.0246024260035906
2,12,positive,38,12574,ENSG00000106236,NPTX2,0.02451417317695846
2,12,positive,39,6226,ENSG00000242759,LINC00882,0.024468301084960873
2,12,positive,40,28368,ENSG00000267040,RP11-35G9.3,0.024279846010912577
2,12,positive,41,3007,ENSG00000116991,SIPA1L2,0.024239398573181203
2,12,positive,42,825,ENSG00000049089,COL9A2,0.024214423024388587
2,12,positive,43,23091,ENSG00000119699,TGFB3,0.024158992675981397
2,12,positive,44,3404,ENSG00000118965,WDR35,0.02413772497005578
2,12,positive,45,27102,ENSG00000175832,ETV4,0.024128163710935485
2,12,positive,46,20706,ENSG00000123358,NR4A1,0.02406380960635665
2,12,positive,47,22269,ENSG00000175198,PCCA,0.02405255121236807
2,12,positive,48,24061,ENSG00000259673,IQCH-AS1,0.024008052902543094
2,12,positive,49,7194,ENSG00000159733,ZFYVE28,0.023986292921007794
2,12,positive,50,20326,ENSG00000013588,GPRC5A,0.023984084753444122
2,13,negative,1,19583,ENSG00000166025,AMOTL1,-0.03534468183449829
2,13,negative,2,9221,ENSG00000175471,MCTP1,-0.03403151877077731
2,13,negative,3,17987,ENSG00000198873,GRK5,-0.033812469556397655
2,13,negative,4,10606,ENSG00000232810,TNF,-0.032505556082360464
2,13,negative,5,7505,ENSG00000163281,GNPDA2,-0.032215571333425626
2,13,negative,6,17619,ENSG00000148671,ADIRF,-0.03164439243963944
2,13,negative,7,6998,ENSG00000157005,SST,-0.03158307997471442
2,13,negative,8,23193,ENSG00000165533,TTC8,-0.030991489150213734
2,13,negative,9,29621,ENSG00000167733,HSD11B1L,-0.030378304775751767
2,13,negative,10,25654,ENSG00000103056,SMPD3,-0.03010138309010965
2,13,negative,11,20760,ENSG00000135476,ESPL1,-0.02974451408301335
2,13,negative,12,1656,ENSG00000231365,RP11-418J17.1,-0.02954341947316287
2,13,negative,13,25558,ENSG00000166548,TK2,-0.02948878110106344
2,13,negative,14,11340,ENSG00000111817,DSE,-0.02934564313709618
2,13,negative,15,6912,ENSG00000058063,ATP11B,-0.029309007102935925
2,13,negative,16,22034,ENSG00000260388,LINC00562,-0.02891261347067974
2,13,negative,17,7476,ENSG00000163697,APBB2,-0.028837962044725926
2,13,negative,18,30794,ENSG00000125746,EML2,-0.028070922917397906
2,13,negative,19,10826,ENSG00000001167,NFYA,-0.02802339317056573
2,13,negative,20,3121,ENSG00000162849,KIF26B,-0.02799263063962606
2,13,negative,21,23291,ENSG00000250366,LINC00617,-0.027839482309080604
2,13,negative,22,17384,ENSG00000150347,ARID5B,-0.02775834133671552
2,13,negative,23,15678,ENSG00000107036,KIAA1432,-0.0277543479896726
2,13,negative,24,439,ENSG00000158825,CDA,-0.027744017648261374
2,13,negative,25,17084,ENSG00000077327,SPAG6,-0.027222400123140623
2,13,negative,26,30116,ENSG00000105649,RAB3A,-0.02721096834277976
2,13,negative,27,51,ENSG00000186891,TNFRSF18,-0.0271847618626228
2,13,negative,28,8428,ENSG00000271646,RP11-326I11.3,-0.026867808748066695
2,13,negative,29,24006,ENSG00000157734,SNX22,-0.026821341317510024
2,13,negative,30,30605,ENSG00000160460,SPTBN4,-0.026710643804745835
2,13,negative,31,14942,ENSG00000246528,RP11-159H10.3,-0.026694431788428365
2,13,negative,32,2870,ENSG00000225265,RP11-378J18.3,-0.02662396285178978
2,13,negative,33,13290,ENSG00000101871,MID1,-0.026589908834283603
2,13,negative,34,11970,ENSG00000106524,ANKMY2,-0.0264196135356534
2,13,negative,35,25888,ENSG00000064270,ATP2C2,-0.0262839079935199
2,13,negative,36,20603,ENSG00000167528,ZNF641,-0.026274251523181993
2,13,negative,37,856,ENSG00000186409,CCDC30,-0.026239708029335167
2,13,negative,38,3467,ENSG00000272048,RP11-458N5.1,-0.026020029186463182
2,13,negative,39,10898,ENSG00000170734,POLH,-0.026006206289146152
2,13,negative,40,26040,ENSG00000260923,AC137934.1,-0.0258266842884308
2,13,negative,41,18760,ENSG00000134569,LRP4,-0.025822291861897644
2,13,negative,42,666,ENSG00000121753,BAI2,-0.025811658718938882
2,13,negative,43,20982,ENSG00000177990,DPY19L2,-0.02576270183800554
2,13,negative,44,9249,ENSG00000164308,ERAP2,-0.02564163803305359
2,13,negative,45,3322,ENSG00000272524,RP11-254F7.4,-0.02560120924692912
2,13,negative,46,4258,ENSG00000163006,CCDC138,-0.025547141962974973
2,13,negative,47,6922,ENSG00000114796,KLHL24,-0.0255373628937155
2,13,negative,48,19148,ENSG00000173825,TIGD3,-0.025518625772430255
2,13,negative,49,15481,ENSG00000022567,SLC45A4,-0.025443467775370612
2,13,negative,50,12028,ENSG00000169193,CCDC126,-0.02541551545348592
2,13,positive,1,8214,ENSG00000170390,DCLK2,0.03624024027076593
2,13,positive,2,23764,ENSG00000168806,LCMT2,0.033755417805666016
2,13,positive,3,9751,ENSG00000164266,SPINK1,0.03163129786162191
2,13,positive,4,12172,ENSG00000078053,AMPH,0.0315407620193968
2,13,positive,5,15801,ENSG00000120162,MOB3B,0.029479291693898322
2,13,positive,6,26133,ENSG00000040531,CTNS,0.02920511658658952
2,13,positive,7,32273,ENSG00000154642,C21orf91,0.029127732203571243
2,13,positive,8,4806,ENSG00000162998,FRZB,0.0289882442280138
2,13,positive,9,1339,ENSG00000272931,RP5-943J3.2,0.028651576808155593
2,13,positive,10,31315,ENSG00000197951,ZNF71,0.028634558133043598
2,13,positive,11,810,ENSG00000116983,HPCAL4,0.028466268794671047
2,13,positive,12,6214,ENSG00000256628,ZBTB11-AS1,0.02828877852629554
2,13,positive,13,600,ENSG00000130775,THEMIS2,0.02793347296169624
2,13,positive,14,29240,ENSG00000256222,MTRNR2L3,0.02762638771641631
2,13,positive,15,7273,ENSG00000087008,ACOX3,0.027595447147068672
2,13,positive,16,28201,ENSG00000259985,RP11-549B18.1,0.027030351001380362
2,13,positive,17,23614,ENSG00000176454,LPCAT4,0.026387405331955573
2,13,positive,18,27891,ENSG00000265458,RP13-20L14.6,0.026210507806260948
2,13,positive,19,29066,ENSG00000196839,ADA,0.026189483879741945
2,13,positive,20,18532,ENSG00000151117,TMEM86A,0.02606969745354336
2,13,positive,21,23338,ENSG00000168350,DEGS2,0.025778929968666493
2,13,positive,22,20395,ENSG00000134548,C12orf39,0.025405968462243925
2,13,positive,23,9165,ENSG00000250874,CTC-480C2.1,0.0253175386461607
2,13,positive,24,30508,ENSG00000167641,PPP1R14A,0.025297051349375356
2,13,positive,25,20850,ENSG00000135437,RDH5,0.02524616748597623
2,13,positive,26,26929,ENSG00000264198,RP11-94L15.2,0.025184038646165894
2,13,positive,27,1971,ENSG00000272030,RP1-178F15.4,0.02503019642705954
2,13,positive,28,21976,ENSG00000102760,RGCC,0.024882931128660066
2,13,positive,29,25278,ENSG00000260267,RP11-452L6.5,0.02475025299983714
2,13,positive,30,2726,ENSG00000162894,FAIM3,0.02437666375719703
2,13,positive,31,12934,ENSG00000221866,PLXNA4,0.024356262118027192
2,13,positive,32,13018,ENSG00000006530,AGK,0.024296825579505514
2,13,positive,33,32004,ENSG00000272669,RP3-508I15.21,0.024221560481555573
2,13,positive,34,2344,ENSG00000120370,GORAB,0.02406445770795522
2,13,positive,35,7374,ENSG00000152990,GPR125,0.023846416176163714
2,13,positive,36,24778,ENSG00000140987,ZSCAN32,0.02377754610318831
2,13,positive,37,28368,ENSG00000267040,RP11-35G9.3,0.023758546409429832
2,13,positive,38,5252,ENSG00000221944,TIGD1,0.023749491142187527
2,13,positive,39,5883,ENSG00000164068,RNF123,0.02371764222453123
2,13,positive,40,18638,ENSG00000110422,HIPK3,0.023671079200299264
2,13,positive,41,6042,ENSG00000163689,C3orf67,0.023664762989898627
2,13,positive,42,23780,ENSG00000184716,SERINC4,0.023593236953802783
2,13,positive,43,12213,ENSG00000235314,LINC00957,0.02351172893751836
2,13,positive,44,5203,ENSG00000115009,CCL20,0.023477993493843708
2,13,positive,45,4049,ENSG00000115525,ST3GAL5,0.02346650586294487
2,13,positive,46,6162,ENSG00000178700,DHFRL1,0.02328864108433763
2,13,positive,47,32588,ENSG00000142178,SIK1,0.023215261643143442
2,13,positive,48,17459,ENSG00000198246,SLC29A3,0.02321151855719637
2,13,positive,49,17246,ENSG00000187783,TMEM72,0.023162790366255792
2,13,positive,50,24462,ENSG00000260359,RP11-4F5.2,0.023149587900456407
2,14,negative,1,26955,ENSG00000131746,TNS4,-0.04220461213210025
2,14,negative,2,9549,ENSG00000145824,CXCL14,-0.03888897062584931
2,14,negative,3,12716,ENSG00000272918,CTB-152G17.6,-0.036220566658507855
2,14,negative,4,29318,ENSG00000101188,NTSR1,-0.035510878850586
2,14,negative,5,2543,ENSG00000116741,RGS2,-0.03489236371090337
2,14,negative,6,2441,ENSG00000230124,RP5-1180C10.2,-0.03348084257999411
2,14,negative,7,24287,ENSG00000172345,STARD5,-0.03228423629559966
2,14,negative,8,4832,ENSG00000168542,COL3A1,-0.029744161120792405
2,14,negative,9,21855,ENSG00000132970,WASF3,-0.028730249236458675
2,14,negative,10,22637,ENSG00000151320,AKAP6,-0.028491428757683172
2,14,negative,11,29418,ENSG00000099864,PALM,-0.028281413597353956
2,14,negative,12,17850,ENSG00000138111,TMEM180,-0.02763845516914821
2,14,negative,13,13665,ENSG00000198205,ZXDA,-0.02717177960768106
2,14,negative,14,8116,ENSG00000151012,SLC7A11,-0.027063965476867152
2,14,negative,15,27907,ENSG00000175711,B3GNTL1,-0.026624361013591516
2,14,negative,16,30454,ENSG00000186017,ZNF566,-0.02657077587918047
2,14,negative,17,27322,ENSG00000015532,XYLT2,-0.025915212358955154
2,14,negative,18,3160,ENSG00000162722,TRIM58,-0.025645916870341165
2,14,negative,19,30588,ENSG00000187187,ZNF546,-0.025630580665362026
2,14,negative,20,12554,ENSG00000158560,DYNC1I1,-0.025352695869267673
2,14,negative,21,9226,ENSG00000164291,ARSK,-0.025137455774079945
2,14,negative,22,10067,ENSG00000131188,PRR7,-0.025079955679313055
2,14,negative,23,13732,ENSG00000125931,CITED1,-0.025064010530172702
2,14,negative,24,1999,ENSG00000160712,IL6R,-0.025060890066505317
2,14,negative,25,6391,ENSG00000065534,MYLK,-0.024551958418542092
2,14,negative,26,25691,ENSG00000223496,EXOSC6,-0.024493244728811505
2,14,negative,27,6723,ENSG00000243926,TIPARP-AS1,-0.024391803699520716
2,14,negative,28,19703,ENSG00000109846,CRYAB,-0.024041370937224964
2,14,negative,29,15193,ENSG00000253948,RP11-410L14.2,-0.023882312501629165
2,14,negative,30,25511,ENSG00000102996,MMP15,-0.02380381567006023
2,14,negative,31,20005,ENSG00000170325,PRDM10,-0.023770410927693744
2,14,negative,32,32221,ENSG00000217442,SYCE3,-0.023766164245725654
2,14,negative,33,10421,ENSG00000168298,HIST1H1E,-0.023747157544721564
2,14,negative,34,22734,ENSG00000139915,MDGA2,-0.02368011828668786
2,14,negative,35,16536,ENSG00000185585,OLFML2A,-0.023679135689702126
2,14,negative,36,4520,ENSG00000169554,ZEB2,-0.02367763981324657
2,14,negative,37,6009,ENSG00000163947,ARHGEF3,-0.02359692514800912
2,14,negative,38,6761,ENSG00000213186,TRIM59,-0.023521131179247427
2,14,negative,39,14792,ENSG00000232941,AC090186.1,-0.02350128627426179
2,14,negative,40,8245,ENSG00000137460,FHDC1,-0.023471031418271032
2,14,negative,41,15945,ENSG00000204860,FAM201A,-0.023450289678051173
2,14,negative,42,7947,ENSG00000138795,LEF1,-0.02318783175868633
2,14,negative,43,23919,ENSG00000181827,RFX7,-0.023136531934282792
2,14,negative,44,7720,ENSG00000174796,THAP6,-0.023135332322293915
2,14,negative,45,23745,ENSG00000092529,CAPN3,-0.022849791087275577
2,14,negative,46,19613,ENSG00000110318,KIAA1377,-0.022598197051794264
2,14,negative,47,10196,ENSG00000270346,RP1-90J20.12,-0.022479599370213838
2,14,negative,48,19090,ENSG00000257086,RP11-783K16.13,-0.022453497737102934
2,14,negative,49,31603,ENSG00000099889,ARVCF,-0.02244108756646491
2,14,negative,50,11262,ENSG00000272476,RP1-191J18.66,-0.022429015711113238
2,14,positive,1,5203,ENSG00000115009,CCL20,0.04970334764089716
2,14,positive,2,18067,ENSG00000132334,PTPRE,0.04416233052050851
2,14,positive,3,17672,ENSG00000148677,ANKRD1,0.041350074385253816
2,14,positive,4,7698,ENSG00000163734,CXCL3,0.03870681944970513
2,14,positive,5,30825,ENSG00000188293,IGFL1,0.03615959637229306
2,14,positive,6,23680,ENSG00000233041,PHGR1,0.035736896622544784
2,14,positive,7,7699,ENSG00000081041,CXCL2,0.03526857091706279
2,14,positive,8,2173,ENSG00000224259,LINC01133,0.033891676650427964
2,14,positive,9,7694,ENSG00000163739,CXCL1,0.03382828906896105
2,14,positive,10,17653,ENSG00000119917,IFIT3,0.03310531615618237
2,14,positive,11,25853,ENSG00000260682,7SK,0.03295528235832525
2,14,positive,12,9715,ENSG00000187678,SPRY4,0.03274678398436355
2,14,positive,13,3279,ENSG00000134321,RSAD2,0.03261287006915353
2,14,positive,14,18523,ENSG00000173432,SAA1,0.03154774902936297
2,14,positive,15,2675,ENSG00000133056,PIK3C2B,0.03123019342113321
2,14,positive,16,18393,ENSG00000166394,CYB5R2,0.031099986033173845
2,14,positive,17,6439,ENSG00000074416,MGLL,0.030959010456620917
2,14,positive,18,16915,ENSG00000196139,AKR1C3,0.03082171485171117
2,14,positive,19,962,ENSG00000162366,PDZK1IP1,0.030212114103505616
2,14,positive,20,6198,ENSG00000168386,FILIP1L,0.03015986674768661
2,14,positive,21,13118,ENSG00000106538,RARRES2,0.029743822192244442
2,14,positive,22,12191,ENSG00000122641,INHBA,0.02966689453858899
2,14,positive,23,24927,ENSG00000069764,PLA2G10,0.02953392681727055
2,14,positive,24,26512,ENSG00000249459,ZNF286B,0.029267104741638714
2,14,positive,25,18522,ENSG00000134339,SAA2,0.029125332433090702
2,14,positive,26,6219,ENSG00000144802,NFKBIZ,0.02878011061831118
2,14,positive,27,6094,ENSG00000114541,FRMD4B,0.028593103966027232
2,14,positive,28,29186,ENSG00000259456,RP5-914P20.5,0.028461839550024154
2,14,positive,29,4836,ENSG00000138449,SLC40A1,0.028363129585529907
2,14,positive,30,12574,ENSG00000106236,NPTX2,0.028313011608669718
2,14,positive,31,5208,ENSG00000153823,PID1,0.02830292804689942
2,14,positive,32,27027,ENSG00000186832,KRT16,0.027981333793796904
2,14,positive,33,23694,ENSG00000051180,RAD51,0.02779146945540378
2,14,positive,34,14917,ENSG00000185697,MYBL1,0.02768511454850471
2,14,positive,35,8621,ENSG00000250786,SNHG18,0.027600948778245295
2,14,positive,36,7627,ENSG00000248049,UBA6-AS1,0.02759386981442969
2,14,positive,37,10607,ENSG00000227507,LTB,0.027590445595442943
2,14,positive,38,6257,ENSG00000177707,PVRL3,0.02752115794183596
2,14,positive,39,1390,ENSG00000152078,TMEM56,0.02713051302587352
2,14,positive,40,26024,ENSG00000187741,FANCA,0.027025148421733362
2,14,positive,41,17267,ENSG00000204175,GPRIN2,0.026999432791814063
2,14,positive,42,18437,ENSG00000148926,ADM,0.026980115023547305
2,14,positive,43,12663,ENSG00000106366,SERPINE1,0.02689085575302564
2,14,positive,44,20195,ENSG00000139178,C1RL,0.026704992953243713
2,14,positive,45,15632,ENSG00000107099,DOCK8,0.026652914738117067
2,14,positive,46,13271,ENSG00000101846,STS,0.0263974647334034
2,14,positive,47,25726,ENSG00000040199,PHLPP2,0.026345139655006677
2,14,positive,48,4168,ENSG00000170485,NPAS2,0.026258454787333987
2,14,positive,49,19066,ENSG00000188070,C11orf95,0.026230588257225126
2,14,positive,50,8452,ENSG00000154556,SORBS2,0.02615595344436803
2,15,negative,1,21690,ENSG00000249196,RP11-669N7.2,-0.03835421696723767
2,15,negative,2,7586,ENSG00000171476,HOPX,-0.03736759516016748
2,15,negative,3,26461,ENSG00000197566,ZNF624,-0.03205939890522722
2,15,negative,4,17889,ENSG00000148841,ITPRIP,-0.0318728644096056
2,15,negative,5,8809,ENSG00000171522,PTGER4,-0.03183173704007231
2,15,negative,6,7734,ENSG00000169248,CXCL11,-0.031009667323251562
2,15,negative,7,32205,ENSG00000205593,DENND6B,-0.03046981893121895
2,15,negative,8,484,ENSG00000249087,C1orf213,-0.030182893349218483
2,15,negative,9,13272,ENSG00000182583,VCX,-0.029099256749838865
2,15,negative,10,1337,ENSG00000171488,LRRC8C,-0.028611055092724963
2,15,negative,11,23017,ENSG00000205683,DPF3,-0.028502440343009788
2,15,negative,12,14374,ENSG00000173281,PPP1R3B,-0.028475510666601575
2,15,negative,13,21428,ENSG00000111252,SH2B3,-0.027869703417011973
2,15,negative,14,8634,ENSG00000164237,CMBL,-0.027816683002909726
2,15,negative,15,19382,ENSG00000054965,FAM168A,-0.027367975896702923
2,15,negative,16,26978,ENSG00000212901,KRTAP3-1,-0.026812925874360943
2,15,negative,17,19729,ENSG00000149292,TTC12,-0.026782332396583827
2,15,negative,18,31241,ENSG00000180089,TMEM86B,-0.026518741131722295
2,15,negative,19,31596,ENSG00000184702,SEPT5,-0.026484547527749917
2,15,negative,20,8372,ENSG00000164120,HPGD,-0.025974529634324735
2,15,negative,21,28126,ENSG00000141448,GATA6,-0.0258727380045805
2,15,negative,22,27431,ENSG00000153982,GDPD1,-0.025815548741117023
2,15,negative,23,27223,ENSG00000006025,OSBPL7,-0.025771105106803773
2,15,negative,24,15777,ENSG00000147883,CDKN2B,-0.025763228565296194
2,15,negative,25,32260,ENSG00000215386,LINC00478,-0.025737794684726107
2,15,negative,26,20185,ENSG00000272173,U47924.31,-0.02544030825621479
2,15,negative,27,16296,ENSG00000270412,RP11-92C4.6,-0.025338358777211207
2,15,negative,28,2034,ENSG00000169231,THBS3,-0.025323809547595572
2,15,negative,29,8182,ENSG00000151611,MMAA,-0.02521699217668725
2,15,negative,30,19421,ENSG00000149243,KLHL35,-0.02520245421126975
2,15,negative,31,15140,ENSG00000164949,GEM,-0.025050451364707838
2,15,negative,32,7758,ENSG00000249307,LINC01088,-0.02504763215583256
2,15,negative,33,8452,ENSG00000154556,SORBS2,-0.024947755594813097
2,15,negative,34,28553,ENSG00000267127,RP11-795F19.5,-0.02494596827322187
2,15,negative,35,31158,ENSG00000198346,ZNF813,-0.024767717697792055
2,15,negative,36,27591,ENSG00000125398,SOX9,-0.024695735509752823
2,15,negative,37,25416,ENSG00000103460,TOX3,-0.024666975251730814
2,15,negative,38,19016,ENSG00000254772,EEF1G,-0.024566794231024078
2,15,negative,39,9775,ENSG00000157510,AFAP1L1,-0.024490507556558867
2,15,negative,40,12428,ENSG00000177679,SRRM3,-0.02438181372359629
2,15,negative,41,5033,ENSG00000270659,RP11-105N14.1,-0.024367226477237526
2,15,negative,42,8824,ENSG00000250722,SEPP1,-0.024296129457934846
2,15,negative,43,27809,ENSG00000181409,AATK,-0.02418092943124056
2,15,negative,44,9259,ENSG00000174136,RGMB,-0.02403331480451846
2,15,negative,45,31407,ENSG00000249471,ZNF324B,-0.02402580063941302
2,15,negative,46,13131,ENSG00000106565,TMEM176B,-0.023940482695554533
2,15,negative,47,16993,ENSG00000228302,RP11-186N15.3,-0.02353332876374332
2,15,negative,48,10756,ENSG00000007866,TEAD3,-0.02348831327752622
2,15,negative,49,13369,ENSG00000230797,YY2,-0.023422909509599778
2,15,negative,50,22101,ENSG00000118946,PCDH17,-0.023375308713167984
2,15,positive,1,31817,ENSG00000128342,LIF,0.04582085439824206
2,15,positive,2,30123,ENSG00000130513,GDF15,0.0381168254768897
2,15,positive,3,12191,ENSG00000122641,INHBA,0.03793487489910759
2,15,positive,4,28071,ENSG00000101624,CEP76,0.034170991757360145
2,15,positive,5,13414,ENSG00000157625,TAB3,0.03262651101310514
2,15,positive,6,27761,ENSG00000055483,USP36,0.032440938247258376
2,15,positive,7,21352,ENSG00000013503,POLR3B,0.031396654689472295
2,15,positive,8,28210,ENSG00000141441,GAREM,0.03137253286489921
2,15,positive,9,19714,ENSG00000150782,IL18,0.030647356535888598
2,15,positive,10,3727,ENSG00000170802,FOXN2,0.03061007837322988
2,15,positive,11,17248,ENSG00000107551,RASSF4,0.03003666960183948
2,15,positive,12,1381,ENSG00000117525,F3,0.029717641797665444
2,15,positive,13,31420,ENSG00000129824,RPS4Y1,0.02965148484589945
2,15,positive,14,32417,ENSG00000159082,SYNJ1,0.02845255454111422
2,15,positive,15,25130,ENSG00000184110,EIF3C,0.028300773668050616
2,15,positive,16,20093,ENSG00000258325,RP4-816N1.6,0.02819914601336064
2,15,positive,17,32700,ENSG00000228253,MT-ATP8,0.028096339828164407
2,15,positive,18,23698,ENSG00000188277,C15orf62,0.02800772818454791
2,15,positive,19,12912,ENSG00000128510,CPA4,0.027977320703207405
2,15,positive,20,11638,ENSG00000146426,TIAM2,0.02796202458353128
2,15,positive,21,2669,ENSG00000170498,KISS1,0.027861212652781273
2,15,positive,22,15801,ENSG00000120162,MOB3B,0.027833691872443878
2,15,positive,23,16515,ENSG00000186130,ZBTB6,0.027817203010668253
2,15,positive,24,23857,ENSG00000140284,SLC27A2,0.027693407050999833
2,15,positive,25,25202,ENSG00000261052,SULT1A3,0.02763156694448638
2,15,positive,26,22292,ENSG00000134899,ERCC5,0.027513930888621113
2,15,positive,27,20278,ENSG00000205809,KLRC2,0.02747472999990804
2,15,positive,28,14610,ENSG00000120875,DUSP4,0.026878757473113846
2,15,positive,29,26263,ENSG00000213859,KCTD11,0.02679322043801106
2,15,positive,30,14060,ENSG00000156500,FAM122C,0.02669042892782387
2,15,positive,31,32562,ENSG00000160181,TFF2,0.026527432056508746
2,15,positive,32,25627,ENSG00000102901,CENPT,0.026249783167716343
2,15,positive,33,16396,ENSG00000106868,SUSD1,0.02622285562207589
2,15,positive,34,20574,ENSG00000139211,AMIGO2,0.026040783111875812
2,15,positive,35,2078,ENSG00000163467,TSACC,0.025928105631398628
2,15,positive,36,21601,ENSG00000184445,KNTC1,0.02576685725778641
2,15,positive,37,14437,ENSG00000154359,LONRF1,0.025732670836590487
2,15,positive,38,3023,ENSG00000059588,TARBP1,0.025622089442217624
2,15,positive,39,15660,ENSG00000205808,PPAPDC2,0.02537872012683909
2,15,positive,40,24955,ENSG00000091262,ABCC6,0.02526407818502642
2,15,positive,41,13557,ENSG00000012211,PRICKLE3,0.02508897957843644
2,15,positive,42,2881,ENSG00000143502,SUSD4,0.025079986575123253
2,15,positive,43,13623,ENSG00000270189,RP11-258C19.7,0.025063567745784734
2,15,positive,44,13046,ENSG00000159763,PIP,0.025030745217470684
2,15,positive,45,31168,ENSG00000179820,MYADM,0.02502718468594114
2,15,positive,46,28696,ENSG00000132623,ANKEF1,0.02501098147526522
2,15,positive,47,31131,ENSG00000189190,ZNF600,0.024920255828372765
2,15,positive,48,20040,ENSG00000151498,ACAD8,0.024834523488992157
2,15,positive,49,23916,ENSG00000166450,PRTG,0.02467528186117698
2,15,positive,50,11502,ENSG00000112379,KIAA1244,0.02462471970838618
2,16,negative,1,19778,ENSG00000149591,TAGLN,-0.03591527085390208
2,16,negative,2,30821,ENSG00000204866,IGFL2,-0.035069605419564644
2,16,negative,3,24280,ENSG00000103888,KIAA1199,-0.03439008676463943
2,16,negative,4,19622,ENSG00000137673,MMP7,-0.033950048533339564
2,16,negative,5,15561,ENSG00000227184,EPPK1,-0.03152159621225432
2,16,negative,6,29705,ENSG00000181029,TRAPPC5,-0.031142479377583215
2,16,negative,7,13685,ENSG00000090776,EFNB1,-0.030419135420856527
2,16,negative,8,23142,ENSG00000211448,DIO2,-0.029706257066155466
2,16,negative,9,32019,ENSG00000100311,PDGFB,-0.029369095747632603
2,16,negative,10,6402,ENSG00000173706,HEG1,-0.029283718938088336
2,16,negative,11,6155,ENSG00000229729,RP11-159G9.5,-0.028909856821819086
2,16,negative,12,25580,ENSG00000166592,RRAD,-0.02874836963658144
2,16,negative,13,25024,ENSG00000188215,DCUN1D3,-0.02859963827939896
2,16,negative,14,1686,ENSG00000234978,RP11-423O2.5,-0.028407826739163262
2,16,negative,15,22325,ENSG00000255874,LINC00346,-0.028404706006618954
2,16,negative,16,23451,ENSG00000185567,AHNAK2,-0.02828976713408417
2,16,negative,17,17345,ENSG00000107984,DKK1,-0.02799948844550154
2,16,negative,18,25896,ENSG00000103196,CRISPLD2,-0.027726083844781858
2,16,negative,19,9623,ENSG00000113070,HBEGF,-0.027397053434727075
2,16,negative,20,19743,ENSG00000166741,NNMT,-0.02706425907470128
2,16,negative,21,18167,ENSG00000247095,MIR210HG,-0.026897691660521833
2,16,negative,22,14096,ENSG00000232611,RP11-1114A5.4,-0.026555850922213586
2,16,negative,23,727,ENSG00000188910,GJB3,-0.026414312953606786
2,16,negative,24,20717,ENSG00000205426,KRT81,-0.026255247268669384
2,16,negative,25,26978,ENSG00000212901,KRTAP3-1,-0.02588299679083091
2,16,negative,26,21106,ENSG00000139278,GLIPR1,-0.025716855754294318
2,16,negative,27,20527,ENSG00000151229,SLC2A13,-0.025638135429994106
2,16,negative,28,15356,ENSG00000156804,FBXO32,-0.025525888861173178
2,16,negative,29,7164,ENSG00000127418,FGFRL1,-0.025401412907716303
2,16,negative,30,12929,ENSG00000231721,LINC-PINT,-0.0251648431721424
2,16,negative,31,26174,ENSG00000182853,VMO1,-0.02486142791184726
2,16,negative,32,9758,ENSG00000178172,SPINK6,-0.024769239326971382
2,16,negative,33,25642,ENSG00000167264,DUS2,-0.024614647735072832
2,16,negative,34,30801,ENSG00000259605,AC074212.5,-0.02461402207403108
2,16,negative,35,21822,ENSG00000127863,TNFRSF19,-0.02458293168119149
2,16,negative,36,11247,ENSG00000057657,PRDM1,-0.024348903044697192
2,16,negative,37,2831,ENSG00000092969,TGFB2,-0.024342362066068393
2,16,negative,38,4862,ENSG00000173559,NABP1,-0.024079887015205304
2,16,negative,39,17672,ENSG00000148677,ANKRD1,-0.024056451714074573
2,16,negative,40,29318,ENSG00000101188,NTSR1,-0.02392730888124801
2,16,negative,41,6198,ENSG00000168386,FILIP1L,-0.02379412303186035
2,16,negative,42,215,ENSG00000180758,GPR157,-0.023710278681225886
2,16,negative,43,24274,ENSG00000172379,ARNT2,-0.023677403992690266
2,16,negative,44,17427,ENSG00000156510,HKDC1,-0.023525686266398813
2,16,negative,45,11889,ENSG00000075618,FSCN1,-0.0234933150336865
2,16,negative,46,18393,ENSG00000166394,CYB5R2,-0.02346491855932321
2,16,negative,47,14727,ENSG00000104332,SFRP1,-0.023203624475547618
2,16,negative,48,3927,ENSG00000135636,DYSF,-0.023120170074945025
2,16,negative,49,24084,ENSG00000137819,PAQR5,-0.0231136118883309
2,16,negative,50,4356,ENSG00000115107,STEAP3,-0.02311067425894235
2,16,positive,1,30825,ENSG00000188293,IGFL1,0.04387380844523841
2,16,positive,2,23080,ENSG00000170345,FOS,0.03911953397534479
2,16,positive,3,20901,ENSG00000076067,RBMS2,0.03369983320412902
2,16,positive,4,27572,ENSG00000108984,MAP2K6,0.033464878645833175
2,16,positive,5,11576,ENSG00000111961,SASH1,0.03304363747735589
2,16,positive,6,18490,ENSG00000110680,CALCA,0.03235943425227847
2,16,positive,7,30895,ENSG00000161558,TMEM143,0.03130347866521533
2,16,positive,8,32528,ENSG00000157578,LCA5L,0.031198468415122194
2,16,positive,9,4836,ENSG00000138449,SLC40A1,0.03102926431671599
2,16,positive,10,20353,ENSG00000111348,ARHGDIB,0.030813603470263424
2,16,positive,11,17373,ENSG00000151150,ANK3,0.030269255236565536
2,16,positive,12,16515,ENSG00000186130,ZBTB6,0.030011711505387305
2,16,positive,13,28071,ENSG00000101624,CEP76,0.029386484634236914
2,16,positive,14,23217,ENSG00000100784,RPS6KA5,0.029224340456481687
2,16,positive,15,27669,ENSG00000177303,CASKIN2,0.028642103754818928
2,16,positive,16,6732,ENSG00000197415,VEPH1,0.02859171157546136
2,16,positive,17,4718,ENSG00000226853,AC010894.3,0.028363713159021392
2,16,positive,18,467,ENSG00000184677,ZBTB40,0.028239438790115583
2,16,positive,19,20743,ENSG00000170477,KRT4,0.028089550381253135
2,16,positive,20,1252,ENSG00000154027,AK5,0.028027809516220137
2,16,positive,21,27527,ENSG00000263470,RP11-160O5.1,0.02789567448524888
2,16,positive,22,17412,ENSG00000108187,PBLD,0.027421793647953233
2,16,positive,23,6711,ENSG00000114805,PLCH1,0.02736580090604865
2,16,positive,24,865,ENSG00000164010,ERMAP,0.027313277725953867
2,16,positive,25,21285,ENSG00000166153,DEPDC4,0.027288103599938964
2,16,positive,26,8982,ENSG00000229666,MAST4-AS1,0.02713332565074801
2,16,positive,27,5595,ENSG00000174738,NR1D2,0.02673367841097668
2,16,positive,28,23614,ENSG00000176454,LPCAT4,0.026499704202462997
2,16,positive,29,17687,ENSG00000138160,KIF11,0.026463904904749144
2,16,positive,30,30504,ENSG00000105738,SIPA1L3,0.02640486502415062
2,16,positive,31,8875,ENSG00000247796,CTD-2366F13.1,0.026397440985689993
2,16,positive,32,1845,ENSG00000163131,CTSS,0.026368537547455953
2,16,positive,33,20922,ENSG00000185633,NDUFA4L2,0.02610803192179266
2,16,positive,34,5632,ENSG00000152642,GPD1L,0.0260495429016023
2,16,positive,35,6381,ENSG00000138463,DIRC2,0.026013388194103912
2,16,positive,36,29115,ENSG00000168612,ZSWIM1,0.02593665439610343
2,16,positive,37,5484,ENSG00000163704,PRRT3,0.02580530348627989
2,16,positive,38,27753,ENSG00000266970,RP11-806H10.4,0.0257795273587311
2,16,positive,39,19136,ENSG00000149809,TM7SF2,0.025745585683639646
2,16,positive,40,24018,ENSG00000140451,PIF1,0.02562043422460172
2,16,positive,41,15225,ENSG00000104490,NCALD,0.02561356773736176
2,16,positive,42,30464,ENSG00000189042,ZNF567,0.025570129292903813
2,16,positive,43,8456,ENSG00000164342,TLR3,0.025534248776244682
2,16,positive,44,31757,ENSG00000261188,CTA-445C9.14,0.025319884177124427
2,16,positive,45,22976,ENSG00000258957,RP11-363J20.1,0.02474464341675195
2,16,positive,46,26082,ENSG00000167716,WDR81,0.02471937361384316
2,16,positive,47,26945,ENSG00000108352,RAPGEFL1,0.0245828278898294
2,16,positive,48,25187,ENSG00000149927,DOC2A,0.024527369867230784
2,16,positive,49,2081,ENSG00000125462,C1orf61,0.024471685098323495
2,16,positive,50,11144,ENSG00000135315,KIAA1009,0.024451244504586838
2,17,negative,1,31631,ENSG00000099910,KLHL22,-0.036605493964897214
2,17,negative,2,12404,ENSG00000086730,LAT2,-0.03377110292457541
2,17,negative,3,14640,ENSG00000157168,NRG1,-0.0320240606631289
2,17,negative,4,12147,ENSG00000271122,RP11-379H18.1,-0.03191437168312931
2,17,negative,5,14472,ENSG00000171428,NAT1,-0.03165899562641311
2,17,negative,6,29418,ENSG00000099864,PALM,-0.03164816053421297
2,17,negative,7,22298,ENSG00000233532,LINC00460,-0.03011532410405023
2,17,negative,8,12019,ENSG00000230658,KLHL7-AS1,-0.030015612949751094
2,17,negative,9,30969,ENSG00000090554,FLT3LG,-0.030003162343836494
2,17,negative,10,27327,ENSG00000167107,ACSF2,-0.029583686921537004
2,17,negative,11,16568,ENSG00000148356,LRSAM1,-0.029432819280490116
2,17,negative,12,16595,ENSG00000148346,LCN2,-0.029158859201007616
2,17,negative,13,184,ENSG00000116273,PHF13,-0.028754980558792713
2,17,negative,14,25459,ENSG00000260621,RP11-413H22.2,-0.028527744932851783
2,17,negative,15,15028,ENSG00000076641,PAG1,-0.0285143112285778
2,17,negative,16,11300,ENSG00000173214,KIAA1919,-0.028327574054559768
2,17,negative,17,4413,ENSG00000270081,RP5-935K16.1,-0.02826102833864892
2,17,negative,18,18522,ENSG00000134339,SAA2,-0.027901625676267645
2,17,negative,19,21374,ENSG00000198855,FICD,-0.027858028840000163
2,17,negative,20,12015,ENSG00000136244,IL6,-0.02757162662007543
2,17,negative,21,20922,ENSG00000185633,NDUFA4L2,-0.02730042927472131
2,17,negative,22,18680,ENSG00000175104,TRAF6,-0.02708109468704172
2,17,negative,23,8753,ENSG00000272323,CTD-2517O10.6,-0.026981546597775397
2,17,negative,24,13682,ENSG00000079482,OPHN1,-0.026582258594499905
2,17,negative,25,7212,ENSG00000175920,DOK7,-0.026559620662989697
2,17,negative,26,18523,ENSG00000173432,SAA1,-0.026515447284532846
2,17,negative,27,27125,ENSG00000125319,C17orf53,-0.02633225629529933
2,17,negative,28,29252,ENSG00000124224,PPP4R1L,-0.02632486812830924
2,17,negative,29,6923,ENSG00000163872,YEATS2,-0.026237902907981146
2,17,negative,30,5785,ENSG00000163820,FYCO1,-0.025980108816958596
2,17,negative,31,10888,ENSG00000171467,ZNF318,-0.025934949862278272
2,17,negative,32,12957,ENSG00000272941,RP11-134L10.1,-0.025922304515469174
2,17,negative,33,27324,ENSG00000154920,EME1,-0.025862575840654635
2,17,negative,34,19319,ENSG00000131620,ANO1,-0.025844280144597394
2,17,negative,35,26257,ENSG00000006047,YBX2,-0.025842255849905592
2,17,negative,36,26284,ENSG00000161956,SENP3,-0.025820555379978852
2,17,negative,37,30428,ENSG00000126264,HCST,-0.025816327126732565
2,17,negative,38,19066,ENSG00000188070,C11orf95,-0.02570022272776375
2,17,negative,39,19158,ENSG00000260233,SSSCA1-AS1,-0.02566515164147968
2,17,negative,40,24718,ENSG00000162066,AMDHD2,-0.0256485611534508
2,17,negative,41,22069,ENSG00000150510,FAM124A,-0.025617790052548897
2,17,negative,42,25870,ENSG00000103150,MLYCD,-0.025529547791268568
2,17,negative,43,31540,ENSG00000100181,TPTEP1,-0.02544069667681688
2,17,negative,44,15915,ENSG00000137075,RNF38,-0.0254333311244785
2,17,negative,45,7944,ENSG00000155016,CYP2U1,-0.02533830656899954
2,17,negative,46,17924,ENSG00000197142,ACSL5,-0.025280820260208833
2,17,negative,47,1686,ENSG00000234978,RP11-423O2.5,-0.02513683679094949
2,17,negative,48,21993,ENSG00000179630,LACC1,-0.025105972804411385
2,17,negative,49,374,ENSG00000058453,CROCC,-0.024915395366870374
2,17,negative,50,29856,ENSG00000198551,ZNF627,-0.024877885340850645
2,17,positive,1,13305,ENSG00000235385,GS1-600G8.5,0.04328519546340234
2,17,positive,2,12893,ENSG00000064419,TNPO3,0.03557962847072569
2,17,positive,3,20861,ENSG00000185664,PMEL,0.033629986629095714
2,17,positive,4,6267,ENSG00000114529,C3orf52,0.03246517947466336
2,17,positive,5,1656,ENSG00000231365,RP11-418J17.1,0.03133093523248701
2,17,positive,6,29346,ENSG00000101210,EEF1A2,0.029873470969660854
2,17,positive,7,11251,ENSG00000130347,RTN4IP1,0.029452732234626928
2,17,positive,8,3947,ENSG00000163017,ACTG2,0.029337002515656282
2,17,positive,9,19382,ENSG00000054965,FAM168A,0.02829399989787221
2,17,positive,10,32541,ENSG00000183844,FAM3B,0.027981675484038047
2,17,positive,11,1970,ENSG00000160678,S100A1,0.027107960009772857
2,17,positive,12,4971,ENSG00000118257,NRP2,0.02706475868591991
2,17,positive,13,7586,ENSG00000171476,HOPX,0.02673765363833535
2,17,positive,14,18704,ENSG00000187479,C11orf96,0.026058669738370784
2,17,positive,15,1040,ENSG00000270172,RP5-1024G6.8,0.026018467547132447
2,17,positive,16,21851,ENSG00000180730,SHISA2,0.025969448246078785
2,17,positive,17,18248,ENSG00000254827,SLC22A18AS,0.025940636686828847
2,17,positive,18,6439,ENSG00000074416,MGLL,0.025916559469963994
2,17,positive,19,833,ENSG00000117010,ZNF684,0.025727407129444636
2,17,positive,20,16441,ENSG00000041982,TNC,0.02568612208023454
2,17,positive,21,17672,ENSG00000148677,ANKRD1,0.02548301402106509
2,17,positive,22,21586,ENSG00000256950,RP11-87C12.2,0.025321574044080412
2,17,positive,23,785,ENSG00000204084,INPP5B,0.025297550543155068
2,17,positive,24,26978,ENSG00000212901,KRTAP3-1,0.02496609128040797
2,17,positive,25,7184,ENSG00000068078,FGFR3,0.024298875550859727
2,17,positive,26,20351,ENSG00000111341,MGP,0.024251781944913245
2,17,positive,27,6020,ENSG00000272146,RP11-755B10.4,0.02412332298956149
2,17,positive,28,11189,ENSG00000112182,BACH2,0.024044440929001064
2,17,positive,29,4952,ENSG00000273456,RP11-686O6.2,0.023871109746534894
2,17,positive,30,36,ENSG00000187961,KLHL17,0.023685446641088414
2,17,positive,31,1553,ENSG00000273221,RP5-1180E21.5,0.02364413138066861
2,17,positive,32,19059,ENSG00000133321,RARRES3,0.023578376633871658
2,17,positive,33,5006,ENSG00000244567,AC096772.6,0.023560798978291015
2,17,positive,34,5042,ENSG00000144452,ABCA12,0.023323299565497536
2,17,positive,35,21612,ENSG00000150967,ABCB9,0.02325123132494587
2,17,positive,36,19404,ENSG00000175536,LIPT2,0.023187512289669303
2,17,positive,37,32654,ENSG00000197381,ADARB1,0.023152240923727727
2,17,positive,38,480,ENSG00000179546,HTR1D,0.023135113119843852
2,17,positive,39,16986,ENSG00000148426,PROSER2,0.02311770786912966
2,17,positive,40,816,ENSG00000116990,MYCL,0.02309248147721276
2,17,positive,41,247,ENSG00000271895,RP4-635E18.8,0.023068275381417907
2,17,positive,42,4047,ENSG00000168874,ATOH8,0.022858248021598353
2,17,positive,43,17241,ENSG00000107562,CXCL12,0.022698104155523185
2,17,positive,44,6167,ENSG00000113966,ARL6,0.022669474717394073
2,17,positive,45,22320,ENSG00000139832,RAB20,0.022658440700100826
2,17,positive,46,31366,ENSG00000152443,ZNF776,0.022653563437293606
2,17,positive,47,15369,ENSG00000271975,RP11-383J24.6,0.02244546274799352
2,17,positive,48,20344,ENSG00000197837,HIST4H4,0.02212137528468373
2,17,positive,49,11480,ENSG00000146410,MTFR2,0.02211586067006271
2,17,positive,50,2516,ENSG00000116711,PLA2G4A,0.022086441477369365
2,18,negative,1,1015,ENSG00000157077,ZFYVE9,-0.031185547557120438
2,18,negative,2,3250,ENSG00000235078,AC142528.1,-0.030704583840267086
2,18,negative,3,13850,ENSG00000158301,GPRASP2,-0.030440412530807717
2,18,negative,4,488,ENSG00000007968,E2F2,-0.02831882913149856
2,18,negative,5,6037,ENSG00000168306,ACOX2,-0.027383489361965878
2,18,negative,6,4576,ENSG00000153234,NR4A2,-0.0270922959793123
2,18,negative,7,32592,ENSG00000160207,HSF2BP,-0.027017477919688983
2,18,negative,8,14554,ENSG00000159167,STC1,-0.02692461904024993
2,18,negative,9,17256,ENSG00000165406,MARCH8,-0.026888698343342968
2,18,negative,10,150,ENSG00000169598,DFFB,-0.02656162244215317
2,18,negative,11,23680,ENSG00000233041,PHGR1,-0.02614467708936971
2,18,negative,12,29442,ENSG00000180448,HMHA1,-0.025998505340775996
2,18,negative,13,27717,ENSG00000070526,ST6GALNAC1,-0.025892501821071237
2,18,negative,14,10416,ENSG00000010704,HFE,-0.025707656317129176
2,18,negative,15,378,ENSG00000238142,RP11-108M9.4,-0.02552696676871603
2,18,negative,16,17548,ENSG00000233871,DLG5-AS1,-0.02552442133542994
2,18,negative,17,24799,ENSG00000262246,CORO7,-0.025467212827661814
2,18,negative,18,5948,ENSG00000164086,DUSP7,-0.025448052922256652
2,18,negative,19,11429,ENSG00000197594,ENPP1,-0.02534420750638107
2,18,negative,20,18500,ENSG00000166689,PLEKHA7,-0.025296698339177
2,18,negative,21,28992,ENSG00000101353,MROH8,-0.025262546254686227
2,18,negative,22,15752,ENSG00000188921,PTPLAD2,-0.025183107538698953
2,18,negative,23,31764,ENSG00000244625,CTA-211A9.5,-0.025152465352413916
2,18,negative,24,28882,ENSG00000101337,TM9SF4,-0.02474864260845644
2,18,negative,25,2283,ENSG00000188859,FAM78B,-0.02463882529069666
2,18,negative,26,7519,ENSG00000259959,RP11-121C2.2,-0.024614551444289087
2,18,negative,27,24760,ENSG00000263214,ZNF205-AS1,-0.02448659700133889
2,18,negative,28,24431,ENSG00000184056,VPS33B,-0.02433956407486291
2,18,negative,29,19781,ENSG00000186318,BACE1,-0.024259176430274018
2,18,negative,30,16441,ENSG00000041982,TNC,-0.024017516612439966
2,18,negative,31,23595,ENSG00000166922,SCG5,-0.023976164739476787
2,18,negative,32,5381,ENSG00000006607,FARP2,-0.023931922928601797
2,18,negative,33,5227,ENSG00000204128,C2orf72,-0.02392319153398515
2,18,negative,34,14516,ENSG00000197181,PIWIL2,-0.023874897061799977
2,18,negative,35,15194,ENSG00000132549,VPS13B,-0.023779453084265465
2,18,negative,36,3669,ENSG00000152527,PLEKHH2,-0.023728388727482723
2,18,negative,37,12193,ENSG00000106571,GLI3,-0.023688426218436455
2,18,negative,38,19207,ENSG00000174791,RIN1,-0.023668051208205972
2,18,negative,39,8286,ENSG00000164124,TMEM144,-0.023617633421382827
2,18,negative,40,29672,ENSG00000174837,EMR1,-0.023552110153420295
2,18,negative,41,1439,ENSG00000269175,AC093157.1,-0.023519084309989103
2,18,negative,42,19060,ENSG00000133328,HRASLS2,-0.023437007830586817
2,18,negative,43,15533,ENSG00000014164,ZC3H3,-0.023356465860582393
2,18,negative,44,29032,ENSG00000132793,LPIN3,-0.023277765339636852
2,18,negative,45,19329,ENSG00000162105,SHANK2,-0.02297038539503602
2,18,negative,46,16034,ENSG00000204790,CBWD6,-0.022899111370414494
2,18,negative,47,3963,ENSG00000159239,C2orf81,-0.022690106258281034
2,18,negative,48,29929,ENSG00000267458,CTC-425F1.4,-0.022664385489588778
2,18,negative,49,31189,ENSG00000204577,LILRB3,-0.02265177652343598
2,18,negative,50,18036,ENSG00000107902,LHPP,-0.02252141465633773
2,18,positive,1,33,ENSG00000187634,SAMD11,0.03945110617088745
2,18,positive,2,19695,ENSG00000204381,LAYN,0.03707729174735832
2,18,positive,3,816,ENSG00000116990,MYCL,0.035814428142543285
2,18,positive,4,4267,ENSG00000144063,MALL,0.034828788555178535
2,18,positive,5,28545,ENSG00000060069,CTDP1,0.033910954049681134
2,18,positive,6,13665,ENSG00000198205,ZXDA,0.03218370716957764
2,18,positive,7,19613,ENSG00000110318,KIAA1377,0.031540190291964934
2,18,positive,8,12006,ENSG00000105866,SP4,0.031422367521558636
2,18,positive,9,6390,ENSG00000239523,MYLK-AS1,0.031382181846252064
2,18,positive,10,5886,ENSG00000176095,IP6K1,0.03136711575851086
2,18,positive,11,4833,ENSG00000204262,COL5A2,0.030053377067591307
2,18,positive,12,6732,ENSG00000197415,VEPH1,0.02972909949136774
2,18,positive,13,11491,ENSG00000016402,IL20RA,0.029565606233997947
2,18,positive,14,12948,ENSG00000198074,AKR1B10,0.02913032211891722
2,18,positive,15,5715,ENSG00000182606,TRAK1,0.0290425610949174
2,18,positive,16,8352,ENSG00000245213,RP11-10K16.1,0.029011937728040355
2,18,positive,17,14692,ENSG00000272092,RP11-350N15.5,0.028965330598889533
2,18,positive,18,4535,ENSG00000204406,MBD5,0.028280841740839634
2,18,positive,19,4652,ENSG00000163072,NOSTRIN,0.028008900012978566
2,18,positive,20,21944,ENSG00000120693,SMAD9,0.027991431484627228
2,18,positive,21,29870,ENSG00000197647,ZNF433,0.02783251599586757
2,18,positive,22,13284,ENSG00000146950,SHROOM2,0.027703244928228437
2,18,positive,23,17741,ENSG00000213390,ARHGAP19,0.0276507150784509
2,18,positive,24,459,ENSG00000142798,HSPG2,0.02690861261038946
2,18,positive,25,23928,ENSG00000128849,CGNL1,0.02659247680902329
2,18,positive,26,31671,ENSG00000100038,TOP3B,0.026509296890334145
2,18,positive,27,23718,ENSG00000137825,ITPKA,0.026265069087652415
2,18,positive,28,5761,ENSG00000186448,ZNF197,0.026116654933741032
2,18,positive,29,26,ENSG00000225880,LINC00115,0.02594849862874302
2,18,positive,30,20729,ENSG00000205420,KRT6A,0.02593686575348591
2,18,positive,31,30462,ENSG00000197808,ZNF461,0.02586820059032259
2,18,positive,32,7545,ENSG00000184178,SCFD2,0.025700266626407602
2,18,positive,33,23211,ENSG00000165914,TTC7B,0.025618936381252122
2,18,positive,34,11117,ENSG00000112742,TTK,0.025300224871417337
2,18,positive,35,7400,ENSG00000109680,TBC1D19,0.025274623971471052
2,18,positive,36,19813,ENSG00000019144,PHLDB1,0.025274514773362126
2,18,positive,37,10895,ENSG00000271754,RP3-337H4.9,0.02525621983096651
2,18,positive,38,19654,ENSG00000261098,RP11-819C21.1,0.02524834162806659
2,18,positive,39,27162,ENSG00000131094,C1QL1,0.025138660548613103
2,18,positive,40,12895,ENSG00000128602,SMO,0.024950729444074164
2,18,positive,41,20352,ENSG00000139055,ERP27,0.024746241118340888
2,18,positive,42,31983,ENSG00000184381,PLA2G6,0.02461204861949258
2,18,positive,43,18649,ENSG00000135363,LMO2,0.024523463050210723
2,18,positive,44,18158,ENSG00000174915,PTDSS2,0.02447478851549279
2,18,positive,45,30365,ENSG00000168661,ZNF30,0.02433137194783634
2,18,positive,46,30407,ENSG00000226510,UPK1A-AS1,0.02427644454198833
2,18,positive,47,14743,ENSG00000104368,PLAT,0.024242515515866838
2,18,positive,48,14208,ENSG00000213397,HAUS7,0.024127907104473312
2,18,positive,49,8769,ENSG00000145604,SKP2,0.023954507392047675
2,18,positive,50,15473,ENSG00000259891,CTA-204B4.2,0.023862669342722128
2,19,negative,1,25594,ENSG00000179044,EXOC3L1,-0.03679299374490178
2,19,negative,2,31780,ENSG00000169184,MN1,-0.03411837798198751
2,19,negative,3,23962,ENSG00000069667,RORA,-0.03389653216065093
2,19,negative,4,17652,ENSG00000119922,IFIT2,-0.033184963804628535
2,19,negative,5,17071,ENSG00000204682,CASC10,-0.033005446310458736
2,19,negative,6,29528,ENSG00000175691,ZNF77,-0.03290242305509131
2,19,negative,7,25473,ENSG00000125144,MT1G,-0.03288706378208359
2,19,negative,8,31000,ENSG00000104951,IL4I1,-0.030915122828530085
2,19,negative,9,19430,ENSG00000255507,RP11-535A19.2,-0.030635392468877753
2,19,negative,10,26284,ENSG00000161956,SENP3,-0.030225967088526366
2,19,negative,11,31204,ENSG00000226696,LENG8-AS1,-0.02994173225141796
2,19,negative,12,12234,ENSG00000272768,RP4-673M15.1,-0.02872352573979195
2,19,negative,13,29735,ENSG00000167772,ANGPTL4,-0.028633314998702693
2,19,negative,14,22581,ENSG00000139899,CBLN3,-0.02813352153004412
2,19,negative,15,15833,ENSG00000230453,ANKRD18B,-0.02807087506347653
2,19,negative,16,25474,ENSG00000205358,MT1H,-0.02789596664231208
2,19,negative,17,17655,ENSG00000185745,IFIT1,-0.02750126961952065
2,19,negative,18,9145,ENSG00000205464,ATP6AP1L,-0.02735562826625764
2,19,negative,19,18098,ENSG00000068383,INPP5A,-0.027220244734699788
2,19,negative,20,19778,ENSG00000149591,TAGLN,-0.026878400197527078
2,19,negative,21,4762,ENSG00000196659,TTC30B,-0.026616813729988167
2,19,negative,22,32542,ENSG00000183486,MX2,-0.026480194633499616
2,19,negative,23,13539,ENSG00000094631,HDAC6,-0.026298267702472254
2,19,negative,24,31126,ENSG00000198482,ZNF808,-0.026247006283957246
2,19,negative,25,7694,ENSG00000163739,CXCL1,-0.02620101002817396
2,19,negative,26,15201,ENSG00000104450,SPAG1,-0.026153345812310966
2,19,negative,27,11237,ENSG00000085382,HACE1,-0.026121311133748652
2,19,negative,28,10933,ENSG00000001561,ENPP4,-0.026049874649730846
2,19,negative,29,7169,ENSG00000159674,SPON2,-0.02602980256493884
2,19,negative,30,797,ENSG00000158315,RHBDL2,-0.02593874282958407
2,19,negative,31,30969,ENSG00000090554,FLT3LG,-0.025900755787647813
2,19,negative,32,20194,ENSG00000159403,C1R,-0.025705409758177755
2,19,negative,33,22078,ENSG00000253710,ALG11,-0.025502108763886498
2,19,negative,34,30823,ENSG00000268621,AC006262.5,-0.02543849068093556
2,19,negative,35,22770,ENSG00000198513,ATL1,-0.02532333169989357
2,19,negative,36,1358,ENSG00000174842,GLMN,-0.025292573277083293
2,19,negative,37,29961,ENSG00000104998,IL27RA,-0.02514222097586418
2,19,negative,38,898,ENSG00000196517,SLC6A9,-0.025012449179943202
2,19,negative,39,7082,ENSG00000145113,MUC4,-0.02482902159418559
2,19,negative,40,22266,ENSG00000139800,ZIC5,-0.0247687193006143
2,19,negative,41,711,ENSG00000116525,TRIM62,-0.024764789520485858
2,19,negative,42,20312,ENSG00000121380,BCL2L14,-0.024733838490302196
2,19,negative,43,18717,ENSG00000175274,TP53I11,-0.024730311645740376
2,19,negative,44,19182,ENSG00000175592,FOSL1,-0.024707661784921214
2,19,negative,45,7697,ENSG00000163735,CXCL5,-0.024624407286099107
2,19,negative,46,2382,ENSG00000185278,ZBTB37,-0.024614193332137182
2,19,negative,47,12633,ENSG00000185955,C7orf61,-0.02456415717342714
2,19,negative,48,15659,ENSG00000106686,SPATA6L,-0.0243533721622318
2,19,negative,49,14634,ENSG00000133863,TEX15,-0.024323436110557494
2,19,negative,50,17568,ENSG00000244733,RP11-506M13.3,-0.02422253032975376
2,19,positive,1,26911,ENSG00000067191,CACNB1,0.03994628591305985
2,19,positive,2,10312,ENSG00000124523,SIRT5,0.03615641546933421
2,19,positive,3,6732,ENSG00000197415,VEPH1,0.034585791324854405
2,19,positive,4,17436,ENSG00000197467,COL13A1,0.032356286627932364
2,19,positive,5,6663,ENSG00000240137,RP11-103G8.2,0.03123895960264259
2,19,positive,6,24061,ENSG00000259673,IQCH-AS1,0.029191131180816378
2,19,positive,7,5061,ENSG00000260804,RP11-566E18.3,0.028807494695261074
2,19,positive,8,29318,ENSG00000101188,NTSR1,0.02838883252458014
2,19,positive,9,30725,ENSG00000159882,ZNF230,0.028054169589324857
2,19,positive,10,20756,ENSG00000139651,ZNF740,0.028051596202649597
2,19,positive,11,4656,ENSG00000073737,DHRS9,0.02787420349635278
2,19,positive,12,27052,ENSG00000173757,STAT5B,0.027768840674595154
2,19,positive,13,5484,ENSG00000163704,PRRT3,0.027702628234601928
2,19,positive,14,16483,ENSG00000136848,DAB2IP,0.027293056319631453
2,19,positive,15,27692,ENSG00000188878,FBF1,0.02709645980512676
2,19,positive,16,8171,ENSG00000248890,HHIP-AS1,0.02699888051069056
2,19,positive,17,25470,ENSG00000205362,MT1A,0.02655205045436914
2,19,positive,18,11353,ENSG00000153975,ZUFSP,0.02653510085261627
2,19,positive,19,17415,ENSG00000138346,DNA2,0.026216005448164315
2,19,positive,20,14271,ENSG00000214827,MTCP1,0.026090411152957228
2,19,positive,21,30647,ENSG00000105388,CEACAM5,0.025979405612320924
2,19,positive,22,25379,ENSG00000155393,HEATR3,0.025904320893517456
2,19,positive,23,31574,ENSG00000100033,PRODH,0.02578553835221833
2,19,positive,24,17717,ENSG00000095637,SORBS1,0.025670602112412785
2,19,positive,25,1167,ENSG00000116675,DNAJC6,0.025374012261689956
2,19,positive,26,24399,ENSG00000242498,C15orf38,0.02534648572929419
2,19,positive,27,1295,ENSG00000097096,SYDE2,0.0253027840904171
2,19,positive,28,7898,ENSG00000153064,BANK1,0.025247647467504013
2,19,positive,29,25130,ENSG00000184110,EIF3C,0.025075245652611402
2,19,positive,30,29365,ENSG00000130584,ZBTB46,0.02502151326335492
2,19,positive,31,29026,ENSG00000204103,MAFB,0.025011941528095986
2,19,positive,32,21909,ENSG00000187676,B3GALTL,0.024902588024197907
2,19,positive,33,21956,ENSG00000150893,FREM2,0.024887815927230737
2,19,positive,34,27789,ENSG00000262580,RP11-334C17.5,0.024878890280817516
2,19,positive,35,31391,ENSG00000182318,ZSCAN22,0.024872012165089663
2,19,positive,36,646,ENSG00000223382,RP1-65J11.1,0.024727869863185724
2,19,positive,37,23773,ENSG00000166762,CATSPER2,0.024614304741955566
2,19,positive,38,20040,ENSG00000151498,ACAD8,0.0244998131066746
2,19,positive,39,24461,ENSG00000140563,MCTP2,0.024463530436854
2,19,positive,40,21996,ENSG00000227258,SMIM2-AS1,0.024431588648882566
2,19,positive,41,28135,ENSG00000134508,CABLES1,0.024430128754657762
2,19,positive,42,13487,ENSG00000147121,KRBOX4,0.024331623758840515
2,19,positive,43,29005,ENSG00000198959,TGM2,0.024267678537099595
2,19,positive,44,28449,ENSG00000171451,DSEL,0.02420531372978033
2,19,positive,45,31678,ENSG00000185686,PRAME,0.02417717531459738
2,19,positive,46,15708,ENSG00000107165,TYRP1,0.02417268379012641
2,19,positive,47,11953,ENSG00000006468,ETV1,0.023984849022928464
2,19,positive,48,1532,ENSG00000116396,KCNC4,0.023938376721640155
2,19,positive,49,29497,ENSG00000099840,IZUMO4,0.02390271192015886
2,19,positive,50,26826,ENSG00000187456,RDM1,0.023892141685825444
2,20,negative,1,4490,ENSG00000231890,AC093391.2,-0.040439046847261
2,20,negative,2,1449,ENSG00000060718,COL11A1,-0.03456846180928252
2,20,negative,3,17672,ENSG00000148677,ANKRD1,-0.03279625688272883
2,20,negative,4,11429,ENSG00000197594,ENPP1,-0.031623298836079915
2,20,negative,5,26955,ENSG00000131746,TNS4,-0.031291674572256754
2,20,negative,6,5650,ENSG00000271643,RP11-10C24.3,-0.031213779131504398
2,20,negative,7,23354,ENSG00000214548,MEG3,-0.03103449867226506
2,20,negative,8,5192,ENSG00000169047,IRS1,-0.029950457002949838
2,20,negative,9,4025,ENSG00000186854,TRABD2A,-0.029067512513947853
2,20,negative,10,16912,ENSG00000187134,AKR1C1,-0.0290138488145508
2,20,negative,11,20240,ENSG00000175899,A2M,-0.028936940361732805
2,20,negative,12,16422,ENSG00000138835,RGS3,-0.028180427453772944
2,20,negative,13,14641,ENSG00000272327,RP11-1002K11.1,-0.028007368675452823
2,20,negative,14,24242,ENSG00000188266,HYKK,-0.02777779114456362
2,20,negative,15,27963,ENSG00000266835,RP11-838N2.4,-0.02776744882098998
2,20,negative,16,26215,ENSG00000091592,NLRP1,-0.027392353964346777
2,20,negative,17,23043,ENSG00000258891,RP5-1021I20.5,-0.027043773238620342
2,20,negative,18,4185,ENSG00000115602,IL1RL1,-0.026915432965939963
2,20,negative,19,19234,ENSG00000173599,PC,-0.026736763743300387
2,20,negative,20,29026,ENSG00000204103,MAFB,-0.026579491184596817
2,20,negative,21,6115,ENSG00000172986,GXYLT2,-0.026570199305459154
2,20,negative,22,4883,ENSG00000229056,AC020571.3,-0.026502932527205
2,20,negative,23,6474,ENSG00000004399,PLXND1,-0.02646470611685234
2,20,negative,24,26634,ENSG00000076351,SLC46A1,-0.026239991102938842
2,20,negative,25,31349,ENSG00000105136,ZNF419,-0.02604904497908432
2,20,negative,26,9814,ENSG00000197043,ANXA6,-0.025948759616072736
2,20,negative,27,27251,ENSG00000233101,HOXB-AS3,-0.02575474886974728
2,20,negative,28,21010,ENSG00000256268,RP11-221N13.3,-0.025728824521356053
2,20,negative,29,5134,ENSG00000127824,TUBA4A,-0.025447595470903365
2,20,negative,30,6768,ENSG00000196542,SPTSSB,-0.025379630286865636
2,20,negative,31,19855,ENSG00000154096,THY1,-0.025210596530224737
2,20,negative,32,29252,ENSG00000124224,PPP4R1L,-0.02512454508310032
2,20,negative,33,24983,ENSG00000170537,TMC7,-0.02512040308161988
2,20,negative,34,22158,ENSG00000178695,KCTD12,-0.025066438484279037
2,20,negative,35,1987,ENSG00000272654,RP11-422P24.11,-0.024987556719606695
2,20,negative,36,18165,ENSG00000254815,RP11-496I9.1,-0.024806396043870256
2,20,negative,37,11798,ENSG00000242474,AC093627.9,-0.024796554604762485
2,20,negative,38,10983,ENSG00000170915,PAQR8,-0.02467684203496929
2,20,negative,39,30925,ENSG00000105559,PLEKHA4,-0.024479634994419765
2,20,negative,40,13856,ENSG00000133169,BEX1,-0.02443058178867726
2,20,negative,41,14026,ENSG00000085185,BCORL1,-0.024341817229039893
2,20,negative,42,23255,ENSG00000089723,OTUB2,-0.02428743507281252
2,20,negative,43,19405,ENSG00000254837,AP001372.2,-0.024257915814772005
2,20,negative,44,7190,ENSG00000130997,POLN,-0.024236222632652408
2,20,negative,45,31850,ENSG00000185133,INPP5J,-0.02410210953240034
2,20,negative,46,20581,ENSG00000257433,RP1-197B17.3,-0.024030351440382302
2,20,negative,47,2590,ENSG00000260088,RP11-92G12.3,-0.023923751905361224
2,20,negative,48,8519,ENSG00000271781,CTD-2589H19.6,-0.023907448009243333
2,20,negative,49,20557,ENSG00000139173,TMEM117,-0.023842032242515552
2,20,negative,50,21348,ENSG00000074590,NUAK1,-0.023793933705265304
2,20,positive,1,7733,ENSG00000169245,CXCL10,0.04404879526840128
2,20,positive,2,19631,ENSG00000137745,MMP13,0.038575931739262104
2,20,positive,3,12827,ENSG00000230316,FEZF1-AS1,0.037392346136044176
2,20,positive,4,26824,ENSG00000161570,CCL5,0.03506613280662747
2,20,positive,5,13330,ENSG00000147003,TMEM27,0.03397335296793249
2,20,positive,6,488,ENSG00000007968,E2F2,0.03393914564122142
2,20,positive,7,1018,ENSG00000085840,ORC1,0.033806932315666054
2,20,positive,8,4656,ENSG00000073737,DHRS9,0.033321555325818396
2,20,positive,9,4258,ENSG00000163006,CCDC138,0.03306437421335744
2,20,positive,10,31952,ENSG00000166897,ELFN2,0.032892619296562425
2,20,positive,11,14590,ENSG00000171320,ESCO2,0.030935613380397294
2,20,positive,12,16785,ENSG00000148400,NOTCH1,0.03022996773487993
2,20,positive,13,7691,ENSG00000169429,IL8,0.02980997399459604
2,20,positive,14,17612,ENSG00000227896,RP11-77P6.2,0.029059640724656947
2,20,positive,15,9769,ENSG00000169247,SH3TC2,0.02851092191918993
2,20,positive,16,27173,ENSG00000184922,FMNL1,0.02843463475707396
2,20,positive,17,25227,ENSG00000197162,ZNF785,0.027937832883939914
2,20,positive,18,23142,ENSG00000211448,DIO2,0.027724223573428217
2,20,positive,19,13504,ENSG00000196741,CXorf24,0.027622318698021897
2,20,positive,20,20966,ENSG00000139263,LRIG3,0.027552356125365832
2,20,positive,21,25596,ENSG00000102890,ELMO3,0.027411138578669073
2,20,positive,22,845,ENSG00000204060,FOXO6,0.02740998106883971
2,20,positive,23,600,ENSG00000130775,THEMIS2,0.02735060508736381
2,20,positive,24,16135,ENSG00000165113,GKAP1,0.027300987106209852
2,20,positive,25,4884,ENSG00000144395,CCDC150,0.027173023289432933
2,20,positive,26,16534,ENSG00000224020,MIR181A2HG,0.027033007264321295
2,20,positive,27,17287,ENSG00000165388,ZNF488,0.026805496276242843
2,20,positive,28,16660,ENSG00000148344,PTGES,0.02646846634216214
2,20,positive,29,21257,ENSG00000139344,AMDHD1,0.02633393540154024
2,20,positive,30,7019,ENSG00000163347,CLDN1,0.02626242733046271
2,20,positive,31,6715,ENSG00000174928,C3orf33,0.02610051808211892
2,20,positive,32,10475,ENSG00000184357,HIST1H1B,0.026016014191596597
2,20,positive,33,8824,ENSG00000250722,SEPP1,0.025952449922245602
2,20,positive,34,11947,ENSG00000006747,SCIN,0.02570750306631879
2,20,positive,35,23813,ENSG00000166920,C15orf48,0.02525854066972767
2,20,positive,36,8160,ENSG00000109458,GAB1,0.025135159609917808
2,20,positive,37,12899,ENSG00000240204,SMKR1,0.02509510786517023
2,20,positive,38,20756,ENSG00000139651,ZNF740,0.02508285213454945
2,20,positive,39,30825,ENSG00000188293,IGFL1,0.02499483138979196
2,20,positive,40,141,ENSG00000078900,TP73,0.02496978816329612
2,20,positive,41,15191,ENSG00000164920,OSR2,0.024828227937952325
2,20,positive,42,23456,ENSG00000184916,JAG2,0.024721572462428714
2,20,positive,43,26645,ENSG00000265287,RP11-192H23.6,0.024706534179565007
2,20,positive,44,19090,ENSG00000257086,RP11-783K16.13,0.024647393126012756
2,20,positive,45,21825,ENSG00000205861,C1QTNF9B-AS1,0.024593856327785935
2,20,positive,46,7274,ENSG00000155275,TRMT44,0.024567652897769764
2,20,positive,47,30730,ENSG00000186026,ZNF284,0.024471483355773475
2,20,positive,48,32592,ENSG00000160207,HSF2BP,0.024421439043352745
2,20,positive,49,28249,ENSG00000101489,CELF4,0.024294636692186698
2,20,positive,50,7694,ENSG00000163739,CXCL1,0.024283433010628446
3,1,negative,1,12956,ENSG00000146859,TMEM140,-0.023090341341414095
3,1,negative,2,15155,ENSG00000164938,TP53INP1,-0.02246995324202844
3,1,negative,3,33,ENSG00000187634,SAMD11,-0.022083683887339427
3,1,negative,4,31855,ENSG00000100100,PIK3IP1,-0.022064600914540183
3,1,negative,5,4635,ENSG00000115339,GALNT3,-0.022017351248147014
3,1,negative,6,17249,ENSG00000165507,C10orf10,-0.021073674207624758
3,1,negative,7,15509,ENSG00000167656,LY6D,-0.020916025637730904
3,1,negative,8,10305,ENSG00000112137,PHACTR1,-0.020772172598256106
3,1,negative,9,1815,ENSG00000184678,HIST2H2BE,-0.020504399503089417
3,1,negative,10,6391,ENSG00000065534,MYLK,-0.020152853762015508
3,1,negative,11,28937,ENSG00000078804,TP53INP2,-0.02011160451903741
3,1,negative,12,30182,ENSG00000081665,ZNF506,-0.019859460865422653
3,1,negative,13,28335,ENSG00000101751,POLI,-0.019652957799398352
3,1,negative,14,20895,ENSG00000170581,STAT2,-0.019604466548965447
3,1,negative,15,10422,ENSG00000158373,HIST1H2BD,-0.019557256766288434
3,1,negative,16,22074,ENSG00000102796,DHRS12,-0.01949686886293631
3,1,negative,17,869,ENSG00000227533,SLC2A1-AS1,-0.01943859787992222
3,1,negative,18,5889,ENSG00000182179,UBA7,-0.019338660210566513
3,1,negative,19,26608,ENSG00000141068,KSR1,-0.01926069249721428
3,1,negative,20,5765,ENSG00000196653,ZNF502,-0.019066802679537927
3,1,negative,21,1264,ENSG00000137959,IFI44L,-0.019016392015815987
3,1,negative,22,27715,ENSG00000070731,ST6GALNAC2,-0.0189004783509363
3,1,negative,23,4568,ENSG00000177519,RPRM,-0.018840852140869363
3,1,negative,24,1331,ENSG00000162654,GBP4,-0.018484520683845828
3,1,negative,25,1311,ENSG00000261737,RP4-612B15.3,-0.018280528810099613
3,1,negative,26,9180,ENSG00000164180,TMEM161B,-0.018274224616780736
3,1,negative,27,15763,ENSG00000198642,KLHL9,-0.018239010126918056
3,1,negative,28,10420,ENSG00000180573,HIST1H2AC,-0.01823110477195496
3,1,negative,29,24691,ENSG00000167964,RAB26,-0.018228886060566492
3,1,negative,30,2654,ENSG00000159388,BTG2,-0.018205990363130843
3,1,negative,31,29068,ENSG00000244558,RP11-445H22.4,-0.01819250533659323
3,1,negative,32,29069,ENSG00000064205,WISP2,-0.01817303634134457
3,1,negative,33,27132,ENSG00000260793,RP5-882C2.2,-0.017957471713297597
3,1,negative,34,26824,ENSG00000161570,CCL5,-0.017873931470486437
3,1,negative,35,2191,ENSG00000162738,VANGL2,-0.01753952618878285
3,1,negative,36,23806,ENSG00000138606,SHF,-0.017499946193180484
3,1,negative,37,13342,ENSG00000169891,REPS2,-0.017465017780508723
3,1,negative,38,5828,ENSG00000164050,PLXNB1,-0.017432084411712286
3,1,negative,39,8824,ENSG00000250722,SEPP1,-0.017374762091148035
3,1,negative,40,264,ENSG00000215910,C1orf167,-0.01735801096426084
3,1,negative,41,1329,ENSG00000162645,GBP2,-0.01734448654353803
3,1,negative,42,18997,ENSG00000167995,BEST1,-0.017334987129658894
3,1,negative,43,19777,ENSG00000149577,SIDT2,-0.017327694699338644
3,1,negative,44,2618,ENSG00000223774,RP11-307B6.3,-0.017320424763974013
3,1,negative,45,1845,ENSG00000163131,CTSS,-0.017232405966921657
3,1,negative,46,6922,ENSG00000114796,KLHL24,-0.01722069815372387
3,1,negative,47,22222,ENSG00000080166,DCT,-0.017161667870286234
3,1,negative,48,4579,ENSG00000136542,GALNT5,-0.01708964582338286
3,1,negative,49,17742,ENSG00000165879,FRAT1,-0.016805379665011905
3,1,negative,50,19699,ENSG00000086848,ALG9,-0.016758778852463338
3,1,positive,1,27063,ENSG00000131470,PSMC3IP,0.04629215021686902
3,1,positive,2,4305,ENSG00000169607,CKAP2L,0.044860778064680765
3,1,positive,3,29968,ENSG00000105011,ASF1B,0.04396374590201084
3,1,positive,4,25907,ENSG00000131153,GINS2,0.040508732428207614
3,1,positive,5,18907,ENSG00000189057,FAM111B,0.038970539578393554
3,1,positive,6,13166,ENSG00000196584,XRCC2,0.03853971660296115
3,1,positive,7,3323,ENSG00000171848,RRM2,0.03803296216764624
3,1,positive,8,26947,ENSG00000094804,CDC6,0.037830041997534106
3,1,positive,9,14770,ENSG00000104738,MCM4,0.037550846043874424
3,1,positive,10,19309,ENSG00000110092,CCND1,0.03688189503792069
3,1,positive,11,29587,ENSG00000167670,CHAF1A,0.036008449737366215
3,1,positive,12,5279,ENSG00000123485,HJURP,0.03592089878254629
3,1,positive,13,4704,ENSG00000144354,CDCA7,0.03570570335933582
3,1,positive,14,23923,ENSG00000138587,MNS1,0.035659828556335066
3,1,positive,15,4653,ENSG00000152253,SPC25,0.035306199329974954
3,1,positive,16,28918,ENSG00000101412,E2F1,0.035275090876044204
3,1,positive,17,3488,ENSG00000115163,CENPA,0.03484894647300593
3,1,positive,18,26322,ENSG00000178999,AURKB,0.03478594206142248
3,1,positive,19,8967,ENSG00000123219,CENPK,0.03462323528234322
3,1,positive,20,26953,ENSG00000131747,TOP2A,0.0344280388858681
3,1,positive,21,24419,ENSG00000197299,BLM,0.0342519095841382
3,1,positive,22,31593,ENSG00000093009,CDC45,0.03393932147075624
3,1,positive,23,25334,ENSG00000171241,SHCBP1,0.03374425020215102
3,1,positive,24,16997,ENSG00000065328,MCM10,0.0337039805908487
3,1,positive,25,25986,ENSG00000167513,CDT1,0.0337015679359829
3,1,positive,26,9952,ENSG00000040275,SPDL1,0.03352076417983234
3,1,positive,27,29110,ENSG00000175063,UBE2C,0.03345979889881468
3,1,positive,28,31817,ENSG00000128342,LIF,0.03319119877483997
3,1,positive,29,15890,ENSG00000137135,ARHGEF39,0.03317872539385323
3,1,positive,30,15015,ENSG00000164683,HEY1,0.03286264881920521
3,1,positive,31,8433,ENSG00000151725,CENPU,0.03281902645536532
3,1,positive,32,2783,ENSG00000143476,DTL,0.03262213002305763
3,1,positive,33,2588,ENSG00000118193,KIF14,0.032519337532811804
3,1,positive,34,8036,ENSG00000145386,CCNA2,0.03236999099469475
3,1,positive,35,24742,ENSG00000127564,PKMYT1,0.032356356589667366
3,1,positive,36,4113,ENSG00000121152,NCAPH,0.032179039142294044
3,1,positive,37,27102,ENSG00000175832,ETV4,0.03210172298611091
3,1,positive,38,5822,ENSG00000164045,CDC25A,0.0320555350247068
3,1,positive,39,29045,ENSG00000101057,MYBL2,0.0319847168686364
3,1,positive,40,29018,ENSG00000101447,FAM83D,0.031752995620390696
3,1,positive,41,19131,ENSG00000146670,CDCA5,0.031545004984186636
3,1,positive,42,13535,ENSG00000101945,SUV39H1,0.03149008235663571
3,1,positive,43,5950,ENSG00000164087,POC1A,0.03145103264498592
3,1,positive,44,32076,ENSG00000100162,CENPM,0.03136047519517643
3,1,positive,45,488,ENSG00000007968,E2F2,0.03131573054540198
3,1,positive,46,21187,ENSG00000139318,DUSP6,0.03110585497940443
3,1,positive,47,9623,ENSG00000113070,HBEGF,0.03095620557380961
3,1,positive,48,8248,ENSG00000121211,MND1,0.03069329776045933
3,1,positive,49,23714,ENSG00000104147,OIP5,0.03069275457521077
3,1,positive,50,21805,ENSG00000165480,SKA3,0.03060488942611882
3,2,negative,1,26014,ENSG00000178773,CPNE7,-0.032722643520822256
3,2,negative,2,31275,ENSG00000171425,ZNF581,-0.032336772005819664
3,2,negative,3,19234,ENSG00000173599,PC,-0.030756845613676163
3,2,negative,4,21128,ENSG00000067798,NAV3,-0.0295975056525129
3,2,negative,5,26474,ENSG00000179598,PLD6,-0.029506263757107843
3,2,negative,6,22834,ENSG00000186615,KTN1-AS1,-0.02904591138775116
3,2,negative,7,7071,ENSG00000173950,XXYLT1,-0.0284615117991614
3,2,negative,8,20577,ENSG00000258181,RP11-493L12.4,-0.02763929828279592
3,2,negative,9,26111,ENSG00000132361,CLUH,-0.02727333217760743
3,2,negative,10,23668,ENSG00000104081,BMF,-0.025984334075989633
3,2,negative,11,28468,ENSG00000170677,SOCS6,-0.025919408269048635
3,2,negative,12,26867,ENSG00000108264,TADA2A,-0.02574451022047254
3,2,negative,13,27494,ENSG00000136490,LIMD2,-0.025633692295317895
3,2,negative,14,18360,ENSG00000110171,TRIM3,-0.02522715984708262
3,2,negative,15,3461,ENSG00000115137,DNAJC27,-0.025014809280699532
3,2,negative,16,2656,ENSG00000188783,PRELP,-0.024983590237462702
3,2,negative,17,6476,ENSG00000271270,TMCC1-AS1,-0.0249411764640175
3,2,negative,18,18639,ENSG00000110427,KIAA1549L,-0.024846011685035627
3,2,negative,19,5192,ENSG00000169047,IRS1,-0.024803024591735084
3,2,negative,20,13389,ENSG00000067992,PDK3,-0.024642037247758628
3,2,negative,21,15141,ENSG00000197275,RAD54B,-0.024440449299411745
3,2,negative,22,19040,ENSG00000162227,TAF6L,-0.024362919685857805
3,2,negative,23,28486,ENSG00000075336,TIMM21,-0.02423906935702396
3,2,negative,24,16682,ENSG00000126878,AIF1L,-0.024182105167704054
3,2,negative,25,19146,ENSG00000149798,CDC42EP2,-0.02411054091634662
3,2,negative,26,9847,ENSG00000082516,GEMIN5,-0.023935953305649682
3,2,negative,27,4955,ENSG00000163596,ICA1L,-0.02344163463349348
3,2,negative,28,25601,ENSG00000135740,SLC9A5,-0.023343416461762845
3,2,negative,29,3763,ENSG00000115355,CCDC88A,-0.02327243039449799
3,2,negative,30,4307,ENSG00000125538,IL1B,-0.02321580420811265
3,2,negative,31,18649,ENSG00000135363,LMO2,-0.02318098654479644
3,2,negative,32,15708,ENSG00000107165,TYRP1,-0.02311122115476591
3,2,negative,33,357,ENSG00000142632,ARHGEF19,-0.023107201611238543
3,2,negative,34,30573,ENSG00000090932,DLL3,-0.022951985895109165
3,2,negative,35,11840,ENSG00000230487,PSMG3-AS1,-0.022906991258886438
3,2,negative,36,30459,ENSG00000233527,AC092295.7,-0.02288397501870939
3,2,negative,37,1335,ENSG00000197147,LRRC8B,-0.02287629502409929
3,2,negative,38,29970,ENSG00000072071,LPHN1,-0.022875015939838504
3,2,negative,39,14959,ENSG00000178860,MSC,-0.022856943252268527
3,2,negative,40,15406,ENSG00000247844,CCAT1,-0.022720258551659666
3,2,negative,41,9136,ENSG00000247572,CKMT2-AS1,-0.022654079808916174
3,2,negative,42,11374,ENSG00000025156,HSF2,-0.02265319075645481
3,2,negative,43,20118,ENSG00000047621,C12orf4,-0.022644347079054914
3,2,negative,44,17039,ENSG00000026025,VIM,-0.022630425754937723
3,2,negative,45,16096,ENSG00000156017,C9orf41,-0.022605497199601084
3,2,negative,46,5507,ENSG00000197548,ATG7,-0.022523544492044675
3,2,negative,47,3515,ENSG00000234072,AC074117.10,-0.022506870887160607
3,2,negative,48,18547,ENSG00000270607,RP11-359E10.1,-0.022423492404332335
3,2,negative,49,30607,ENSG00000090006,LTBP4,-0.0224082801431482
3,2,negative,50,17057,ENSG00000241058,NSUN6,-0.02240434870041208
3,2,positive,1,29735,ENSG00000167772,ANGPTL4,0.04431500537307841
3,2,positive,2,15509,ENSG00000167656,LY6D,0.04219950593402928
3,2,positive,3,15508,ENSG00000180155,LYNX1,0.036187374692843235
3,2,positive,4,30850,ENSG00000130751,NPAS1,0.03452294328488335
3,2,positive,5,5836,ENSG00000145040,UCN2,0.03220001329218581
3,2,positive,6,32098,ENSG00000128274,A4GALT,0.032109655224208125
3,2,positive,7,29191,ENSG00000101096,NFATC2,0.03132153109652646
3,2,positive,8,10293,ENSG00000111859,NEDD9,0.03130644735972941
3,2,positive,9,31913,ENSG00000198125,MB,0.03126985911328384
3,2,positive,10,21387,ENSG00000256262,USP30-AS1,0.03118076037861969
3,2,positive,11,17458,ENSG00000237512,UNC5B-AS1,0.03065081063842741
3,2,positive,12,9821,ENSG00000086570,FAT2,0.03021400453526329
3,2,positive,13,9706,ENSG00000120318,ARAP3,0.02996793926194218
3,2,positive,14,19060,ENSG00000133328,HRASLS2,0.029398512886627277
3,2,positive,15,12492,ENSG00000127954,STEAP4,0.02872960006603013
3,2,positive,16,2624,ENSG00000163435,ELF3,0.028708818572659785
3,2,positive,17,22306,ENSG00000102524,TNFSF13B,0.02868317134205844
3,2,positive,18,600,ENSG00000130775,THEMIS2,0.028583193155982168
3,2,positive,19,17417,ENSG00000138336,TET1,0.028363896652734456
3,2,positive,20,18248,ENSG00000254827,SLC22A18AS,0.028226162867231827
3,2,positive,21,9798,ENSG00000019582,CD74,0.027895382044640663
3,2,positive,22,6841,ENSG00000121858,TNFSF10,0.027614334388662343
3,2,positive,23,26263,ENSG00000213859,KCTD11,0.027611567640310756
3,2,positive,24,17889,ENSG00000148841,ITPRIP,0.027389800256273373
3,2,positive,25,4477,ENSG00000152128,TMEM163,0.027332592330863204
3,2,positive,26,1328,ENSG00000117228,GBP1,0.027283784105161444
3,2,positive,27,28512,ENSG00000101493,ZNF516,0.027209198191479773
3,2,positive,28,4049,ENSG00000115525,ST3GAL5,0.02712819697846691
3,2,positive,29,26611,ENSG00000168961,LGALS9,0.026965071698408002
3,2,positive,30,18896,ENSG00000110031,LPXN,0.026605085855067535
3,2,positive,31,27027,ENSG00000186832,KRT16,0.026538718073038665
3,2,positive,32,4303,ENSG00000144136,SLC20A1,0.026412569914518475
3,2,positive,33,19394,ENSG00000175567,UCP2,0.02639152670637151
3,2,positive,34,9206,ENSG00000113369,ARRDC3,0.026078401240994274
3,2,positive,35,12730,ENSG00000228742,RP5-884M6.1,0.025817545877611255
3,2,positive,36,242,ENSG00000130940,CASZ1,0.025749250787748867
3,2,positive,37,24369,ENSG00000140543,DET1,0.0253836465004061
3,2,positive,38,24153,ENSG00000259264,RP11-60L3.1,0.02534487146893571
3,2,positive,39,904,ENSG00000126106,TMEM53,0.025325340999868384
3,2,positive,40,17412,ENSG00000108187,PBLD,0.02528402939172673
3,2,positive,41,21567,ENSG00000135114,OASL,0.025208087987094962
3,2,positive,42,11606,ENSG00000198729,PPP1R14C,0.02504555819715347
3,2,positive,43,24372,ENSG00000172183,ISG20,0.024996798925691358
3,2,positive,44,18653,ENSG00000166016,ABTB2,0.024942455263729547
3,2,positive,45,22466,ENSG00000165804,ZNF219,0.024934900493279406
3,2,positive,46,17762,ENSG00000120057,SFRP5,0.02492601630932362
3,2,positive,47,13631,ENSG00000172943,PHF8,0.02482872607411661
3,2,positive,48,25786,ENSG00000166822,TMEM170A,0.024810544463990364
3,2,positive,49,2485,ENSG00000143344,RGL1,0.024795886018405607
3,2,positive,50,1492,ENSG00000116299,KIAA1324,0.024705617533645103
3,3,negative,1,2798,ENSG00000123685,BATF3,-0.037200169055493205
3,3,negative,2,665,ENSG00000084636,COL16A1,-0.034500988010060636
3,3,negative,3,29856,ENSG00000198551,ZNF627,-0.03338859859934513
3,3,negative,4,1960,ENSG00000143556,S100A7,-0.03257209380349884
3,3,negative,5,12422,ENSG00000006606,CCL26,-0.030736478937083835
3,3,negative,6,24129,ENSG00000140463,BBS4,-0.030351588555328116
3,3,negative,7,19920,ENSG00000110013,SIAE,-0.030341820287664478
3,3,negative,8,23045,ENSG00000119723,COQ6,-0.030215351131247358
3,3,negative,9,14284,ENSG00000185973,TMLHE,-0.03011864841810756
3,3,negative,10,15809,ENSG00000107201,DDX58,-0.030047686955912367
3,3,negative,11,18391,ENSG00000166387,PPFIBP2,-0.029680447902128655
3,3,negative,12,21499,ENSG00000135116,HRK,-0.02916103383927344
3,3,negative,13,12414,ENSG00000174428,GTF2IRD2B,-0.0289199061664216
3,3,negative,14,21596,ENSG00000139719,VPS33A,-0.028599385918447746
3,3,negative,15,30934,ENSG00000104812,GYS1,-0.028434245742894444
3,3,negative,16,1830,ENSG00000159208,C1orf51,-0.02838600405221739
3,3,negative,17,2765,ENSG00000082497,SERTAD4,-0.028321287590380502
3,3,negative,18,30091,ENSG00000269439,CTD-3131K8.2,-0.027993845517038034
3,3,negative,19,21406,ENSG00000076513,ANKRD13A,-0.027989874686584097
3,3,negative,20,24115,ENSG00000137817,PARP6,-0.02790045957604232
3,3,negative,21,3848,ENSG00000143995,MEIS1,-0.027713206359646414
3,3,negative,22,18144,ENSG00000185201,IFITM2,-0.027539553143373682
3,3,negative,23,12246,ENSG00000146674,IGFBP3,-0.02745440607725758
3,3,negative,24,14590,ENSG00000171320,ESCO2,-0.02741074526738873
3,3,negative,25,4155,ENSG00000135945,REV1,-0.027365835650894565
3,3,negative,26,7828,ENSG00000138646,HERC5,-0.027305507342410447
3,3,negative,27,32153,ENSG00000235159,RP6-109B7.4,-0.02720410398633565
3,3,negative,28,25850,ENSG00000153815,CMIP,-0.027195533614249052
3,3,negative,29,27640,ENSG00000109066,TMEM104,-0.02719241480710773
3,3,negative,30,10548,ENSG00000204599,TRIM39,-0.026892100554988054
3,3,negative,31,21062,ENSG00000127328,RAB3IP,-0.026859732841950392
3,3,negative,32,15327,ENSG00000172164,SNTB1,-0.026858767407220534
3,3,negative,33,20322,ENSG00000111276,CDKN1B,-0.02679243455739984
3,3,negative,34,25290,ENSG00000197302,ZNF720,-0.026689838991631035
3,3,negative,35,16268,ENSG00000136943,CTSV,-0.02661308935340795
3,3,negative,36,19845,ENSG00000110395,CBL,-0.026446999580594335
3,3,negative,37,2566,ENSG00000177888,ZBTB41,-0.026335650153643527
3,3,negative,38,21375,ENSG00000075856,SART3,-0.026321836964446343
3,3,negative,39,9772,ENSG00000173210,ABLIM3,-0.026156444089963093
3,3,negative,40,16419,ENSG00000148218,ALAD,-0.026138678316032393
3,3,negative,41,2725,ENSG00000162892,IL24,-0.026091949320351162
3,3,negative,42,30630,ENSG00000142039,CCDC97,-0.026039977590557244
3,3,negative,43,4725,ENSG00000115966,ATF2,-0.02587914850680039
3,3,negative,44,14677,ENSG00000156675,RAB11FIP1,-0.02585500608432261
3,3,negative,45,6397,ENSG00000114491,UMPS,-0.025813042495303914
3,3,negative,46,17422,ENSG00000198954,KIAA1279,-0.025730430414118086
3,3,negative,47,21459,ENSG00000166578,IQCD,-0.025648486428017717
3,3,negative,48,19507,ENSG00000255311,RP11-160H12.2,-0.025605331343428774
3,3,negative,49,28316,ENSG00000172361,CCDC11,-0.02559425446400236
3,3,negative,50,26670,ENSG00000109118,PHF12,-0.025540567491468203
3,3,positive,1,7658,ENSG00000181617,FDCSP,0.038435219177631604
3,3,positive,2,30846,ENSG00000181027,FKRP,0.03069044858156372
3,3,positive,3,16949,ENSG00000223784,RP11-554I8.2,0.02966508312080351
3,3,positive,4,5633,ENSG00000170293,CMTM8,0.027639719362848078
3,3,positive,5,4173,ENSG00000272902,RP11-299H21.1,0.026517343436189496
3,3,positive,6,866,ENSG00000228192,RP11-342M1.3,0.026465353498603433
3,3,positive,7,28352,ENSG00000206129,CTD-2008L17.2,0.026448002887854885
3,3,positive,8,277,ENSG00000048707,VPS13D,0.02638341330589093
3,3,positive,9,6359,ENSG00000051341,POLQ,0.026301247188525785
3,3,positive,10,29793,ENSG00000244165,P2RY11,0.025934980826027385
3,3,positive,11,29785,ENSG00000080573,COL5A3,0.02586246859189488
3,3,positive,12,12532,ENSG00000105825,TFPI2,0.025269761767082774
3,3,positive,13,6961,ENSG00000113790,EHHADH,0.025251494821921492
3,3,positive,14,17405,ENSG00000108176,DNAJC12,0.02514934623898753
3,3,positive,15,14650,ENSG00000254194,RP1-273G13.3,0.024807766040605365
3,3,positive,16,26836,ENSG00000006074,CCL18,0.02468097841706252
3,3,positive,17,1537,ENSG00000224699,LAMTOR5-AS1,0.024658266830449835
3,3,positive,18,29108,ENSG00000124116,WFDC3,0.024615990239691053
3,3,positive,19,521,ENSG00000261025,RP11-84D1.2,0.024613859957248803
3,3,positive,20,1167,ENSG00000116675,DNAJC6,0.02460469411318934
3,3,positive,21,26302,ENSG00000182224,CYB5D1,0.024575494401215196
3,3,positive,22,2191,ENSG00000162738,VANGL2,0.024562359542161544
3,3,positive,23,12419,ENSG00000178809,TRIM73,0.024545420369442766
3,3,positive,24,15813,ENSG00000241043,GVQW1,0.024513706712512878
3,3,positive,25,13345,ENSG00000047634,SCML1,0.024459614846096055
3,3,positive,26,26141,ENSG00000177602,GSG2,0.024343041857086137
3,3,positive,27,10672,ENSG00000204301,NOTCH4,0.024317684046826847
3,3,positive,28,4683,ENSG00000115827,DCAF17,0.02423658326152338
3,3,positive,29,2849,ENSG00000116141,MARK1,0.02418387194288034
3,3,positive,30,6162,ENSG00000178700,DHFRL1,0.024154275507290265
3,3,positive,31,10815,ENSG00000124615,MOCS1,0.024071168476095244
3,3,positive,32,17249,ENSG00000165507,C10orf10,0.024049509871069668
3,3,positive,33,28750,ENSG00000125846,ZNF133,0.023992937680953254
3,3,positive,34,28739,ENSG00000125864,BFSP1,0.02398686681178659
3,3,positive,35,21962,ENSG00000133103,COG6,0.02397155399878769
3,3,positive,36,20603,ENSG00000167528,ZNF641,0.023786468622861726
3,3,positive,37,20351,ENSG00000111341,MGP,0.023550277096919463
3,3,positive,38,6562,ENSG00000114115,RBP1,0.0231899769970814
3,3,positive,39,31088,ENSG00000167765,AC018755.1,0.023063561120539474
3,3,positive,40,19019,ENSG00000149480,MTA2,0.02293990161269334
3,3,positive,41,24195,ENSG00000173548,SNX33,0.022862355881513932
3,3,positive,42,8852,ENSG00000272335,RP11-53O19.3,0.022816775782235038
3,3,positive,43,1366,ENSG00000122483,CCDC18,0.022749501061140178
3,3,positive,44,4118,ENSG00000158158,CNNM4,0.022700320183486236
3,3,positive,45,31940,ENSG00000128311,TST,0.022640659904604437
3,3,positive,46,16393,ENSG00000242616,GNG10,0.022581927155230483
3,3,positive,47,5476,ENSG00000214021,TTLL3,0.02257607199322146
3,3,positive,48,16995,ENSG00000151468,CCDC3,0.0225737290647208
3,3,positive,49,1500,ENSG00000162650,ATXN7L2,0.022517087463628904
3,3,positive,50,3542,ENSG00000163803,PLB1,0.022452382979129885
3,4,negative,1,1960,ENSG00000143556,S100A7,-0.036592410437648284
3,4,negative,2,27388,ENSG00000263004,RP11-166P13.3,-0.03375111376901368
3,4,negative,3,1957,ENSG00000143546,S100A8,-0.033208696399883365
3,4,negative,4,6391,ENSG00000065534,MYLK,-0.0306435969680169
3,4,negative,5,30240,ENSG00000196081,ZNF724P,-0.03045890300142309
3,4,negative,6,11637,ENSG00000213079,SCAF8,-0.029962294616287542
3,4,negative,7,4176,ENSG00000175874,CREG2,-0.0296847460912467
3,4,negative,8,12597,ENSG00000106258,CYP3A5,-0.02861663017613702
3,4,negative,9,19195,ENSG00000174996,KLC2,-0.02766520210174964
3,4,negative,10,9095,ENSG00000132846,ZBED3,-0.02764889709898045
3,4,negative,11,30203,ENSG00000196705,ZNF431,-0.027279336498851257
3,4,negative,12,19113,ENSG00000269038,AP001462.6,-0.026846657499216723
3,4,negative,13,4419,ENSG00000136720,HS6ST1,-0.026816299248193377
3,4,negative,14,15407,ENSG00000246228,CASC8,-0.026606169943257773
3,4,negative,15,734,ENSG00000197056,ZMYM1,-0.026318458099109338
3,4,negative,16,18968,ENSG00000167987,VPS37C,-0.02629947184952601
3,4,negative,17,31411,ENSG00000083807,SLC27A5,-0.026278757769977203
3,4,negative,18,26824,ENSG00000161570,CCL5,-0.0258945315045876
3,4,negative,19,26644,ENSG00000076382,SPAG5,-0.02582197063211411
3,4,negative,20,10677,ENSG00000204287,HLA-DRA,-0.025795652439167434
3,4,negative,21,5291,ENSG00000157985,AGAP1,-0.0257788586874087
3,4,negative,22,2920,ENSG00000183814,LIN9,-0.02553920251677818
3,4,negative,23,2763,ENSG00000143469,SYT14,-0.0255038047680237
3,4,negative,24,10251,ENSG00000164304,CAGE1,-0.02546836691698457
3,4,negative,25,23117,ENSG00000100577,GSTZ1,-0.02544025703688657
3,4,negative,26,4468,ENSG00000183840,GPR39,-0.025380809074293433
3,4,negative,27,29051,ENSG00000223891,OSER1-AS1,-0.025313028062716063
3,4,negative,28,8638,ENSG00000145491,ROPN1L,-0.02501388830813037
3,4,negative,29,23458,ENSG00000185024,BRF1,-0.024873988165084418
3,4,negative,30,22137,ENSG00000136122,BORA,-0.024859938686368797
3,4,negative,31,5646,ENSG00000153558,FBXL2,-0.024828656455380484
3,4,negative,32,23070,ENSG00000119718,EIF2B2,-0.024645694866427988
3,4,negative,33,30244,ENSG00000269416,CTB-175P5.4,-0.02457353765255812
3,4,negative,34,29387,ENSG00000203880,PCMTD2,-0.02455354726548998
3,4,negative,35,30976,ENSG00000126460,PRRG2,-0.02455299968910449
3,4,negative,36,12615,ENSG00000166997,CNPY4,-0.024431627413958393
3,4,negative,37,3200,ENSG00000171163,ZNF692,-0.024354180807190682
3,4,negative,38,4979,ENSG00000183671,GPR1,-0.024353110469364343
3,4,negative,39,2085,ENSG00000183856,IQGAP3,-0.02427097900118819
3,4,negative,40,17376,ENSG00000170312,CDK1,-0.024090744599239343
3,4,negative,41,17434,ENSG00000171224,C10orf35,-0.024084107163116857
3,4,negative,42,31010,ENSG00000105357,MYH14,-0.02407587166535183
3,4,negative,43,9138,ENSG00000131732,ZCCHC9,-0.02399530271894095
3,4,negative,44,794,ENSG00000228436,RP5-864K19.4,-0.02395246761940027
3,4,negative,45,19345,ENSG00000254469,RP11-849H4.2,-0.023909288585998546
3,4,negative,46,10826,ENSG00000001167,NFYA,-0.02389130164074105
3,4,negative,47,1830,ENSG00000159208,C1orf51,-0.023872545826023432
3,4,negative,48,24394,ENSG00000166823,MESP1,-0.023870765090591124
3,4,negative,49,25623,ENSG00000159761,C16orf86,-0.02386218073986442
3,4,negative,50,6606,ENSG00000181744,C3orf58,-0.023833421716471556
3,4,positive,1,4699,ENSG00000152256,PDK1,0.03869693904557618
3,4,positive,2,7269,ENSG00000170801,HTRA3,0.033274321910581696
3,4,positive,3,17325,ENSG00000138294,MSMB,0.033018376484356037
3,4,positive,4,6423,ENSG00000070476,ZXDC,0.03171432383910271
3,4,positive,5,4356,ENSG00000115107,STEAP3,0.031162976382897237
3,4,positive,6,7822,ENSG00000118785,SPP1,0.030971138269119774
3,4,positive,7,5963,ENSG00000114854,TNNC1,0.030655724086538667
3,4,positive,8,2035,ENSG00000231064,RP11-263K19.4,0.030222192926138335
3,4,positive,9,20962,ENSG00000166896,XRCC6BP1,0.029641416310204744
3,4,positive,10,27513,ENSG00000178607,ERN1,0.029528676521304184
3,4,positive,11,2104,ENSG00000027869,SH2D2A,0.028789702042640263
3,4,positive,12,12431,ENSG00000146700,SRCRB4D,0.028778717788059693
3,4,positive,13,3491,ENSG00000084764,MAPRE3,0.02844463919052584
3,4,positive,14,16077,ENSG00000135048,TMEM2,0.028358280495701618
3,4,positive,15,20449,ENSG00000064102,ASUN,0.028248789105255905
3,4,positive,16,8182,ENSG00000151611,MMAA,0.028240935089708243
3,4,positive,17,3985,ENSG00000272711,RP11-259N19.1,0.02819669018199489
3,4,positive,18,17438,ENSG00000099284,H2AFY2,0.027968198195582338
3,4,positive,19,18711,ENSG00000085117,CD82,0.027857662768032844
3,4,positive,20,15930,ENSG00000147912,FBXO10,0.0278025150245709
3,4,positive,21,15500,ENSG00000167653,PSCA,0.02756685308886933
3,4,positive,22,4147,ENSG00000144182,LIPT1,0.027348536047861204
3,4,positive,23,18248,ENSG00000254827,SLC22A18AS,0.027227888441631376
3,4,positive,24,15635,ENSG00000107104,KANK1,0.026883996355615662
3,4,positive,25,18704,ENSG00000187479,C11orf96,0.026787038218959905
3,4,positive,26,13636,ENSG00000130119,GNL3L,0.02676168996908591
3,4,positive,27,8768,ENSG00000164187,LMBRD2,0.02655073377919404
3,4,positive,28,12589,ENSG00000198556,ZNF789,0.02643499711823864
3,4,positive,29,26584,ENSG00000154035,C17orf103,0.02621723436685713
3,4,positive,30,10210,ENSG00000270504,RP11-420L9.5,0.026163149209636243
3,4,positive,31,51,ENSG00000186891,TNFRSF18,0.02597122127250413
3,4,positive,32,30110,ENSG00000099308,MAST3,0.025778955574115588
3,4,positive,33,13937,ENSG00000123496,IL13RA2,0.025662585622771905
3,4,positive,34,19633,ENSG00000187240,DYNC2H1,0.02565589770068361
3,4,positive,35,5836,ENSG00000145040,UCN2,0.02560779900807083
3,4,positive,36,8898,ENSG00000177058,SLC38A9,0.025547550506318743
3,4,positive,37,17761,ENSG00000155256,ZFYVE27,0.02520028176263245
3,4,positive,38,11353,ENSG00000153975,ZUFSP,0.025091465023564654
3,4,positive,39,8185,ENSG00000151612,ZNF827,0.025034682530308827
3,4,positive,40,24355,ENSG00000183655,KLHL25,0.024942111697567385
3,4,positive,41,7839,ENSG00000251095,RP11-115D19.1,0.024828937637105086
3,4,positive,42,2469,ENSG00000143333,RGS16,0.02441030901583936
3,4,positive,43,17495,ENSG00000166348,USP54,0.024347689295461224
3,4,positive,44,24840,ENSG00000184857,TMEM186,0.024258584561414612
3,4,positive,45,15750,ENSG00000188352,FOCAD,0.024257971434332774
3,4,positive,46,15523,ENSG00000250571,GLI4,0.024077294759109406
3,4,positive,47,20212,ENSG00000059804,SLC2A3,0.0239619976950215
3,4,positive,48,1788,ENSG00000235999,RP11-403I13.8,0.02392030447137641
3,4,positive,49,16132,ENSG00000148057,IDNK,0.023658293305565525
3,4,positive,50,15506,ENSG00000197353,LYPD2,0.023641748713979803
3,5,negative,1,6191,ENSG00000240476,LINC00973,-0.04076722637904536
3,5,negative,2,26985,ENSG00000212724,KRTAP2-3,-0.033538611039859396
3,5,negative,3,19182,ENSG00000175592,FOSL1,-0.03164876916669033
3,5,negative,4,27022,ENSG00000171346,KRT15,-0.02708405525175298
3,5,negative,5,28244,ENSG00000134775,FHOD3,-0.026958687851784166
3,5,negative,6,29735,ENSG00000167772,ANGPTL4,-0.025391497020931384
3,5,negative,7,2757,ENSG00000123689,G0S2,-0.02499320676642371
3,5,negative,8,17645,ENSG00000138134,STAMBPL1,-0.02495192807815109
3,5,negative,9,12651,ENSG00000146828,SLC12A9,-0.02480974042955063
3,5,negative,10,30143,ENSG00000223802,CERS1,-0.02451240453538691
3,5,negative,11,1960,ENSG00000143556,S100A7,-0.02406190940143068
3,5,negative,12,7274,ENSG00000155275,TRMT44,-0.0240068498422704
3,5,negative,13,578,ENSG00000158246,FAM46B,-0.023942810559574076
3,5,negative,14,16909,ENSG00000231298,LINC00704,-0.02370758597237523
3,5,negative,15,30202,ENSG00000160352,ZNF714,-0.0234727391000451
3,5,negative,16,20657,ENSG00000186666,BCDIN3D,-0.023083295235362195
3,5,negative,17,22149,ENSG00000136111,TBC1D4,-0.023012397779745997
3,5,negative,18,31156,ENSG00000203326,ZNF525,-0.022751237903620134
3,5,negative,19,32534,ENSG00000183036,PCP4,-0.022730610283582187
3,5,negative,20,7360,ENSG00000109805,NCAPG,-0.02253157917409694
3,5,negative,21,22430,ENSG00000198805,PNP,-0.022409869481095905
3,5,negative,22,10734,ENSG00000137309,HMGA1,-0.02166615871910256
3,5,negative,23,13369,ENSG00000230797,YY2,-0.021456756473490695
3,5,negative,24,12673,ENSG00000232445,RP11-132A1.4,-0.02129332779977897
3,5,negative,25,4884,ENSG00000144395,CCDC150,-0.020967626932568123
3,5,negative,26,16777,ENSG00000213221,DNLZ,-0.0209188418614381
3,5,negative,27,11966,ENSG00000171243,SOSTDC1,-0.02089936816958185
3,5,negative,28,16975,ENSG00000225383,SFTA1P,-0.02086375241879569
3,5,negative,29,18896,ENSG00000110031,LPXN,-0.020801412519740374
3,5,negative,30,1486,ENSG00000085433,WDR47,-0.020768539558341605
3,5,negative,31,8259,ENSG00000121207,LRAT,-0.020597725195106404
3,5,negative,32,24647,ENSG00000100726,TELO2,-0.02051811890748217
3,5,negative,33,13481,ENSG00000229563,RP11-245M24.1,-0.02046362820607357
3,5,negative,34,22822,ENSG00000131979,GCH1,-0.020447636359241142
3,5,negative,35,16855,ENSG00000165724,ZMYND19,-0.02041435746278853
3,5,negative,36,11080,ENSG00000135297,MTO1,-0.020111445601924818
3,5,negative,37,13734,ENSG00000067177,PHKA1,-0.02009382227387915
3,5,negative,38,9017,ENSG00000172062,SMN1,-0.020008470990671226
3,5,negative,39,26209,ENSG00000263272,CTC-524C5.2,-0.01984750361340446
3,5,negative,40,7727,ENSG00000138744,NAAA,-0.01974833731918569
3,5,negative,41,29315,ENSG00000101187,SLCO4A1,-0.019562310072205692
3,5,negative,42,8675,ENSG00000145555,MYO10,-0.019503857202421912
3,5,negative,43,5485,ENSG00000230082,PRRT3-AS1,-0.0194687370680596
3,5,negative,44,26074,ENSG00000236618,PITPNA-AS1,-0.0194253532931792
3,5,negative,45,26947,ENSG00000094804,CDC6,-0.01930784323430112
3,5,negative,46,9126,ENSG00000152380,FAM151B,-0.019278357157774553
3,5,negative,47,19287,ENSG00000069482,GAL,-0.019257078514572222
3,5,negative,48,5843,ENSG00000213672,NCKIPSD,-0.019169623615132202
3,5,negative,49,26824,ENSG00000161570,CCL5,-0.01916050156635898
3,5,negative,50,5279,ENSG00000123485,HJURP,-0.01908947330518018
3,5,positive,1,26774,ENSG00000108691,CCL2,0.04489173123601956
3,5,positive,2,32542,ENSG00000183486,MX2,0.03254723687500799
3,5,positive,3,8456,ENSG00000164342,TLR3,0.031888817547679554
3,5,positive,4,21452,ENSG00000111335,OAS2,0.03135807833256781
3,5,positive,5,18588,ENSG00000205213,LGR4,0.030491948984227833
3,5,positive,6,2208,ENSG00000158773,USF1,0.030355202052278592
3,5,positive,7,11975,ENSG00000106541,AGR2,0.030296969684794655
3,5,positive,8,15015,ENSG00000164683,HEY1,0.030156508215655308
3,5,positive,9,23400,ENSG00000185215,TNFAIP2,0.029934058260528106
3,5,positive,10,12397,ENSG00000165171,WBSCR27,0.02970838178193785
3,5,positive,11,20572,ENSG00000272369,RP11-446N19.1,0.028470972744358915
3,5,positive,12,15777,ENSG00000147883,CDKN2B,0.028461893309037378
3,5,positive,13,26798,ENSG00000166750,SLFN5,0.028346458215286873
3,5,positive,14,13009,ENSG00000240889,NDUFB2-AS1,0.028237844516845155
3,5,positive,15,8020,ENSG00000138735,PDE5A,0.02819355057841824
3,5,positive,16,7698,ENSG00000163734,CXCL3,0.028160375915690122
3,5,positive,17,6486,ENSG00000034533,ASTE1,0.0281415469589198
3,5,positive,18,24002,ENSG00000035664,DAPK2,0.02795079418276172
3,5,positive,19,22440,ENSG00000214274,ANG,0.02776851688633059
3,5,positive,20,28750,ENSG00000125846,ZNF133,0.02755563260741283
3,5,positive,21,15903,ENSG00000137103,TMEM8B,0.027175099183956112
3,5,positive,22,7464,ENSG00000163683,SMIM14,0.027160163604020904
3,5,positive,23,10837,ENSG00000112561,TFEB,0.027039946266539272
3,5,positive,24,26226,ENSG00000132530,XAF1,0.02703125081173032
3,5,positive,25,23455,ENSG00000257556,RP11-44N21.1,0.026981892047109254
3,5,positive,26,17249,ENSG00000165507,C10orf10,0.02693336242091791
3,5,positive,27,27070,ENSG00000108797,CNTNAP1,0.02666633772855693
3,5,positive,28,1404,ENSG00000188641,DPYD,0.02653373494755987
3,5,positive,29,5013,ENSG00000138413,IDH1,0.02600866626546633
3,5,positive,30,9158,ENSG00000164176,EDIL3,0.025936795322308734
3,5,positive,31,21985,ENSG00000133106,EPSTI1,0.02589941260051363
3,5,positive,32,18717,ENSG00000175274,TP53I11,0.025800588413110417
3,5,positive,33,27123,ENSG00000108840,HDAC5,0.025776921834591317
3,5,positive,34,20619,ENSG00000172602,RND1,0.02575454663260202
3,5,positive,35,25558,ENSG00000166548,TK2,0.02573071732799412
3,5,positive,36,1206,ENSG00000116761,CTH,0.025685291427764937
3,5,positive,37,4817,ENSG00000237877,AC097500.2,0.025646266623800908
3,5,positive,38,695,ENSG00000160062,ZBTB8A,0.025459800915351546
3,5,positive,39,945,ENSG00000225667,LINC00505,0.025428057047529297
3,5,positive,40,6198,ENSG00000168386,FILIP1L,0.025314625713407344
3,5,positive,41,3696,ENSG00000119729,RHOQ,0.025232913217050425
3,5,positive,42,22676,ENSG00000183032,SLC25A21,0.025183299824157703
3,5,positive,43,613,ENSG00000130766,SESN2,0.025060486121607727
3,5,positive,44,18409,ENSG00000166436,TRIM66,0.02505199961084235
3,5,positive,45,20655,ENSG00000167566,NCKAP5L,0.02502238193975343
3,5,positive,46,17384,ENSG00000150347,ARID5B,0.024911016005482633
3,5,positive,47,27338,ENSG00000108846,ABCC3,0.024785495784708345
3,5,positive,48,9313,ENSG00000164211,STARD4,0.024737154905111854
3,5,positive,49,8835,ENSG00000112972,HMGCS1,0.024694517701664007
3,5,positive,50,31359,ENSG00000121417,ZNF211,0.024661543368302737
3,6,negative,1,27026,ENSG00000186847,KRT14,-0.03549598781109988
3,6,negative,2,2204,ENSG00000158764,ITLN2,-0.035355962430739435
3,6,negative,3,24757,ENSG00000008517,IL32,-0.030656272614405896
3,6,negative,4,26669,ENSG00000167536,DHRS13,-0.030233844060093707
3,6,negative,5,20493,ENSG00000245614,DDX11-AS1,-0.02961041302778209
3,6,negative,6,31074,ENSG00000160318,CLDND2,-0.029600906526516663
3,6,negative,7,5489,ENSG00000144554,FANCD2,-0.029322742660806568
3,6,negative,8,17227,ENSG00000198298,ZNF485,-0.028795112988541358
3,6,negative,9,555,ENSG00000130695,CEP85,-0.028614091066189024
3,6,negative,10,30370,ENSG00000105711,SCN1B,-0.028190170274090164
3,6,negative,11,4168,ENSG00000170485,NPAS2,-0.027625435522904623
3,6,negative,12,21184,ENSG00000049130,KITLG,-0.02749158554910575
3,6,negative,13,7128,ENSG00000145016,KIAA0226,-0.027292182411219897
3,6,negative,14,9203,ENSG00000248323,LUCAT1,-0.027245071532075903
3,6,negative,15,9067,ENSG00000198780,FAM169A,-0.02723195257445097
3,6,negative,16,20305,ENSG00000197870,PRB3,-0.02692891532745606
3,6,negative,17,15509,ENSG00000167656,LY6D,-0.026850814586551724
3,6,negative,18,578,ENSG00000158246,FAM46B,-0.026466475302306884
3,6,negative,19,25162,ENSG00000103485,QPRT,-0.0264523528317834
3,6,negative,20,8144,ENSG00000109436,TBC1D9,-0.026424873126732636
3,6,negative,21,7055,ENSG00000214145,LINC00887,-0.026293789605632004
3,6,negative,22,4885,ENSG00000119041,GTF3C3,-0.026132764616539014
3,6,negative,23,4055,ENSG00000273080,RP11-301O19.1,-0.026129426107095025
3,6,negative,24,18489,ENSG00000175868,CALCB,-0.02585099412885578
3,6,negative,25,25032,ENSG00000103316,CRYM,-0.02583584657324916
3,6,negative,26,3691,ENSG00000116016,EPAS1,-0.02583164525501437
3,6,negative,27,744,ENSG00000092853,CLSPN,-0.025806333488194447
3,6,negative,28,20395,ENSG00000134548,C12orf39,-0.0257310932460436
3,6,negative,29,24018,ENSG00000140451,PIF1,-0.025691897893088636
3,6,negative,30,29504,ENSG00000167476,JSRP1,-0.025598495569074134
3,6,negative,31,24876,ENSG00000175643,RMI2,-0.025506050646893885
3,6,negative,32,601,ENSG00000117748,RPA2,-0.025492964119182546
3,6,negative,33,15060,ENSG00000185015,CA13,-0.025455208016157017
3,6,negative,34,32542,ENSG00000183486,MX2,-0.025227483059305132
3,6,negative,35,28973,ENSG00000088367,EPB41L1,-0.025127660857429197
3,6,negative,36,23694,ENSG00000051180,RAD51,-0.025059749783376224
3,6,negative,37,14029,ENSG00000134594,RAB33A,-0.02493816881649085
3,6,negative,38,18788,ENSG00000149177,PTPRJ,-0.02485405217793415
3,6,negative,39,13117,ENSG00000188707,ZBED6CL,-0.024782478949878
3,6,negative,40,12276,ENSG00000132436,FIGNL1,-0.024622677174880862
3,6,negative,41,15830,ENSG00000165272,AQP3,-0.024616975315198242
3,6,negative,42,30918,ENSG00000176909,MAMSTR,-0.02458515997756194
3,6,negative,43,20332,ENSG00000084444,KIAA1467,-0.02446135956319582
3,6,negative,44,270,ENSG00000120937,NPPB,-0.024367747482373924
3,6,negative,45,31866,ENSG00000100150,DEPDC5,-0.02418951803322001
3,6,negative,46,1726,ENSG00000152022,LIX1L,-0.024038565021168176
3,6,negative,47,16436,ENSG00000157693,C9orf91,-0.02391346197497099
3,6,negative,48,5990,ENSG00000056736,IL17RB,-0.023791203953721116
3,6,negative,49,7900,ENSG00000138821,SLC39A8,-0.02371410062520515
3,6,negative,50,25978,ENSG00000158717,RNF166,-0.023678374812483027
3,6,positive,1,32534,ENSG00000183036,PCP4,0.037314452797813515
3,6,positive,2,18036,ENSG00000107902,LHPP,0.036744410583314305
3,6,positive,3,31206,ENSG00000182909,LENG9,0.03378634469908453
3,6,positive,4,16850,ENSG00000188833,ENTPD8,0.03258134648052742
3,6,positive,5,28030,ENSG00000154856,APCDD1,0.03125439750144758
3,6,positive,6,10416,ENSG00000010704,HFE,0.027197282714090557
3,6,positive,7,8432,ENSG00000164306,PRIMPOL,0.026889813398045723
3,6,positive,8,15945,ENSG00000204860,FAM201A,0.02671716428620729
3,6,positive,9,21386,ENSG00000135093,USP30,0.02661052514185047
3,6,positive,10,29346,ENSG00000101210,EEF1A2,0.02642665300817575
3,6,positive,11,2877,ENSG00000154309,DISP1,0.026296242302457515
3,6,positive,12,17879,ENSG00000107954,NEURL1,0.026210949010727208
3,6,positive,13,32202,ENSG00000185386,MAPK11,0.02603896657687949
3,6,positive,14,26904,ENSG00000263874,LINC00672,0.02603782734140841
3,6,positive,15,25224,ENSG00000169951,ZNF764,0.025600694763428734
3,6,positive,16,12528,ENSG00000188175,HEPACAM2,0.02525557589721255
3,6,positive,17,2078,ENSG00000163467,TSACC,0.025054035463508498
3,6,positive,18,16583,ENSG00000167103,PIP5KL1,0.02475391439309661
3,6,positive,19,16791,ENSG00000165716,FAM69B,0.02469798924784977
3,6,positive,20,12771,ENSG00000164603,C7orf60,0.02428486467042702
3,6,positive,21,24031,ENSG00000138617,PARP16,0.024276256177655126
3,6,positive,22,21944,ENSG00000120693,SMAD9,0.024236318058911972
3,6,positive,23,23700,ENSG00000166143,PPP1R14D,0.024170889474007435
3,6,positive,24,15644,ENSG00000147852,VLDLR,0.024134839331880965
3,6,positive,25,29442,ENSG00000180448,HMHA1,0.024128748418129474
3,6,positive,26,6961,ENSG00000113790,EHHADH,0.02411674067516292
3,6,positive,27,24089,ENSG00000245750,RP11-279F6.1,0.02404819960895857
3,6,positive,28,8885,ENSG00000164283,ESM1,0.024038852645476044
3,6,positive,29,2433,ENSG00000272906,RP11-533E19.7,0.024006956056816162
3,6,positive,30,27805,ENSG00000262873,CTD-2561B21.11,0.02382622079052976
3,6,positive,31,1591,ENSG00000198799,LRIG2,0.023661499923877574
3,6,positive,32,26774,ENSG00000108691,CCL2,0.023289698217468895
3,6,positive,33,26003,ENSG00000259877,RP11-46C24.7,0.023232699514374226
3,6,positive,34,23044,ENSG00000156050,FAM161B,0.023039374369084303
3,6,positive,35,31940,ENSG00000128311,TST,0.023036745774893466
3,6,positive,36,19844,ENSG00000248712,CCDC153,0.023021787963614405
3,6,positive,37,3742,ENSG00000115239,GPR75-ASB3,0.022808233696695195
3,6,positive,38,3470,ENSG00000138101,DTNB,0.022796779103293963
3,6,positive,39,31762,ENSG00000225783,MIAT,0.022741491419847756
3,6,positive,40,24927,ENSG00000069764,PLA2G10,0.02267269180819705
3,6,positive,41,23668,ENSG00000104081,BMF,0.022619933784720096
3,6,positive,42,18428,ENSG00000166478,ZNF143,0.02260082354349177
3,6,positive,43,7698,ENSG00000163734,CXCL3,0.022528647505932885
3,6,positive,44,4333,ENSG00000270019,RP11-141B14.1,0.022414067049710277
3,6,positive,45,12525,ENSG00000237819,AC002454.1,0.022285803732166844
3,6,positive,46,15465,ENSG00000169436,COL22A1,0.02218021852061561
3,6,positive,47,29191,ENSG00000101096,NFATC2,0.022060514692847633
3,6,positive,48,27376,ENSG00000141179,PCTP,0.022003349941195044
3,6,positive,49,5783,ENSG00000163818,LZTFL1,0.021795857558694662
3,6,positive,50,17495,ENSG00000166348,USP54,0.02176256488338965
3,7,negative,1,17436,ENSG00000197467,COL13A1,-0.028295917118428323
3,7,negative,2,19877,ENSG00000137642,SORL1,-0.028035456294110497
3,7,negative,3,30439,ENSG00000075702,WDR62,-0.02731430273784082
3,7,negative,4,10459,ENSG00000184825,HIST1H2AH,-0.0268209575408209
3,7,negative,5,1743,ENSG00000186275,NBPF12,-0.026535773836317975
3,7,negative,6,17357,ENSG00000151151,IPMK,-0.02609992499528561
3,7,negative,7,4762,ENSG00000196659,TTC30B,-0.02572996218513141
3,7,negative,8,7391,ENSG00000053900,ANAPC4,-0.025376361600453416
3,7,negative,9,20352,ENSG00000139055,ERP27,-0.024778216035208182
3,7,negative,10,9921,ENSG00000072571,HMMR,-0.024439553597866297
3,7,negative,11,21733,ENSG00000185684,EP400NL,-0.024281434058961066
3,7,negative,12,27546,ENSG00000154217,PITPNC1,-0.024141093510340283
3,7,negative,13,1709,ENSG00000168614,NBPF9,-0.023945730969393907
3,7,negative,14,30647,ENSG00000105388,CEACAM5,-0.02385170384619342
3,7,negative,15,3985,ENSG00000272711,RP11-259N19.1,-0.023621528992691262
3,7,negative,16,17815,ENSG00000273162,RP11-108L7.15,-0.02354654885661768
3,7,negative,17,21974,ENSG00000120662,MTRF1,-0.023372455023977095
3,7,negative,18,488,ENSG00000007968,E2F2,-0.023358594984076282
3,7,negative,19,16997,ENSG00000065328,MCM10,-0.022915243272279288
3,7,negative,20,5922,ENSG00000114737,CISH,-0.0227405896717263
3,7,negative,21,6037,ENSG00000168306,ACOX2,-0.022575470993395737
3,7,negative,22,12505,ENSG00000058091,CDK14,-0.022419941373502787
3,7,negative,23,23714,ENSG00000104147,OIP5,-0.022265977527559135
3,7,negative,24,30976,ENSG00000126460,PRRG2,-0.022153352246416694
3,7,negative,25,2249,ENSG00000198929,NOS1AP,-0.02210169866725967
3,7,negative,26,1192,ENSG00000024526,DEPDC1,-0.022034931027784897
3,7,negative,27,30421,ENSG00000004777,ARHGAP33,-0.02202380292380375
3,7,negative,28,19734,ENSG00000086827,ZW10,-0.022005057561392857
3,7,negative,29,16458,ENSG00000136869,TLR4,-0.021995648685209222
3,7,negative,30,6439,ENSG00000074416,MGLL,-0.02186489137427752
3,7,negative,31,1598,ENSG00000188761,BCL2L15,-0.02170188287096428
3,7,negative,32,9751,ENSG00000164266,SPINK1,-0.02168217653250992
3,7,negative,33,27946,ENSG00000080986,NDC80,-0.021678457527578188
3,7,negative,34,24355,ENSG00000183655,KLHL25,-0.02164465564260514
3,7,negative,35,17415,ENSG00000138346,DNA2,-0.021527284816799563
3,7,negative,36,5581,ENSG00000129810,SGOL1,-0.02137184632158695
3,7,negative,37,6406,ENSG00000144909,OSBPL11,-0.021229051413824866
3,7,negative,38,15443,ENSG00000261220,RP11-629O1.2,-0.021167120916498482
3,7,negative,39,7839,ENSG00000251095,RP11-115D19.1,-0.021157588047401737
3,7,negative,40,4469,ENSG00000150551,LYPD1,-0.0211492989915575
3,7,negative,41,19302,ENSG00000172927,MYEOV,-0.02109189835361231
3,7,negative,42,14582,ENSG00000104228,TRIM35,-0.021077936369230908
3,7,negative,43,18910,ENSG00000110042,DTX4,-0.0210074812332171
3,7,negative,44,22185,ENSG00000136158,SPRY2,-0.020974745602619842
3,7,negative,45,24515,ENSG00000183060,LYSMD4,-0.020865422978104554
3,7,negative,46,26202,ENSG00000261879,RP11-333E1.1,-0.020848212969661942
3,7,negative,47,27132,ENSG00000260793,RP5-882C2.2,-0.020778130021852616
3,7,negative,48,9785,ENSG00000183111,ARHGEF37,-0.020749494449651195
3,7,negative,49,5836,ENSG00000145040,UCN2,-0.02072652069212994
3,7,negative,50,29863,ENSG00000171295,ZNF440,-0.020703652229289358
3,7,positive,1,3621,ENSG00000138061,CYP1B1,0.03998521323449591
3,7,positive,2,26774,ENSG00000108691,CCL2,0.03819409498359397
3,7,positive,3,7250,ENSG00000163993,S100P,0.03721951423505111
3,7,positive,4,4409,ENSG00000072163,LIMS2,0.034476000236829486
3,7,positive,5,1965,ENSG00000188015,S100A3,0.03319415614245322
3,7,positive,6,12435,ENSG00000243566,UPK3B,0.032499773587793254
3,7,positive,7,13431,ENSG00000130962,PRRG1,0.03233225883750484
3,7,positive,8,10211,ENSG00000145945,FAM50B,0.03189080039757817
3,7,positive,9,20317,ENSG00000111266,DUSP16,0.030916508684130966
3,7,positive,10,11498,ENSG00000118503,TNFAIP3,0.030648106961855083
3,7,positive,11,20351,ENSG00000111341,MGP,0.030627529961274144
3,7,positive,12,29652,ENSG00000125650,PSPN,0.030574716395748082
3,7,positive,13,30036,ENSG00000127528,KLF2,0.03028067426570286
3,7,positive,14,22673,ENSG00000136327,NKX2-8,0.030235605099129557
3,7,positive,15,30679,ENSG00000079435,LIPE,0.030194109556884688
3,7,positive,16,17096,ENSG00000099256,PRTFDC1,0.02976446046564946
3,7,positive,17,14945,ENSG00000140396,NCOA2,0.029578819759916775
3,7,positive,18,10231,ENSG00000272142,RP11-428J1.5,0.029459062832186723
3,7,positive,19,2034,ENSG00000169231,THBS3,0.02942652868565837
3,7,positive,20,3535,ENSG00000171174,RBKS,0.029371933557827423
3,7,positive,21,23080,ENSG00000170345,FOS,0.029353450364037057
3,7,positive,22,2173,ENSG00000224259,LINC01133,0.029279240675138762
3,7,positive,23,27221,ENSG00000198933,TBKBP1,0.029257116496744295
3,7,positive,24,20751,ENSG00000167778,SPRYD3,0.029062205524767536
3,7,positive,25,31770,ENSG00000233521,RP5-1172A22.1,0.029047705462893432
3,7,positive,26,29214,ENSG00000019186,CYP24A1,0.028522417639497314
3,7,positive,27,16488,ENSG00000106852,LHX6,0.02843858802634952
3,7,positive,28,3691,ENSG00000116016,EPAS1,0.028153256883675596
3,7,positive,29,31003,ENSG00000169136,ATF5,0.027782869002201498
3,7,positive,30,27200,ENSG00000185829,ARL17A,0.027473277372261688
3,7,positive,31,18167,ENSG00000247095,MIR210HG,0.0273763843709553
3,7,positive,32,12619,ENSG00000146826,C7orf43,0.027131596227249807
3,7,positive,33,23769,ENSG00000166963,MAP1A,0.02705210930892028
3,7,positive,34,21800,ENSG00000150456,N6AMT2,0.027028279698245096
3,7,positive,35,15470,ENSG00000167632,TRAPPC9,0.026992035402813926
3,7,positive,36,439,ENSG00000158825,CDA,0.02697143972500316
3,7,positive,37,6352,ENSG00000163430,FSTL1,0.02696552243669407
3,7,positive,38,17677,ENSG00000165338,HECTD2,0.026893373360458907
3,7,positive,39,15581,ENSG00000188686,SCXA,0.02659968990584062
3,7,positive,40,13488,ENSG00000251192,ZNF674,0.026542385144105514
3,7,positive,41,9802,ENSG00000171992,SYNPO,0.02649995305321458
3,7,positive,42,4102,ENSG00000186281,GPAT2,0.026200666256359063
3,7,positive,43,22299,ENSG00000125266,EFNB2,0.02604385735591011
3,7,positive,44,3638,ENSG00000214694,ARHGEF33,0.025954642079698526
3,7,positive,45,31387,ENSG00000268516,CTD-3138B18.5,0.02594686138120302
3,7,positive,46,18742,ENSG00000135365,PHF21A,0.02591021777266296
3,7,positive,47,7017,ENSG00000090530,LEPREL1,0.02590769939784487
3,7,positive,48,1325,ENSG00000137944,CCBL2,0.025906608502416537
3,7,positive,49,3696,ENSG00000119729,RHOQ,0.02590307647325217
3,7,positive,50,316,ENSG00000116731,PRDM2,0.025854278428144452
3,8,negative,1,9097,ENSG00000250802,ZBED3-AS1,-0.031876772748094744
3,8,negative,2,12628,ENSG00000078487,ZCWPW1,-0.03165510020085302
3,8,negative,3,27978,ENSG00000198081,ZBTB14,-0.03131988619963721
3,8,negative,4,1264,ENSG00000137959,IFI44L,-0.02997133167655455
3,8,negative,5,1599,ENSG00000134262,AP4B1,-0.029527647773611682
3,8,negative,6,23444,ENSG00000179627,ZBTB42,-0.029196685656193867
3,8,negative,7,31391,ENSG00000182318,ZSCAN22,-0.028894093075278574
3,8,negative,8,10938,ENSG00000153291,SLC25A27,-0.028421472466079407
3,8,negative,9,20324,ENSG00000178878,APOLD1,-0.028090105426121302
3,8,negative,10,7698,ENSG00000163734,CXCL3,-0.028003867548393034
3,8,negative,11,7250,ENSG00000163993,S100P,-0.02786477012077916
3,8,negative,12,1852,ENSG00000143412,ANXA9,-0.027783744372263646
3,8,negative,13,10460,ENSG00000112812,PRSS16,-0.027692741460054928
3,8,negative,14,1859,ENSG00000143458,GABPB2,-0.027585456662483812
3,8,negative,15,18146,ENSG00000185885,IFITM1,-0.027422329522013126
3,8,negative,16,13850,ENSG00000158301,GPRASP2,-0.026611362654835956
3,8,negative,17,24648,ENSG00000187535,IFT140,-0.026583298713502183
3,8,negative,18,1161,ENSG00000162437,RAVER2,-0.025994735571437038
3,8,negative,19,23816,ENSG00000104154,SLC30A4,-0.025992107192619473
3,8,negative,20,32556,ENSG00000173276,ZBTB21,-0.025990335053775394
3,8,negative,21,13369,ENSG00000230797,YY2,-0.025963911362645982
3,8,negative,22,421,ENSG00000169914,OTUD3,-0.025880662825613264
3,8,negative,23,18217,ENSG00000244242,IFITM10,-0.025837177723748297
3,8,negative,24,10671,ENSG00000213654,GPSM3,-0.02567960084874674
3,8,negative,25,28938,ENSG00000131067,GGT7,-0.025635867971666875
3,8,negative,26,11423,ENSG00000118507,AKAP7,-0.025295481367220003
3,8,negative,27,29281,ENSG00000132825,PPP1R3D,-0.025267451628854038
3,8,negative,28,25596,ENSG00000102890,ELMO3,-0.02525738263907393
3,8,negative,29,30402,ENSG00000249115,HAUS5,-0.0251312358486018
3,8,negative,30,13184,ENSG00000273117,AC144652.1,-0.02506111876453888
3,8,negative,31,5267,ENSG00000085982,USP40,-0.024779732668748923
3,8,negative,32,1829,ENSG00000118292,C1orf54,-0.024774511303803527
3,8,negative,33,26178,ENSG00000129219,PLD2,-0.024576656427392114
3,8,negative,34,967,ENSG00000225762,RP11-511I2.2,-0.02453046976534721
3,8,negative,35,481,ENSG00000261326,RP5-1057J7.6,-0.02452124178196914
3,8,negative,36,11458,ENSG00000118515,SGK1,-0.024019575983730092
3,8,negative,37,30590,ENSG00000128000,ZNF780B,-0.02394328856204601
3,8,negative,38,7259,ENSG00000245468,RP11-367J11.3,-0.02390214020049063
3,8,negative,39,12457,ENSG00000075223,SEMA3C,-0.023877495871346927
3,8,negative,40,22967,ENSG00000072121,ZFYVE26,-0.023720280972038564
3,8,negative,41,30986,ENSG00000169169,CPT1C,-0.02365792460018819
3,8,negative,42,28916,ENSG00000182584,ACTL10,-0.0234577905116449
3,8,negative,43,26186,ENSG00000108515,ENO3,-0.023397851940435845
3,8,negative,44,9345,ENSG00000248175,CTC-428G20.3,-0.023363309465222644
3,8,negative,45,11372,ENSG00000146350,TBC1D32,-0.02333277882491586
3,8,negative,46,10677,ENSG00000204287,HLA-DRA,-0.023271294343133214
3,8,negative,47,19037,ENSG00000185670,ZBTB3,-0.023223832220992988
3,8,negative,48,8528,ENSG00000145506,NKD2,-0.02317273619075458
3,8,negative,49,27455,ENSG00000141376,BCAS3,-0.023165215063373667
3,8,negative,50,5376,ENSG00000146205,ANO7,-0.02315622264587921
3,8,positive,1,1941,ENSG00000163209,SPRR3,0.04060359320815228
3,8,positive,2,2752,ENSG00000230937,MIR205HG,0.033650669064782354
3,8,positive,3,29005,ENSG00000198959,TGM2,0.03152954345456084
3,8,positive,4,28960,ENSG00000061656,SPAG4,0.030459591269667595
3,8,positive,5,3574,ENSG00000021574,SPAST,0.02973346326774428
3,8,positive,6,12912,ENSG00000128510,CPA4,0.029043503585507367
3,8,positive,7,1942,ENSG00000169469,SPRR1B,0.028143454562424182
3,8,positive,8,1965,ENSG00000188015,S100A3,0.02797087235409711
3,8,positive,9,6198,ENSG00000168386,FILIP1L,0.02789255387858559
3,8,positive,10,17580,ENSG00000237523,LINC00857,0.027434080521372313
3,8,positive,11,15130,ENSG00000183808,RBM12B,0.027302410173713623
3,8,positive,12,21587,ENSG00000158023,WDR66,0.027265609873443866
3,8,positive,13,16561,ENSG00000136828,RALGPS1,0.027211412020297837
3,8,positive,14,6169,ENSG00000080200,CRYBG3,0.027089396733577586
3,8,positive,15,404,ENSG00000169991,IFFO2,0.02685792280619003
3,8,positive,16,1966,ENSG00000196754,S100A2,0.026766213896762224
3,8,positive,17,11149,ENSG00000135318,NT5E,0.026532359697455186
3,8,positive,18,218,ENSG00000049239,H6PD,0.026469722986960507
3,8,positive,19,28296,ENSG00000134030,CTIF,0.02630205373039178
3,8,positive,20,8125,ENSG00000151014,CCRN4L,0.026176868736419497
3,8,positive,21,6278,ENSG00000091986,CCDC80,0.02556347329742868
3,8,positive,22,24105,ENSG00000187720,THSD4,0.025537575511326117
3,8,positive,23,20150,ENSG00000139192,TAPBPL,0.0255290853270955
3,8,positive,24,14050,ENSG00000076716,GPC4,0.02547798291999158
3,8,positive,25,4532,ENSG00000121989,ACVR2A,0.02537604904583732
3,8,positive,26,26888,ENSG00000261005,CTB-58E17.1,0.02532182611609485
3,8,positive,27,15915,ENSG00000137075,RNF38,0.02525295967067834
3,8,positive,28,27521,ENSG00000176809,LRRC37A3,0.02516760770320895
3,8,positive,29,14027,ENSG00000102034,ELF4,0.02494151022153304
3,8,positive,30,8294,ENSG00000109756,RAPGEF2,0.024867098934826956
3,8,positive,31,29854,ENSG00000130176,CNN1,0.024828933197369486
3,8,positive,32,18704,ENSG00000187479,C11orf96,0.024757856982012983
3,8,positive,33,24061,ENSG00000259673,IQCH-AS1,0.02472412066633108
3,8,positive,34,16115,ENSG00000106829,TLE4,0.024548634211767954
3,8,positive,35,17672,ENSG00000148677,ANKRD1,0.02434894149847522
3,8,positive,36,8938,ENSG00000164181,ELOVL7,0.024341528106516373
3,8,positive,37,15779,ENSG00000176399,DMRTA1,0.024308533895205497
3,8,positive,38,26824,ENSG00000161570,CCL5,0.024265305439534285
3,8,positive,39,17564,ENSG00000253626,EIF5AL1,0.023887662269643402
3,8,positive,40,22028,ENSG00000136141,LRCH1,0.02385010973836481
3,8,positive,41,16044,ENSG00000196873,CBWD3,0.023834473189295317
3,8,positive,42,17805,ENSG00000272572,RP11-179B2.2,0.02382701615604823
3,8,positive,43,15254,ENSG00000176406,RIMS2,0.023798339027505916
3,8,positive,44,16912,ENSG00000187134,AKR1C1,0.02367359834313094
3,8,positive,45,24841,ENSG00000140650,PMM2,0.023621176807862958
3,8,positive,46,20553,ENSG00000257742,RP11-350F4.2,0.02356959989419055
3,8,positive,47,32571,ENSG00000160191,PDE9A,0.02346355035835826
3,8,positive,48,28762,ENSG00000273148,RP5-1068E13.7,0.023419067144596323
3,8,positive,49,11669,ENSG00000203711,C6orf99,0.023390972116134355
3,8,positive,50,12714,ENSG00000239569,KMT2E-AS1,0.023377416924102043
3,9,negative,1,24528,ENSG00000183475,ASB7,-0.035496766987365286
3,9,negative,2,29626,ENSG00000141994,DUS3L,-0.03464982579860971
3,9,negative,3,7390,ENSG00000168228,ZCCHC4,-0.03398957114178904
3,9,negative,4,17652,ENSG00000119922,IFIT2,-0.0332977546317347
3,9,negative,5,10705,ENSG00000204228,HSD17B8,-0.03259605067870815
3,9,negative,6,27926,ENSG00000176912,C18orf56,-0.03157967965211284
3,9,negative,7,5203,ENSG00000115009,CCL20,-0.031496596826104166
3,9,negative,8,7265,ENSG00000163995,ABLIM2,-0.03128205856679306
3,9,negative,9,2675,ENSG00000133056,PIK3C2B,-0.03119170756634721
3,9,negative,10,8728,ENSG00000272086,CTD-2186M15.3,-0.030456449332914803
3,9,negative,11,207,ENSG00000142599,RERE,-0.02979809187815854
3,9,negative,12,3807,ENSG00000186889,TMEM17,-0.02914742194948934
3,9,negative,13,26543,ENSG00000166484,MAPK7,-0.028680947687172293
3,9,negative,14,9824,ENSG00000113140,SPARC,-0.02744856571616844
3,9,negative,15,32320,ENSG00000154719,MRPL39,-0.027447387860724662
3,9,negative,16,1200,ENSG00000066557,LRRC40,-0.0272293166018524
3,9,negative,17,17528,ENSG00000156671,SAMD8,-0.02714090434015815
3,9,negative,18,29780,ENSG00000127452,FBXL12,-0.02709089340870535
3,9,negative,19,5267,ENSG00000085982,USP40,-0.026894538616513405
3,9,negative,20,2097,ENSG00000143320,CRABP2,-0.02657217890972305
3,9,negative,21,10774,ENSG00000010030,ETV7,-0.02652853170609738
3,9,negative,22,18586,ENSG00000254560,RP11-1L12.3,-0.026520229083265186
3,9,negative,23,19019,ENSG00000149480,MTA2,-0.026503007262352038
3,9,negative,24,2968,ENSG00000154429,CCSAP,-0.02638599610058512
3,9,negative,25,7269,ENSG00000170801,HTRA3,-0.026372630382305536
3,9,negative,26,26326,ENSG00000178921,PFAS,-0.026076840416316995
3,9,negative,27,3279,ENSG00000134321,RSAD2,-0.026037560178746512
3,9,negative,28,17870,ENSG00000148835,TAF5,-0.026025236697660943
3,9,negative,29,32019,ENSG00000100311,PDGFB,-0.025996421214214412
3,9,negative,30,27242,ENSG00000002919,SNX11,-0.025943675590749064
3,9,negative,31,30004,ENSG00000270143,AC004257.3,-0.025850134818426494
3,9,negative,32,31922,ENSG00000100342,APOL1,-0.025726412529008154
3,9,negative,33,24606,ENSG00000103245,NARFL,-0.02570378065442596
3,9,negative,34,12574,ENSG00000106236,NPTX2,-0.025701973954244936
3,9,negative,35,7658,ENSG00000181617,FDCSP,-0.025656796430198178
3,9,negative,36,17760,ENSG00000155254,MARVELD1,-0.025648951430871376
3,9,negative,37,18016,ENSG00000213185,FAM24B,-0.025610870318927503
3,9,negative,38,32562,ENSG00000160181,TFF2,-0.025449430108398084
3,9,negative,39,12696,ENSG00000222011,FAM185A,-0.02540471911139968
3,9,negative,40,12337,ENSG00000197008,ZNF138,-0.02527363994661316
3,9,negative,41,16753,ENSG00000196422,PPP1R26,-0.025257603122126788
3,9,negative,42,18670,ENSG00000179431,FJX1,-0.02525279929144841
3,9,negative,43,11883,ENSG00000234432,RP11-1275H24.1,-0.02523530044933806
3,9,negative,44,14676,ENSG00000104221,BRF2,-0.025006305724580208
3,9,negative,45,28342,ENSG00000166510,CCDC68,-0.024992057279577703
3,9,negative,46,19894,ENSG00000166261,ZNF202,-0.02485189401406367
3,9,negative,47,7810,ENSG00000145332,KLHL8,-0.024794113545898697
3,9,negative,48,21488,ENSG00000123066,MED13L,-0.024605521673346363
3,9,negative,49,23084,ENSG00000156127,BATF,-0.024587859400785866
3,9,negative,50,20706,ENSG00000123358,NR4A1,-0.024515182141170277
3,9,positive,1,10071,ENSG00000146094,DOK3,0.03551995164762673
3,9,positive,2,7698,ENSG00000163734,CXCL3,0.034423873645530734
3,9,positive,3,20581,ENSG00000257433,RP1-197B17.3,0.03266782197629546
3,9,positive,4,26325,ENSG00000178971,CTC1,0.03197342301580491
3,9,positive,5,3654,ENSG00000162878,PKDCC,0.03184185410986971
3,9,positive,6,16432,ENSG00000106948,AKNA,0.0311776572008095
3,9,positive,7,13709,ENSG00000184481,FOXO4,0.030864680512419203
3,9,positive,8,21187,ENSG00000139318,DUSP6,0.030505830805490023
3,9,positive,9,21993,ENSG00000179630,LACC1,0.029908055790457386
3,9,positive,10,4344,ENSG00000236255,AC009404.2,0.02883318147406592
3,9,positive,11,26040,ENSG00000260923,AC137934.1,0.02862962304469341
3,9,positive,12,17226,ENSG00000196793,ZNF239,0.028036979933464077
3,9,positive,13,27466,ENSG00000136492,BRIP1,0.02772537281771387
3,9,positive,14,12428,ENSG00000177679,SRRM3,0.027638190108992322
3,9,positive,15,1641,ENSG00000134253,TRIM45,0.027135278593129274
3,9,positive,16,12763,ENSG00000128512,DOCK4,0.027058735436167963
3,9,positive,17,13563,ENSG00000049769,PPP1R3F,0.02653683004195627
3,9,positive,18,28228,ENSG00000186814,ZSCAN30,0.02648623696580675
3,9,positive,19,14554,ENSG00000159167,STC1,0.026379146450547085
3,9,positive,20,1742,ENSG00000152042,NBPF11,0.02621754769280166
3,9,positive,21,30632,ENSG00000142046,TMEM91,0.026039133952452182
3,9,positive,22,4866,ENSG00000144339,TMEFF2,0.025724191159991916
3,9,positive,23,1960,ENSG00000143556,S100A7,0.0257164589736102
3,9,positive,24,6809,ENSG00000171757,LRRC34,0.025162429832032457
3,9,positive,25,13369,ENSG00000230797,YY2,0.024936756971798268
3,9,positive,26,25517,ENSG00000103021,CCDC113,0.02493090346143703
3,9,positive,27,6037,ENSG00000168306,ACOX2,0.024835659629854255
3,9,positive,28,11497,ENSG00000237499,RP11-356I2.4,0.024579389749256695
3,9,positive,29,6188,ENSG00000064225,ST3GAL6,0.024565724235123817
3,9,positive,30,22637,ENSG00000151320,AKAP6,0.02449007137370515
3,9,positive,31,8872,ENSG00000164171,ITGA2,0.024109077236167557
3,9,positive,32,24006,ENSG00000157734,SNX22,0.02381744952694025
3,9,positive,33,5311,ENSG00000124839,RAB17,0.02380034884515267
3,9,positive,34,20894,ENSG00000110944,IL23A,0.023794743017538797
3,9,positive,35,22011,ENSG00000170919,TPT1-AS1,0.023680714141894207
3,9,positive,36,26226,ENSG00000132530,XAF1,0.023639692423572747
3,9,positive,37,32481,ENSG00000273199,AP000692.10,0.02347133445779899
3,9,positive,38,22013,ENSG00000174032,SLC25A30,0.023345569911956607
3,9,positive,39,22787,ENSG00000139926,FRMD6,0.023179710646086444
3,9,positive,40,20347,ENSG00000182993,C12orf60,0.02315722245867133
3,9,positive,41,16837,ENSG00000188566,NDOR1,0.02314795572361662
3,9,positive,42,19653,ENSG00000152402,GUCY1A2,0.023079733551440558
3,9,positive,43,30758,ENSG00000130203,APOE,0.0230643720233765
3,9,positive,44,6156,ENSG00000175105,ZNF654,0.02298769402549737
3,9,positive,45,3585,ENSG00000049323,LTBP1,0.022876944933667962
3,9,positive,46,31314,ENSG00000197016,ZNF470,0.0227014326646441
3,9,positive,47,4851,ENSG00000189362,TMEM194B,0.022665204383851775
3,9,positive,48,12716,ENSG00000272918,CTB-152G17.6,0.02261676094853345
3,9,positive,49,21012,ENSG00000149948,HMGA2,0.02260951881767429
3,9,positive,50,23462,ENSG00000251602,RP11-521B24.3,0.022590929873344334
3,10,negative,1,25596,ENSG00000102890,ELMO3,-0.0350259193995035
3,10,negative,2,6162,ENSG00000178700,DHFRL1,-0.03073650907301018
3,10,negative,3,30506,ENSG00000011332,DPF1,-0.03037515640004523
3,10,negative,4,21985,ENSG00000133106,EPSTI1,-0.03032100491859713
3,10,negative,5,12492,ENSG00000127954,STEAP4,-0.030071932946779668
3,10,negative,6,24245,ENSG00000169684,CHRNA5,-0.029684736761872506
3,10,negative,7,32543,ENSG00000157601,MX1,-0.029631182570017994
3,10,negative,8,24778,ENSG00000140987,ZSCAN32,-0.029384328331446666
3,10,negative,9,29848,ENSG00000198003,CCDC151,-0.02918570517702344
3,10,negative,10,17459,ENSG00000198246,SLC29A3,-0.029128690598623032
3,10,negative,11,32089,ENSG00000229891,Z83851.1,-0.02908528947543466
3,10,negative,12,2851,ENSG00000162817,C1orf115,-0.028501535825455934
3,10,negative,13,14334,ENSG00000164825,DEFB1,-0.02804064814615712
3,10,negative,14,6205,ENSG00000181458,TMEM45A,-0.02775467395478856
3,10,negative,15,11495,ENSG00000230533,RP11-95M15.1,-0.027430411052333986
3,10,negative,16,25605,ENSG00000159713,TPPP3,-0.027348281933548085
3,10,negative,17,4232,ENSG00000115652,UXS1,-0.02732280542392107
3,10,negative,18,28368,ENSG00000267040,RP11-35G9.3,-0.027199244504168014
3,10,negative,19,17044,ENSG00000260589,RP11-390B4.5,-0.027039186318681366
3,10,negative,20,16305,ENSG00000255145,RP11-60I3.5,-0.02700459892497056
3,10,negative,21,27891,ENSG00000265458,RP13-20L14.6,-0.026931367972663586
3,10,negative,22,29557,ENSG00000105289,TJP3,-0.026614364913200662
3,10,negative,23,18409,ENSG00000166436,TRIM66,-0.026542477101928582
3,10,negative,24,27530,ENSG00000168646,AXIN2,-0.026440880034217032
3,10,negative,25,15667,ENSG00000096968,JAK2,-0.026429420569557913
3,10,negative,26,23338,ENSG00000168350,DEGS2,-0.02636137647907897
3,10,negative,27,22834,ENSG00000186615,KTN1-AS1,-0.026349252316317136
3,10,negative,28,13748,ENSG00000204116,CHIC1,-0.026119977468811482
3,10,negative,29,26133,ENSG00000040531,CTNS,-0.025996575030614363
3,10,negative,30,31347,ENSG00000197128,ZNF772,-0.02587366032123317
3,10,negative,31,11457,ENSG00000146411,SLC2A12,-0.025629821246241552
3,10,negative,32,17469,ENSG00000138303,ASCC1,-0.025543361916008395
3,10,negative,33,25278,ENSG00000260267,RP11-452L6.5,-0.025320923015563213
3,10,negative,34,12411,ENSG00000196275,GTF2IRD2,-0.02529648866842272
3,10,negative,35,836,ENSG00000272145,NFYC-AS1,-0.025134742781626748
3,10,negative,36,20890,ENSG00000257303,RP11-977G19.11,-0.024936795298185724
3,10,negative,37,5646,ENSG00000153558,FBXL2,-0.02493579313570659
3,10,negative,38,28210,ENSG00000141441,GAREM,-0.024893673123607775
3,10,negative,39,15609,ENSG00000147799,ARHGAP39,-0.024815298999620036
3,10,negative,40,9363,ENSG00000271918,CTD-2287O16.5,-0.024780437552972365
3,10,negative,41,12360,ENSG00000273142,RP11-458F8.4,-0.024662286801519682
3,10,negative,42,22770,ENSG00000198513,ATL1,-0.024581949239041303
3,10,negative,43,19193,ENSG00000175115,PACS1,-0.024535428214042622
3,10,negative,44,25377,ENSG00000205423,CNEP1R1,-0.024467473133488623
3,10,negative,45,24061,ENSG00000259673,IQCH-AS1,-0.024378443356579092
3,10,negative,46,6365,ENSG00000145088,EAF2,-0.024207306063268152
3,10,negative,47,11658,ENSG00000122335,SERAC1,-0.024192721353539354
3,10,negative,48,2821,ENSG00000196482,ESRRG,-0.024140085424023575
3,10,negative,49,543,ENSG00000182749,PAQR7,-0.024117434325013634
3,10,negative,50,31243,ENSG00000105063,PPP6R1,-0.024094649000518182
3,10,positive,1,17987,ENSG00000198873,GRK5,0.04297243319543051
3,10,positive,2,27852,ENSG00000183979,NPB,0.037668058381753924
3,10,positive,3,3585,ENSG00000049323,LTBP1,0.03373440457980686
3,10,positive,4,21967,ENSG00000150907,FOXO1,0.03158993078832514
3,10,positive,5,439,ENSG00000158825,CDA,0.031099054309321472
3,10,positive,6,3473,ENSG00000084731,KIF3C,0.03057237090983664
3,10,positive,7,24006,ENSG00000157734,SNX22,0.030363838427022508
3,10,positive,8,24791,ENSG00000263105,RP11-95P2.3,0.030200007512646673
3,10,positive,9,19583,ENSG00000166025,AMOTL1,0.030181760024053796
3,10,positive,10,15515,ENSG00000247317,RP11-273G15.2,0.030131865917171416
3,10,positive,11,10845,ENSG00000164663,USP49,0.029712678207432636
3,10,positive,12,910,ENSG00000173846,PLK3,0.02935792003085035
3,10,positive,13,16516,ENSG00000171448,ZBTB26,0.029280287022330785
3,10,positive,14,24228,ENSG00000167202,TBC1D2B,0.029112235925631395
3,10,positive,15,10066,ENSG00000246334,PRR7-AS1,0.028461956080091735
3,10,positive,16,7791,ENSG00000173083,HPSE,0.027991918051681757
3,10,positive,17,6912,ENSG00000058063,ATP11B,0.027913478662634987
3,10,positive,18,23953,ENSG00000140297,GCNT3,0.027574310968405187
3,10,positive,19,22034,ENSG00000260388,LINC00562,0.027470838018467576
3,10,positive,20,22222,ENSG00000080166,DCT,0.027411960775758422
3,10,positive,21,19042,ENSG00000269176,RP11-727F15.12,0.026962988182914302
3,10,positive,22,23069,ENSG00000119630,PGF,0.026934701515771958
3,10,positive,23,746,ENSG00000134698,AGO4,0.026869321750011117
3,10,positive,24,24839,ENSG00000183044,ABAT,0.02669221674372614
3,10,positive,25,13392,ENSG00000101868,POLA1,0.026598274780281733
3,10,positive,26,15648,ENSG00000080298,RFX3,0.02657355883472526
3,10,positive,27,392,ENSG00000074964,ARHGEF10L,0.02640364575745444
3,10,positive,28,7765,ENSG00000163297,ANTXR2,0.02619395352825635
3,10,positive,29,31109,ENSG00000197608,ZNF841,0.0259962684080895
3,10,positive,30,27711,ENSG00000129667,RHBDF2,0.025809001820835478
3,10,positive,31,32567,ENSG00000160190,SLC37A1,0.02579958206518107
3,10,positive,32,4035,ENSG00000042493,CAPG,0.025650959623411858
3,10,positive,33,17218,ENSG00000273008,RP11-351D16.3,0.025590478626959418
3,10,positive,34,11966,ENSG00000171243,SOSTDC1,0.025437308372887497
3,10,positive,35,4117,ENSG00000114988,LMAN2L,0.02539601195937328
3,10,positive,36,27251,ENSG00000233101,HOXB-AS3,0.025391962424470196
3,10,positive,37,16583,ENSG00000167103,PIP5KL1,0.02536864377415365
3,10,positive,38,28650,ENSG00000088826,SMOX,0.025189279476830834
3,10,positive,39,25491,ENSG00000006210,CX3CL1,0.02499812900842906
3,10,positive,40,22920,ENSG00000126821,SGPP1,0.02499317960232359
3,10,positive,41,1662,ENSG00000143067,ZNF697,0.024882809626717732
3,10,positive,42,23193,ENSG00000165533,TTC8,0.024657865749607488
3,10,positive,43,27196,ENSG00000214401,KANSL1-AS1,0.0245267355366856
3,10,positive,44,1863,ENSG00000163155,LYSMD1,0.02434478241092775
3,10,positive,45,5903,ENSG00000232352,SEMA3B-AS1,0.024325424490054808
3,10,positive,46,20603,ENSG00000167528,ZNF641,0.024063249470005217
3,10,positive,47,11189,ENSG00000112182,BACH2,0.023812822353721484
3,10,positive,48,12364,ENSG00000273448,RP11-166O4.6,0.023719044387052076
3,10,positive,49,22299,ENSG00000125266,EFNB2,0.023598921614574546
3,10,positive,50,12028,ENSG00000169193,CCDC126,0.023524700309612675
3,11,negative,1,26637,ENSG00000258472,RP11-192H23.4,-0.03614789319801757
3,11,negative,2,24781,ENSG00000122390,NAA60,-0.03198241770619284
3,11,negative,3,24756,ENSG00000261971,RP11-473M20.7,-0.0303989470916898
3,11,negative,4,2097,ENSG00000143320,CRABP2,-0.02974130827385893
3,11,negative,5,13753,ENSG00000230590,FTX,-0.02970526644363335
3,11,negative,6,12539,ENSG00000164692,COL1A2,-0.029581749011894587
3,11,negative,7,16950,ENSG00000238266,LINC00707,-0.028911507407757043
3,11,negative,8,26954,ENSG00000141753,IGFBP4,-0.02885539707911762
3,11,negative,9,13412,ENSG00000198814,GK,-0.028731262986415818
3,11,negative,10,1821,ENSG00000014914,MTMR11,-0.027820272553808412
3,11,negative,11,26955,ENSG00000131746,TNS4,-0.027447684838245633
3,11,negative,12,30036,ENSG00000127528,KLF2,-0.027146837884656706
3,11,negative,13,32019,ENSG00000100311,PDGFB,-0.027143505993690618
3,11,negative,14,29854,ENSG00000130176,CNN1,-0.02680756035850296
3,11,negative,15,7733,ENSG00000169245,CXCL10,-0.02668109359954048
3,11,negative,16,26560,ENSG00000270091,RP11-78O7.2,-0.026499279857482315
3,11,negative,17,23642,ENSG00000166068,SPRED1,-0.026204909731421505
3,11,negative,18,7658,ENSG00000181617,FDCSP,-0.026199948980392292
3,11,negative,19,2610,ENSG00000223396,RPS10P7,-0.02611884231510219
3,11,negative,20,32350,ENSG00000156265,MAP3K7CL,-0.025926500944106357
3,11,negative,21,16721,ENSG00000160326,SLC2A6,-0.02581325743588346
3,11,negative,22,20760,ENSG00000135476,ESPL1,-0.025789039811532095
3,11,negative,23,19846,ENSG00000076706,MCAM,-0.025657121707353053
3,11,negative,24,27026,ENSG00000186847,KRT14,-0.025582734703076225
3,11,negative,25,8858,ENSG00000151883,PARP8,-0.025360112548840935
3,11,negative,26,3812,ENSG00000115507,OTX1,-0.025279242431033803
3,11,negative,27,2173,ENSG00000224259,LINC01133,-0.025156650885859888
3,11,negative,28,25469,ENSG00000205364,MT1M,-0.02481977189822849
3,11,negative,29,10176,ENSG00000164379,FOXQ1,-0.02474489940714617
3,11,negative,30,8020,ENSG00000138735,PDE5A,-0.024722813662472476
3,11,negative,31,12663,ENSG00000106366,SERPINE1,-0.0247104159580609
3,11,negative,32,30605,ENSG00000160460,SPTBN4,-0.024235235510322906
3,11,negative,33,15682,ENSG00000120215,MLANA,-0.024207155704788853
3,11,negative,34,29621,ENSG00000167733,HSD11B1L,-0.024166297065161223
3,11,negative,35,12513,ENSG00000001630,CYP51A1,-0.024057799798872646
3,11,negative,36,20199,ENSG00000139182,CLSTN3,-0.023884712835990068
3,11,negative,37,30584,ENSG00000105204,DYRK1B,-0.023809288024185603
3,11,negative,38,26049,ENSG00000183688,FAM101B,-0.02379830566855326
3,11,negative,39,10016,ENSG00000120149,MSX2,-0.023706354432736366
3,11,negative,40,7954,ENSG00000247950,SEC24B-AS1,-0.02362018587727414
3,11,negative,41,5811,ENSG00000227398,KIF9-AS1,-0.023572420101441262
3,11,negative,42,7310,ENSG00000109684,CLNK,-0.023521631235744425
3,11,negative,43,584,ENSG00000142733,MAP3K6,-0.02344814282620896
3,11,negative,44,7691,ENSG00000169429,IL8,-0.023291951254362862
3,11,negative,45,24372,ENSG00000172183,ISG20,-0.023267265023703073
3,11,negative,46,10474,ENSG00000198374,HIST1H2AL,-0.02324339254861689
3,11,negative,47,21609,ENSG00000130787,HIP1R,-0.023168996280103642
3,11,negative,48,182,ENSG00000204859,ZBTB48,-0.02312570291104977
3,11,negative,49,14030,ENSG00000056277,ZNF280C,-0.02306376485065831
3,11,negative,50,5149,ENSG00000188760,TMEM198,-0.022984821017379375
3,11,positive,1,29346,ENSG00000101210,EEF1A2,0.043812487075838534
3,11,positive,2,1941,ENSG00000163209,SPRR3,0.03701841680562433
3,11,positive,3,9281,ENSG00000181751,C5orf30,0.03470199148851738
3,11,positive,4,11810,ENSG00000223855,AC147651.3,0.03339784173723271
3,11,positive,5,13924,ENSG00000077264,PAK3,0.03316203174510051
3,11,positive,6,718,ENSG00000121903,ZSCAN20,0.032032897933904424
3,11,positive,7,15473,ENSG00000259891,CTA-204B4.2,0.03196513010207829
3,11,positive,8,32146,ENSG00000188064,WNT7B,0.03149762424648439
3,11,positive,9,32588,ENSG00000142178,SIK1,0.031138896230628595
3,11,positive,10,7802,ENSG00000138639,ARHGAP24,0.030958571408706302
3,11,positive,11,27527,ENSG00000263470,RP11-160O5.1,0.03034313010339268
3,11,positive,12,23696,ENSG00000137880,GCHFR,0.0300793018685719
3,11,positive,13,18038,ENSG00000189319,FAM53B,0.029333364103492143
3,11,positive,14,5203,ENSG00000115009,CCL20,0.029140246986684663
3,11,positive,15,6390,ENSG00000239523,MYLK-AS1,0.028761272014952443
3,11,positive,16,8139,ENSG00000196951,RP11-425I13.3,0.02867580643162294
3,11,positive,17,26336,ENSG00000184619,KRBA2,0.028660102896833323
3,11,positive,18,27332,ENSG00000049283,EPN3,0.027966753021527894
3,11,positive,19,6687,ENSG00000229619,MBNL1-AS1,0.027495376910127607
3,11,positive,20,14945,ENSG00000140396,NCOA2,0.027348762647745637
3,11,positive,21,30721,ENSG00000124459,ZNF45,0.02730296280218714
3,11,positive,22,27388,ENSG00000263004,RP11-166P13.3,0.027264598792849013
3,11,positive,23,21426,ENSG00000198324,FAM109A,0.027259710604713445
3,11,positive,24,176,ENSG00000187017,ESPN,0.026870891699663554
3,11,positive,25,17035,ENSG00000107611,CUBN,0.02683848252102212
3,11,positive,26,8272,ENSG00000256043,CTSO,0.02641245120678171
3,11,positive,27,30508,ENSG00000167641,PPP1R14A,0.026296464071456596
3,11,positive,28,17915,ENSG00000203497,PDCD4-AS1,0.02601634291154385
3,11,positive,29,24355,ENSG00000183655,KLHL25,0.025972054959933783
3,11,positive,30,19230,ENSG00000258297,RP11-658F2.8,0.02567583299240995
3,11,positive,31,26278,ENSG00000174282,ZBTB4,0.02525783814824177
3,11,positive,32,29879,ENSG00000196646,ZNF136,0.025174219097988924
3,11,positive,33,4884,ENSG00000144395,CCDC150,0.025017701378061183
3,11,positive,34,23590,ENSG00000261064,RP11-1000B6.3,0.024949594622184653
3,11,positive,35,24447,ENSG00000185442,FAM174B,0.02489634159652276
3,11,positive,36,12467,ENSG00000075213,SEMA3A,0.024849485526078484
3,11,positive,37,31273,ENSG00000179922,ZNF784,0.02483842298151838
3,11,positive,38,21399,ENSG00000139438,FAM222A,0.024805940292840303
3,11,positive,39,333,ENSG00000116771,AGMAT,0.024674994123153313
3,11,positive,40,11636,ENSG00000153721,CNKSR3,0.024667345126503246
3,11,positive,41,27572,ENSG00000108984,MAP2K6,0.024644216736457423
3,11,positive,42,9789,ENSG00000164296,TIGD6,0.024535945187681936
3,11,positive,43,31667,ENSG00000100027,YPEL1,0.024383045660084812
3,11,positive,44,29859,ENSG00000197933,ZNF823,0.024343928708137542
3,11,positive,45,25655,ENSG00000184939,ZFP90,0.024301699994283624
3,11,positive,46,9902,ENSG00000221886,C5orf54,0.024276996447833838
3,11,positive,47,18490,ENSG00000110680,CALCA,0.024205083577866715
3,11,positive,48,11875,ENSG00000146587,RBAK,0.024167883834072444
3,11,positive,49,4360,ENSG00000171227,TMEM37,0.02411698371768904
3,11,positive,50,21845,ENSG00000139505,MTMR6,0.02409581262790712
3,12,negative,1,7694,ENSG00000163739,CXCL1,-0.04149888045060002
3,12,negative,2,4836,ENSG00000138449,SLC40A1,-0.03402921937867963
3,12,negative,3,22789,ENSG00000186469,GNG2,-0.03400559365558752
3,12,negative,4,22537,ENSG00000100867,DHRS2,-0.0326939549966931
3,12,negative,5,7698,ENSG00000163734,CXCL3,-0.03267070745566534
3,12,negative,6,11953,ENSG00000006468,ETV1,-0.03200299749989509
3,12,negative,7,962,ENSG00000162366,PDZK1IP1,-0.03179650015061151
3,12,negative,8,19687,ENSG00000196167,COLCA1,-0.031400104510599616
3,12,negative,9,26985,ENSG00000212724,KRTAP2-3,-0.030536924978279544
3,12,negative,10,10606,ENSG00000232810,TNF,-0.03023575344011998
3,12,negative,11,4404,ENSG00000115718,PROC,-0.029613474791246975
3,12,negative,12,4718,ENSG00000226853,AC010894.3,-0.02946154121349851
3,12,negative,13,31922,ENSG00000100342,APOL1,-0.02918607415675959
3,12,negative,14,17672,ENSG00000148677,ANKRD1,-0.029185357724117237
3,12,negative,15,25165,ENSG00000174992,ZG16,-0.02904435000944494
3,12,negative,16,27527,ENSG00000263470,RP11-160O5.1,-0.028907928744482687
3,12,negative,17,30825,ENSG00000188293,IGFL1,-0.02838207413746458
3,12,negative,18,25654,ENSG00000103056,SMPD3,-0.028166984714133758
3,12,negative,19,30116,ENSG00000105649,RAB3A,-0.027826262797297205
3,12,negative,20,28480,ENSG00000166342,NETO1,-0.027629226363900528
3,12,negative,21,9221,ENSG00000175471,MCTP1,-0.027387119232266145
3,12,negative,22,10607,ENSG00000227507,LTB,-0.02734393673961075
3,12,negative,23,30799,ENSG00000177051,FBXO46,-0.027159481364984174
3,12,negative,24,23703,ENSG00000104140,RHOV,-0.026993800419081407
3,12,negative,25,666,ENSG00000121753,BAI2,-0.026833559909589855
3,12,negative,26,51,ENSG00000186891,TNFRSF18,-0.026720636459092763
3,12,negative,27,7051,ENSG00000114315,HES1,-0.026485971521051872
3,12,negative,28,5963,ENSG00000114854,TNNC1,-0.02643510679755206
3,12,negative,29,31757,ENSG00000261188,CTA-445C9.14,-0.026428779118123275
3,12,negative,30,10416,ENSG00000010704,HFE,-0.02631769505601209
3,12,negative,31,31854,ENSG00000182541,LIMK2,-0.026246416804334496
3,12,negative,32,19854,ENSG00000245248,USP2-AS1,-0.0261488714176265
3,12,negative,33,20710,ENSG00000167767,KRT80,-0.025604465038828777
3,12,negative,34,19865,ENSG00000137709,POU2F3,-0.025538220232941274
3,12,negative,35,1717,ENSG00000213240,NOTCH2NL,-0.025489987069996306
3,12,negative,36,12492,ENSG00000127954,STEAP4,-0.0253794874331471
3,12,negative,37,10419,ENSG00000180596,HIST1H2BC,-0.02536921777088294
3,12,negative,38,24734,ENSG00000162078,ZG16B,-0.025307097067751295
3,12,negative,39,4258,ENSG00000163006,CCDC138,-0.025203667640694146
3,12,negative,40,17384,ENSG00000150347,ARID5B,-0.025194583511509275
3,12,negative,41,6732,ENSG00000197415,VEPH1,-0.02514814673485463
3,12,negative,42,11487,ENSG00000112357,PEX7,-0.025107468712935687
3,12,negative,43,11970,ENSG00000106524,ANKMY2,-0.0249279880513948
3,12,negative,44,13271,ENSG00000101846,STS,-0.024900166587956723
3,12,negative,45,12574,ENSG00000106236,NPTX2,-0.024893267691526607
3,12,negative,46,11374,ENSG00000025156,HSF2,-0.024889008956192053
3,12,negative,47,23291,ENSG00000250366,LINC00617,-0.024554651846800668
3,12,negative,48,19060,ENSG00000133328,HRASLS2,-0.0245459040847016
3,12,negative,49,1656,ENSG00000231365,RP11-418J17.1,-0.0245147806807808
3,12,negative,50,825,ENSG00000049089,COL9A2,-0.0244230086782423
3,12,positive,1,7705,ENSG00000109321,AREG,0.04337579020021968
3,12,positive,2,26955,ENSG00000131746,TNS4,0.04258309868146553
3,12,positive,3,1999,ENSG00000160712,IL6R,0.034134082778649225
3,12,positive,4,600,ENSG00000130775,THEMIS2,0.03163175105805483
3,12,positive,5,12172,ENSG00000078053,AMPH,0.031546137934122344
3,12,positive,6,17427,ENSG00000156510,HKDC1,0.031150287364805757
3,12,positive,7,16396,ENSG00000106868,SUSD1,0.030021390010325576
3,12,positive,8,4181,ENSG00000115590,IL1R2,0.029904052117491427
3,12,positive,9,16839,ENSG00000197191,C9orf169,0.029896497792325755
3,12,positive,10,7212,ENSG00000175920,DOK7,0.028546999105381263
3,12,positive,11,9588,ENSG00000120738,EGR1,0.028299809569813993
3,12,positive,12,1810,ENSG00000183558,HIST2H2AA3,0.027996314440881763
3,12,positive,13,9623,ENSG00000113070,HBEGF,0.027923758163856328
3,12,positive,14,29318,ENSG00000101188,NTSR1,0.027802002622968572
3,12,positive,15,31376,ENSG00000152454,ZNF256,0.02728916273204477
3,12,positive,16,27381,ENSG00000153933,DGKE,0.027280950270195236
3,12,positive,17,29191,ENSG00000101096,NFATC2,0.027229760068403042
3,12,positive,18,8214,ENSG00000170390,DCLK2,0.02684174789680728
3,12,positive,19,5084,ENSG00000079308,TNS1,0.026660556374106744
3,12,positive,20,25489,ENSG00000102934,PLLP,0.02661835564999494
3,12,positive,21,25511,ENSG00000102996,MMP15,0.026449677467067653
3,12,positive,22,29854,ENSG00000130176,CNN1,0.026358079431351444
3,12,positive,23,9039,ENSG00000157107,FCHO2,0.026224994089342937
3,12,positive,24,20850,ENSG00000135437,RDH5,0.025975857332168267
3,12,positive,25,9188,ENSG00000081189,MEF2C,0.02573665288285712
3,12,positive,26,16103,ENSG00000106772,PRUNE2,0.02569395951174245
3,12,positive,27,3798,ENSG00000270820,RP11-355B11.2,0.025607888228269433
3,12,positive,28,11988,ENSG00000122691,TWIST1,0.02557156470042067
3,12,positive,29,20866,ENSG00000123411,IKZF4,0.025437356574807078
3,12,positive,30,31955,ENSG00000100065,CARD10,0.02539879934384541
3,12,positive,31,20489,ENSG00000235884,LINC00941,0.02538175713999816
3,12,positive,32,11717,ENSG00000112541,PDE10A,0.02524923923627411
3,12,positive,33,9751,ENSG00000164266,SPINK1,0.025202488859248907
3,12,positive,34,9549,ENSG00000145824,CXCL14,0.02501214277600484
3,12,positive,35,5141,ENSG00000175084,DES,0.02459852931184841
3,12,positive,36,27617,ENSG00000246731,CTD-2514K5.2,0.02456438146680185
3,12,positive,37,17568,ENSG00000244733,RP11-506M13.3,0.024549381761478167
3,12,positive,38,15441,ENSG00000104419,NDRG1,0.024474241039279282
3,12,positive,39,30734,ENSG00000256294,ZNF225,0.024365066988655395
3,12,positive,40,6384,ENSG00000065485,PDIA5,0.024256800123133904
3,12,positive,41,6047,ENSG00000189283,FHIT,0.02419087520745443
3,12,positive,42,23784,ENSG00000171877,FRMD5,0.024182546650848583
3,12,positive,43,30133,ENSG00000268030,AC005253.2,0.024178818793740377
3,12,positive,44,17760,ENSG00000155254,MARVELD1,0.02389381397863955
3,12,positive,45,2409,ENSG00000224687,RASAL2-AS1,0.02376702791395804
3,12,positive,46,970,ENSG00000186564,FOXD2,0.023759815949659296
3,12,positive,47,12929,ENSG00000231721,LINC-PINT,0.023726392435963337
3,12,positive,48,24515,ENSG00000183060,LYSMD4,0.023716430661774802
3,12,positive,49,5785,ENSG00000163820,FYCO1,0.023544066629300246
3,12,positive,50,5883,ENSG00000164068,RNF123,0.023543918108024756
3,13,negative,1,32260,ENSG00000215386,LINC00478,-0.032542510440073565
3,13,negative,2,27431,ENSG00000153982,GDPD1,-0.03231358433869331
3,13,negative,3,27223,ENSG00000006025,OSBPL7,-0.03216570772377622
3,13,negative,4,15945,ENSG00000204860,FAM201A,-0.03147896092092176
3,13,negative,5,8809,ENSG00000171522,PTGER4,-0.030977877858955297
3,13,negative,6,484,ENSG00000249087,C1orf213,-0.030379193733397994
3,13,negative,7,17889,ENSG00000148841,ITPRIP,-0.029175388301829017
3,13,negative,8,11793,ENSG00000213863,XX-C2158C12.2,-0.02912362035498258
3,13,negative,9,21690,ENSG00000249196,RP11-669N7.2,-0.028907144198028905
3,13,negative,10,28126,ENSG00000141448,GATA6,-0.028854100408598416
3,13,negative,11,2034,ENSG00000169231,THBS3,-0.02882265270045144
3,13,negative,12,11636,ENSG00000153721,CNKSR3,-0.028802240299231518
3,13,negative,13,32276,ENSG00000154645,CHODL,-0.028471809052241514
3,13,negative,14,25459,ENSG00000260621,RP11-413H22.2,-0.028424132567027447
3,13,negative,15,13272,ENSG00000182583,VCX,-0.028380676984606855
3,13,negative,16,15180,ENSG00000245970,KB-1208A12.3,-0.028037765322201133
3,13,negative,17,7586,ENSG00000171476,HOPX,-0.02774184360745866
3,13,negative,18,32205,ENSG00000205593,DENND6B,-0.02757022861711748
3,13,negative,19,9018,ENSG00000249437,NAIP,-0.02732429628454426
3,13,negative,20,21644,ENSG00000269923,RP11-214K3.24,-0.02718482016399013
3,13,negative,21,27375,ENSG00000166292,TMEM100,-0.026909951393385072
3,13,negative,22,31407,ENSG00000249471,ZNF324B,-0.026722344765713835
3,13,negative,23,24060,ENSG00000103599,IQCH,-0.02630272462455083
3,13,negative,24,22124,ENSG00000184226,PCDH9,-0.02594151479059939
3,13,negative,25,16296,ENSG00000270412,RP11-92C4.6,-0.025638963504007222
3,13,negative,26,27146,ENSG00000180336,C17orf104,-0.025635066328284987
3,13,negative,27,27809,ENSG00000181409,AATK,-0.02558796633559639
3,13,negative,28,22101,ENSG00000118946,PCDH17,-0.025446213328863536
3,13,negative,29,71,ENSG00000272455,RP4-758J18.13,-0.025412817259223924
3,13,negative,30,5072,ENSG00000115461,IGFBP5,-0.02532276946924518
3,13,negative,31,11905,ENSG00000269781,FLJ20306,-0.02508517856120286
3,13,negative,32,15614,ENSG00000196378,ZNF34,-0.024694807965490076
3,13,negative,33,31158,ENSG00000198346,ZNF813,-0.024491204363527853
3,13,negative,34,3975,ENSG00000257702,LBX2-AS1,-0.024419068888903276
3,13,negative,35,1337,ENSG00000171488,LRRC8C,-0.024302095093365887
3,13,negative,36,8182,ENSG00000151611,MMAA,-0.024238294593744606
3,13,negative,37,31408,ENSG00000083812,ZNF324,-0.024227492439678863
3,13,negative,38,611,ENSG00000270605,RP5-1092A3.4,-0.0242233479340171
3,13,negative,39,23038,ENSG00000259065,RP5-1021I20.1,-0.024170675937841158
3,13,negative,40,30915,ENSG00000063180,CA11,-0.024160892016103906
3,13,negative,41,9549,ENSG00000145824,CXCL14,-0.024001659686949565
3,13,negative,42,7983,ENSG00000249509,RP11-402J6.1,-0.023997371211238214
3,13,negative,43,12073,ENSG00000240990,HOXA11-AS,-0.023984822170965647
3,13,negative,44,22347,ENSG00000126217,MCF2L,-0.023873347262282175
3,13,negative,45,18459,ENSG00000050165,DKK3,-0.023842441169110266
3,13,negative,46,6366,ENSG00000163406,SLC15A2,-0.023829407256054754
3,13,negative,47,30794,ENSG00000125746,EML2,-0.023769171157076472
3,13,negative,48,16685,ENSG00000246851,RP11-544A12.8,-0.02371504603618586
3,13,negative,49,8824,ENSG00000250722,SEPP1,-0.023710214135668956
3,13,negative,50,10334,ENSG00000137198,GMPR,-0.023554557245004073
3,13,positive,1,31817,ENSG00000128342,LIF,0.04508837019884039
3,13,positive,2,30123,ENSG00000130513,GDF15,0.03909644031699191
3,13,positive,3,27761,ENSG00000055483,USP36,0.03693548111577304
3,13,positive,4,12191,ENSG00000122641,INHBA,0.03453539853833226
3,13,positive,5,17672,ENSG00000148677,ANKRD1,0.034354262029563466
3,13,positive,6,20093,ENSG00000258325,RP4-816N1.6,0.03253083251534633
3,13,positive,7,16515,ENSG00000186130,ZBTB6,0.03237465918135771
3,13,positive,8,20574,ENSG00000139211,AMIGO2,0.032297550520742735
3,13,positive,9,5433,ENSG00000134107,BHLHE40,0.03198626381910342
3,13,positive,10,4415,ENSG00000144233,AMMECR1L,0.031959224843050284
3,13,positive,11,2211,ENSG00000143217,PVRL4,0.03132556449041229
3,13,positive,12,19714,ENSG00000150782,IL18,0.030406197264372947
3,13,positive,13,23126,ENSG00000100601,ALKBH1,0.029941149133868163
3,13,positive,14,3727,ENSG00000170802,FOXN2,0.02966297427378027
3,13,positive,15,28210,ENSG00000141441,GAREM,0.029255705262025148
3,13,positive,16,31110,ENSG00000204611,ZNF616,0.029013670490172977
3,13,positive,17,14610,ENSG00000120875,DUSP4,0.028049837771681192
3,13,positive,18,12061,ENSG00000253552,HOXA-AS2,0.02787191820942515
3,13,positive,19,25627,ENSG00000102901,CENPT,0.027844817874623572
3,13,positive,20,1381,ENSG00000117525,F3,0.027836791405907845
3,13,positive,21,31642,ENSG00000099949,LZTR1,0.027594187283208057
3,13,positive,22,20588,ENSG00000111424,VDR,0.027323194316093966
3,13,positive,23,24955,ENSG00000091262,ABCC6,0.02713292395142837
3,13,positive,24,31420,ENSG00000129824,RPS4Y1,0.02703979468804919
3,13,positive,25,21352,ENSG00000013503,POLR3B,0.02702330867070802
3,13,positive,26,6684,ENSG00000198829,SUCNR1,0.026942571409231172
3,13,positive,27,15804,ENSG00000147894,C9orf72,0.0267357287544798
3,13,positive,28,28071,ENSG00000101624,CEP76,0.02660540571640472
3,13,positive,29,7694,ENSG00000163739,CXCL1,0.026557782090086333
3,13,positive,30,13414,ENSG00000157625,TAB3,0.02653662781544633
3,13,positive,31,31758,ENSG00000260065,CTA-445C9.15,0.0262879844173449
3,13,positive,32,9051,ENSG00000164331,ANKRA2,0.02628357214627537
3,13,positive,33,13623,ENSG00000270189,RP11-258C19.7,0.02625989726231964
3,13,positive,34,7798,ENSG00000163623,NKX6-1,0.026218280130425514
3,13,positive,35,15801,ENSG00000120162,MOB3B,0.0260967786474037
3,13,positive,36,12477,ENSG00000224046,AC005076.5,0.025955629153508592
3,13,positive,37,5745,ENSG00000160746,ANO10,0.025950054653631826
3,13,positive,38,22292,ENSG00000134899,ERCC5,0.025917758717794174
3,13,positive,39,32417,ENSG00000159082,SYNJ1,0.025865259854940318
3,13,positive,40,15660,ENSG00000205808,PPAPDC2,0.025699677827859077
3,13,positive,41,8139,ENSG00000196951,RP11-425I13.3,0.02558709500096765
3,13,positive,42,5203,ENSG00000115009,CCL20,0.025467802157030556
3,13,positive,43,28680,ENSG00000125845,BMP2,0.02540755013409537
3,13,positive,44,24840,ENSG00000184857,TMEM186,0.025359608698018576
3,13,positive,45,31351,ENSG00000152439,ZNF773,0.025239214617172347
3,13,positive,46,1618,ENSG00000134259,NGF,0.025127401527551108
3,13,positive,47,13046,ENSG00000159763,PIP,0.024757848536482687
3,13,positive,48,2669,ENSG00000170498,KISS1,0.024417558892146373
3,13,positive,49,21314,ENSG00000139352,ASCL1,0.02428106392798261
3,13,positive,50,8649,ENSG00000169862,CTNND2,0.0242469023871663
3,14,negative,1,5484,ENSG00000163704,PRRT3,-0.03533689820432717
3,14,negative,2,27807,ENSG00000226137,BAIAP2-AS1,-0.03339063212655038
3,14,negative,3,26027,ENSG00000258839,MC1R,-0.033234848394967646
3,14,negative,4,21601,ENSG00000184445,KNTC1,-0.03263045556256176
3,14,negative,5,30076,ENSG00000074855,ANO8,-0.03225708505228901
3,14,negative,6,691,ENSG00000225828,FAM229A,-0.03221179623696985
3,14,negative,7,12147,ENSG00000271122,RP11-379H18.1,-0.03193629191696076
3,14,negative,8,5072,ENSG00000115461,IGFBP5,-0.031859858019477445
3,14,negative,9,6390,ENSG00000239523,MYLK-AS1,-0.030376286633082297
3,14,negative,10,29318,ENSG00000101188,NTSR1,-0.030111928599285857
3,14,negative,11,4413,ENSG00000270081,RP5-935K16.1,-0.029943174740645666
3,14,negative,12,29418,ENSG00000099864,PALM,-0.029592244207587746
3,14,negative,13,18427,ENSG00000268403,AC132192.1,-0.029197983854939883
3,14,negative,14,27324,ENSG00000154920,EME1,-0.02908743318724295
3,14,negative,15,5096,ENSG00000018280,SLC11A1,-0.029016118093671633
3,14,negative,16,26167,ENSG00000244184,RP11-314A20.2,-0.028562691472598038
3,14,negative,17,5258,ENSG00000182600,C2orf82,-0.02850844680246885
3,14,negative,18,1537,ENSG00000224699,LAMTOR5-AS1,-0.02816095120882133
3,14,negative,19,29641,ENSG00000087903,RFX2,-0.028140251985040835
3,14,negative,20,29441,ENSG00000064687,ABCA7,-0.028078394277408346
3,14,negative,21,23718,ENSG00000137825,ITPKA,-0.027757539124666407
3,14,negative,22,7135,ENSG00000185621,LMLN,-0.027567742948093783
3,14,negative,23,22640,ENSG00000129521,EGLN3,-0.027457356200400563
3,14,negative,24,2085,ENSG00000183856,IQGAP3,-0.027415760158192425
3,14,negative,25,23919,ENSG00000181827,RFX7,-0.02674807928619142
3,14,negative,26,21617,ENSG00000051825,MPHOSPH9,-0.026664919178637624
3,14,negative,27,10334,ENSG00000137198,GMPR,-0.026547049467626517
3,14,negative,28,10888,ENSG00000171467,ZNF318,-0.026344486888527932
3,14,negative,29,11638,ENSG00000146426,TIAM2,-0.02631177761378199
3,14,negative,30,17419,ENSG00000165730,STOX1,-0.026297146596321274
3,14,negative,31,4101,ENSG00000174501,ANKRD36C,-0.026180598513148915
3,14,negative,32,6455,ENSG00000114656,KIAA1257,-0.0255021300570093
3,14,negative,33,15711,ENSG00000107186,MPDZ,-0.02536482790116635
3,14,negative,34,13563,ENSG00000049769,PPP1R3F,-0.025349272922549175
3,14,negative,35,17645,ENSG00000138134,STAMBPL1,-0.024955193489860802
3,14,negative,36,28071,ENSG00000101624,CEP76,-0.02495057839054229
3,14,negative,37,17248,ENSG00000107551,RASSF4,-0.024909628458658475
3,14,negative,38,20657,ENSG00000186666,BCDIN3D,-0.02474525739897984
3,14,negative,39,5457,ENSG00000196220,SRGAP3,-0.02470591793771028
3,14,negative,40,15509,ENSG00000167656,LY6D,-0.024641827916050917
3,14,negative,41,9253,ENSG00000058729,RIOK2,-0.02458072732106679
3,14,negative,42,9196,ENSG00000176055,MBLAC2,-0.02448577705047669
3,14,negative,43,30908,ENSG00000088002,SULT2B1,-0.024471346966197648
3,14,negative,44,6468,ENSG00000206417,H1FX-AS1,-0.02429719285682648
3,14,negative,45,16717,ENSG00000198870,C9orf96,-0.02420559975846788
3,14,negative,46,31186,ENSG00000268816,CTD-3093M3.1,-0.024111618898886515
3,14,negative,47,488,ENSG00000007968,E2F2,-0.02409691584139884
3,14,negative,48,16467,ENSG00000136861,CDK5RAP2,-0.024011427729695167
3,14,negative,49,4656,ENSG00000073737,DHRS9,-0.023937862490242684
3,14,negative,50,759,ENSG00000116883,RP11-268J15.5,-0.02361619379806974
3,14,positive,1,17672,ENSG00000148677,ANKRD1,0.04771373434847448
3,14,positive,2,7734,ENSG00000169248,CXCL11,0.043692707929211566
3,14,positive,3,7658,ENSG00000181617,FDCSP,0.04025758772555013
3,14,positive,4,23813,ENSG00000166920,C15orf48,0.03830283438826593
3,14,positive,5,7697,ENSG00000163735,CXCL5,0.03727394614024087
3,14,positive,6,26978,ENSG00000212901,KRTAP3-1,0.03596263196032034
3,14,positive,7,7586,ENSG00000171476,HOPX,0.03330584674070027
3,14,positive,8,18704,ENSG00000187479,C11orf96,0.03297254987864644
3,14,positive,9,8452,ENSG00000154556,SORBS2,0.03289689254624128
3,14,positive,10,27027,ENSG00000186832,KRT16,0.030484989573453528
3,14,positive,11,7169,ENSG00000159674,SPON2,0.030331877391406647
3,14,positive,12,21428,ENSG00000111252,SH2B3,0.029126662114051977
3,14,positive,13,30891,ENSG00000268001,CTC-241F20.3,0.02893630773782833
3,14,positive,14,25474,ENSG00000205358,MT1H,0.02875554493045768
3,14,positive,15,19059,ENSG00000133321,RARRES3,0.028349649322538414
3,14,positive,16,21010,ENSG00000256268,RP11-221N13.3,0.02832452421826369
3,14,positive,17,22493,ENSG00000155465,SLC7A7,0.028290085310633265
3,14,positive,18,29026,ENSG00000204103,MAFB,0.02797707988565438
3,14,positive,19,7694,ENSG00000163739,CXCL1,0.027709830367513
3,14,positive,20,27054,ENSG00000126561,STAT5A,0.02768081604227521
3,14,positive,21,1600,ENSG00000118655,DCLRE1B,0.027659639744176668
3,14,positive,22,30281,ENSG00000166289,PLEKHF1,0.027619402384444564
3,14,positive,23,18523,ENSG00000173432,SAA1,0.02749257885195055
3,14,positive,24,31919,ENSG00000128284,APOL3,0.0274263280628308
3,14,positive,25,7699,ENSG00000081041,CXCL2,0.02722393832737219
3,14,positive,26,13715,ENSG00000169562,GJB1,0.027128099080139932
3,14,positive,27,17072,ENSG00000180592,SKIDA1,0.027116101037687596
3,14,positive,28,9259,ENSG00000174136,RGMB,0.027020177968266966
3,14,positive,29,17764,ENSG00000155265,GOLGA7B,0.02685970628039873
3,14,positive,30,6267,ENSG00000114529,C3orf52,0.026441848812721158
3,14,positive,31,27571,ENSG00000154265,ABCA5,0.026351337462779727
3,14,positive,32,31949,ENSG00000128340,RAC2,0.026322164176559127
3,14,positive,33,2173,ENSG00000224259,LINC01133,0.025000748891924742
3,14,positive,34,20470,ENSG00000087494,PTHLH,0.02499294284179545
3,14,positive,35,31000,ENSG00000104951,IL4I1,0.0249705186738828
3,14,positive,36,20929,ENSG00000139269,INHBE,0.02461992253195618
3,14,positive,37,8904,ENSG00000227908,CTD-2031P19.3,0.024617227149474726
3,14,positive,38,29231,ENSG00000087510,TFAP2C,0.0246018183564757
3,14,positive,39,11431,ENSG00000118523,CTGF,0.024530271724772713
3,14,positive,40,17652,ENSG00000119922,IFIT2,0.02444478927650861
3,14,positive,41,17889,ENSG00000148841,ITPRIP,0.02419550709762141
3,14,positive,42,25279,ENSG00000140691,ARMC5,0.024154989751964142
3,14,positive,43,10303,ENSG00000078401,EDN1,0.024103669491088695
3,14,positive,44,12670,ENSG00000106404,CLDN15,0.024023150572126513
3,14,positive,45,9067,ENSG00000198780,FAM169A,0.023790885761694015
3,14,positive,46,10364,ENSG00000272168,CASC15,0.023757555115590388
3,14,positive,47,1984,ENSG00000273026,RP11-422P24.10,0.023714498217368585
3,14,positive,48,5326,ENSG00000132326,PER2,0.023704551821135067
3,14,positive,49,7691,ENSG00000169429,IL8,0.023645591942314144
3,14,positive,50,22673,ENSG00000136327,NKX2-8,0.023512629022612044
3,15,negative,1,11429,ENSG00000197594,ENPP1,-0.03608223945461217
3,15,negative,2,11953,ENSG00000006468,ETV1,-0.033075948454962256
3,15,negative,3,25908,ENSG00000154102,C16orf74,-0.031959532286091615
3,15,negative,4,22193,ENSG00000184564,SLITRK6,-0.030596340281387347
3,15,negative,5,1500,ENSG00000162650,ATXN7L2,-0.030355510876445446
3,15,negative,6,16341,ENSG00000165029,ABCA1,-0.030058882652671655
3,15,negative,7,19629,ENSG00000196611,MMP1,-0.02866328819922516
3,15,negative,8,28142,ENSG00000053747,LAMA3,-0.027704747821843224
3,15,negative,9,23444,ENSG00000179627,ZBTB42,-0.027602589810005823
3,15,negative,10,3998,ENSG00000270696,RP11-342K6.1,-0.027448579550670888
3,15,negative,11,31817,ENSG00000128342,LIF,-0.02743363461908232
3,15,negative,12,7312,ENSG00000002587,HS3ST1,-0.027319043060626578
3,15,negative,13,4185,ENSG00000115602,IL1RL1,-0.027116857450866654
3,15,negative,14,23080,ENSG00000170345,FOS,-0.026977020146731888
3,15,negative,15,1062,ENSG00000248835,AL357673.1,-0.026531442215459156
3,15,negative,16,17911,ENSG00000138166,DUSP5,-0.026400177667600565
3,15,negative,17,5287,ENSG00000188042,ARL4C,-0.026318241478126867
3,15,negative,18,17672,ENSG00000148677,ANKRD1,-0.0262816234530467
3,15,negative,19,21116,ENSG00000179941,BBS10,-0.02620227760022962
3,15,negative,20,16595,ENSG00000148346,LCN2,-0.026055705099434102
3,15,negative,21,18591,ENSG00000245573,BDNF-AS,-0.025938812163955837
3,15,negative,22,29780,ENSG00000127452,FBXL12,-0.02592298293345108
3,15,negative,23,12216,ENSG00000122678,POLM,-0.025826283129880074
3,15,negative,24,16791,ENSG00000165716,FAM69B,-0.025620730607286837
3,15,negative,25,32654,ENSG00000197381,ADARB1,-0.025427266008073768
3,15,negative,26,9635,ENSG00000113119,TMCO6,-0.025171372506207244
3,15,negative,27,2283,ENSG00000188859,FAM78B,-0.024949138229919572
3,15,negative,28,163,ENSG00000069424,KCNAB2,-0.024873559432254225
3,15,negative,29,3586,ENSG00000152689,RASGRP3,-0.024773651207827752
3,15,negative,30,11225,ENSG00000123552,USP45,-0.024657655095029738
3,15,negative,31,30309,ENSG00000267213,AC007773.2,-0.02458711596771432
3,15,negative,32,28467,ENSG00000176225,RTTN,-0.024461554771255806
3,15,negative,33,1439,ENSG00000269175,AC093157.1,-0.02439475426668097
3,15,negative,34,24431,ENSG00000184056,VPS33B,-0.024156000638590813
3,15,negative,35,6115,ENSG00000172986,GXYLT2,-0.02403828835367773
3,15,negative,36,13412,ENSG00000198814,GK,-0.02400812743634401
3,15,negative,37,7765,ENSG00000163297,ANTXR2,-0.023966724608384546
3,15,negative,38,30139,ENSG00000167487,KLHL26,-0.023897039895579186
3,15,negative,39,13009,ENSG00000240889,NDUFB2-AS1,-0.023895351793943257
3,15,negative,40,31583,ENSG00000260924,AC004463.6,-0.023856168441235972
3,15,negative,41,8885,ENSG00000164283,ESM1,-0.023821638054745357
3,15,negative,42,17540,ENSG00000156113,KCNMA1,-0.023805116327415478
3,15,negative,43,15434,ENSG00000129295,LRRC6,-0.023524077807281506
3,15,negative,44,5948,ENSG00000164086,DUSP7,-0.023392456480689633
3,15,negative,45,28432,ENSG00000197632,SERPINB2,-0.023217624805217645
3,15,negative,46,21993,ENSG00000179630,LACC1,-0.023165626129093675
3,15,negative,47,628,ENSG00000159023,EPB41,-0.023153896107450177
3,15,negative,48,16073,ENSG00000119138,KLF9,-0.023045527694086815
3,15,negative,49,11669,ENSG00000203711,C6orf99,-0.02293001637824409
3,15,negative,50,26797,ENSG00000266947,RP11-799D4.4,-0.022917651071654662
3,15,positive,1,20352,ENSG00000139055,ERP27,0.046850982505682086
3,15,positive,2,17655,ENSG00000185745,IFIT1,0.03817930784855897
3,15,positive,3,17071,ENSG00000204682,CASC10,0.033670281114723866
3,15,positive,4,18595,ENSG00000121621,KIF18A,0.03347161365654791
3,15,positive,5,7734,ENSG00000169248,CXCL11,0.03330411023039675
3,15,positive,6,11117,ENSG00000112742,TTK,0.03239535092652986
3,15,positive,7,13632,ENSG00000184083,FAM120C,0.03210644211264555
3,15,positive,8,17652,ENSG00000119922,IFIT2,0.03158271855965683
3,15,positive,9,7733,ENSG00000169245,CXCL10,0.03116501983799474
3,15,positive,10,4314,ENSG00000136689,IL1RN,0.030735077632590067
3,15,positive,11,30090,ENSG00000130304,SLC27A1,0.030593463900767417
3,15,positive,12,5072,ENSG00000115461,IGFBP5,0.030375564188242176
3,15,positive,13,29735,ENSG00000167772,ANGPTL4,0.030144425668358985
3,15,positive,14,13665,ENSG00000198205,ZXDA,0.029954611845975247
3,15,positive,15,19211,ENSG00000255468,RP11-867G23.8,0.02967489105616252
3,15,positive,16,13666,ENSG00000186767,SPIN4,0.029573180543508833
3,15,positive,17,30825,ENSG00000188293,IGFL1,0.029524902038434386
3,15,positive,18,7082,ENSG00000145113,MUC4,0.029029397476745166
3,15,positive,19,6841,ENSG00000121858,TNFSF10,0.02878826989615564
3,15,positive,20,12015,ENSG00000136244,IL6,0.028480182079671096
3,15,positive,21,20620,ENSG00000272822,RP11-302B13.5,0.028261874751574875
3,15,positive,22,27022,ENSG00000171346,KRT15,0.028084164185797376
3,15,positive,23,23816,ENSG00000104154,SLC30A4,0.028012196623654676
3,15,positive,24,21805,ENSG00000165480,SKA3,0.027455931506059194
3,15,positive,25,20194,ENSG00000159403,C1R,0.027354018985186242
3,15,positive,26,20771,ENSG00000270175,RP11-793H13.11,0.02713448197068633
3,15,positive,27,19631,ENSG00000137745,MMP13,0.02706283221451371
3,15,positive,28,13116,ENSG00000127399,LRRC61,0.026988172845745687
3,15,positive,29,711,ENSG00000116525,TRIM62,0.026982153382601577
3,15,positive,30,19695,ENSG00000204381,LAYN,0.026722180536506473
3,15,positive,31,18711,ENSG00000085117,CD82,0.02620273384600233
3,15,positive,32,8824,ENSG00000250722,SEPP1,0.026153624589551665
3,15,positive,33,7658,ENSG00000181617,FDCSP,0.026037454406512825
3,15,positive,34,18649,ENSG00000135363,LMO2,0.025965547705306534
3,15,positive,35,6298,ENSG00000178075,GRAMD1C,0.025855176881018526
3,15,positive,36,3331,ENSG00000243819,RN7SL832P,0.025821252923745933
3,15,positive,37,30945,ENSG00000225950,NTF4,0.025811907241899714
3,15,positive,38,24839,ENSG00000183044,ABAT,0.02577827449237313
3,15,positive,39,13921,ENSG00000133136,GNG5P2,0.025158759246124283
3,15,positive,40,17568,ENSG00000244733,RP11-506M13.3,0.02504842356038789
3,15,positive,41,16178,ENSG00000187764,SEMA4D,0.024875614970874947
3,15,positive,42,2777,ENSG00000117650,NEK2,0.02467150865439996
3,15,positive,43,1807,ENSG00000264207,RP11-196G18.23,0.024285056592378597
3,15,positive,44,19377,ENSG00000171631,P2RY6,0.024185524082155515
3,15,positive,45,12526,ENSG00000205413,SAMD9,0.024067406201556975
3,15,positive,46,17687,ENSG00000138160,KIF11,0.02404440235184816
3,15,positive,47,7545,ENSG00000184178,SCFD2,0.023930042507184328
3,15,positive,48,24336,ENSG00000176371,ZSCAN2,0.023893334302034334
3,15,positive,49,10493,ENSG00000235109,ZSCAN31,0.02378046504603948
3,15,positive,50,17653,ENSG00000119917,IFIT3,0.02376961390081658
3,16,negative,1,335,ENSG00000197312,DDI2,-0.03922492472627179
3,16,negative,2,5763,ENSG00000169981,ZNF35,-0.03671065447127432
3,16,negative,3,20729,ENSG00000205420,KRT6A,-0.03250250559431385
3,16,negative,4,11247,ENSG00000057657,PRDM1,-0.03220281527655257
3,16,negative,5,18276,ENSG00000132109,TRIM21,-0.03154969859697663
3,16,negative,6,1476,ENSG00000162636,FAM102B,-0.030419963048280034
3,16,negative,7,12208,ENSG00000062582,MRPS24,-0.02993305122466942
3,16,negative,8,25473,ENSG00000125144,MT1G,-0.02988874347386089
3,16,negative,9,25107,ENSG00000077238,IL4R,-0.02956493118671838
3,16,negative,10,8509,ENSG00000063438,AHRR,-0.029403760409161848
3,16,negative,11,13789,ENSG00000165259,HDX,-0.028987474959970096
3,16,negative,12,4181,ENSG00000115590,IL1R2,-0.0289739850429192
3,16,negative,13,30821,ENSG00000204866,IGFL2,-0.028328343240801933
3,16,negative,14,27966,ENSG00000262001,DLGAP1-AS2,-0.027953587442354922
3,16,negative,15,23142,ENSG00000211448,DIO2,-0.027951214061138697
3,16,negative,16,6576,ENSG00000155893,ACPL2,-0.027668614943676118
3,16,negative,17,25896,ENSG00000103196,CRISPLD2,-0.02744341553699226
3,16,negative,18,19608,ENSG00000165895,ARHGAP42,-0.027399487583006046
3,16,negative,19,5526,ENSG00000163517,HDAC11,-0.027310410204081235
3,16,negative,20,14334,ENSG00000164825,DEFB1,-0.02729066547359198
3,16,negative,21,7019,ENSG00000163347,CLDN1,-0.027158260258535107
3,16,negative,22,33,ENSG00000187634,SAMD11,-0.027051738312269254
3,16,negative,23,5164,ENSG00000116106,EPHA4,-0.02668559969710707
3,16,negative,24,27172,ENSG00000267121,CTD-2020K17.1,-0.02638452014402978
3,16,negative,25,6198,ENSG00000168386,FILIP1L,-0.026359497517667013
3,16,negative,26,866,ENSG00000228192,RP11-342M1.3,-0.026332610077263882
3,16,negative,27,16372,ENSG00000095203,EPB41L4B,-0.02631278937355567
3,16,negative,28,18505,ENSG00000260196,RP1-239B22.5,-0.02627469589269944
3,16,negative,29,4817,ENSG00000237877,AC097500.2,-0.026128556505570735
3,16,negative,30,31367,ENSG00000083828,ZNF586,-0.025903158163559703
3,16,negative,31,22325,ENSG00000255874,LINC00346,-0.025274386198368193
3,16,negative,32,16536,ENSG00000185585,OLFML2A,-0.024971822542280482
3,16,negative,33,32019,ENSG00000100311,PDGFB,-0.02486228412395986
3,16,negative,34,7698,ENSG00000163734,CXCL3,-0.024842414988377793
3,16,negative,35,13118,ENSG00000106538,RARRES2,-0.024533863032515334
3,16,negative,36,18522,ENSG00000134339,SAA2,-0.02430890216578351
3,16,negative,37,13650,ENSG00000247746,USP51,-0.024264299331958505
3,16,negative,38,11189,ENSG00000112182,BACH2,-0.02425991952510254
3,16,negative,39,12912,ENSG00000128510,CPA4,-0.023924603799867366
3,16,negative,40,16368,ENSG00000119328,FAM206A,-0.023906854391711682
3,16,negative,41,16309,ENSG00000119509,INVS,-0.02390313704508626
3,16,negative,42,30719,ENSG00000267058,RP11-15A1.3,-0.023840646815850106
3,16,negative,43,17495,ENSG00000166348,USP54,-0.023728608555881162
3,16,negative,44,30416,ENSG00000267796,LIN37,-0.023636032062899808
3,16,negative,45,17839,ENSG00000198728,LDB1,-0.0234091959874059
3,16,negative,46,14508,ENSG00000168453,HR,-0.02317481226181257
3,16,negative,47,26076,ENSG00000167703,SLC43A2,-0.023014638048777278
3,16,negative,48,19287,ENSG00000069482,GAL,-0.022900608440951757
3,16,negative,49,6447,ENSG00000179348,GATA2,-0.022893876394992678
3,16,negative,50,14677,ENSG00000156675,RAB11FIP1,-0.022833919511935717
3,16,positive,1,19926,ENSG00000250073,RP11-677M14.3,0.039735993166518865
3,16,positive,2,11354,ENSG00000196911,KPNA5,0.03936462583801075
3,16,positive,3,6037,ENSG00000168306,ACOX2,0.0352244787242105
3,16,positive,4,654,ENSG00000121769,FABP3,0.03227207073183213
3,16,positive,5,14554,ENSG00000159167,STC1,0.03160335927775578
3,16,positive,6,23019,ENSG00000165861,ZFYVE1,0.031345671760178724
3,16,positive,7,25870,ENSG00000103150,MLYCD,0.03079157100582261
3,16,positive,8,27026,ENSG00000186847,KRT14,0.030252870522981822
3,16,positive,9,17436,ENSG00000197467,COL13A1,0.02987897168446248
3,16,positive,10,17256,ENSG00000165406,MARCH8,0.029802649341140738
3,16,positive,11,25192,ENSG00000149922,TBX6,0.029483429802162165
3,16,positive,12,28422,ENSG00000171791,BCL2,0.02930530461034894
3,16,positive,13,97,ENSG00000178821,TMEM52,0.02911125528400475
3,16,positive,14,31631,ENSG00000099910,KLHL22,0.028924154582541856
3,16,positive,15,30918,ENSG00000176909,MAMSTR,0.028676116977224057
3,16,positive,16,15708,ENSG00000107165,TYRP1,0.02826617446151975
3,16,positive,17,16416,ENSG00000148225,WDR31,0.028098377308920678
3,16,positive,18,12477,ENSG00000224046,AC005076.5,0.028081227443196768
3,16,positive,19,24728,ENSG00000172382,PRSS27,0.027540994983906626
3,16,positive,20,1075,ENSG00000162396,PARS2,0.027458840791691287
3,16,positive,21,27852,ENSG00000183979,NPB,0.027456993033455734
3,16,positive,22,8160,ENSG00000109458,GAB1,0.027288436874129327
3,16,positive,23,23,ENSG00000237491,RP11-206L10.9,0.027264992898778127
3,16,positive,24,23998,ENSG00000259248,USP3-AS1,0.02653407923404529
3,16,positive,25,30139,ENSG00000167487,KLHL26,0.026393085342356345
3,16,positive,26,13563,ENSG00000049769,PPP1R3F,0.026344247235869266
3,16,positive,27,512,ENSG00000001460,STPG1,0.02610668900132126
3,16,positive,28,32524,ENSG00000272991,AF129408.17,0.026029618063238887
3,16,positive,29,6969,ENSG00000244405,ETV5,0.02577954667685666
3,16,positive,30,19971,ENSG00000150455,TIRAP,0.025636985173032614
3,16,positive,31,1466,ENSG00000162631,NTNG1,0.025610616034805134
3,16,positive,32,12197,ENSG00000136197,C7orf25,0.025591527030763807
3,16,positive,33,17416,ENSG00000122912,SLC25A16,0.02555538048131615
3,16,positive,34,2547,ENSG00000272579,RP11-101E13.5,0.025416431491689588
3,16,positive,35,24299,ENSG00000188659,FAM154B,0.02526993303342929
3,16,positive,36,18711,ENSG00000085117,CD82,0.025204212087899386
3,16,positive,37,11953,ENSG00000006468,ETV1,0.025117838118781124
3,16,positive,38,1154,ENSG00000203965,EFCAB7,0.02501424377916716
3,16,positive,39,19476,ENSG00000118369,USP35,0.024761059971565653
3,16,positive,40,31253,ENSG00000095752,IL11,0.02471869462513327
3,16,positive,41,172,ENSG00000158292,GPR153,0.024640729916731344
3,16,positive,42,31593,ENSG00000093009,CDC45,0.02461940504422241
3,16,positive,43,24418,ENSG00000259736,RP11-387D10.2,0.024534358468202525
3,16,positive,44,21797,ENSG00000165475,CRYL1,0.02448696544737075
3,16,positive,45,22458,ENSG00000165795,NDRG2,0.024456962257248256
3,16,positive,46,21163,ENSG00000179104,TMTC2,0.024325928369628137
3,16,positive,47,10877,ENSG00000137171,KLC4,0.024322970148289883
3,16,positive,48,2717,ENSG00000136653,RASSF5,0.02409796186433482
3,16,positive,49,27068,ENSG00000184451,CCR10,0.024034580601450934
3,16,positive,50,16831,ENSG00000184709,LRRC26,0.024030672931838547
3,17,negative,1,816,ENSG00000116990,MYCL,-0.037589114403039504
3,17,negative,2,19382,ENSG00000054965,FAM168A,-0.03463105543711751
3,17,negative,3,6732,ENSG00000197415,VEPH1,-0.03432632896681217
3,17,negative,4,10312,ENSG00000124523,SIRT5,-0.031815354643345076
3,17,negative,5,5123,ENSG00000272644,RP11-33O4.1,-0.03139479299759305
3,17,negative,6,4833,ENSG00000204262,COL5A2,-0.03075390890876837
3,17,negative,7,24696,ENSG00000182685,BRICD5,-0.030434066897924678
3,17,negative,8,24383,ENSG00000261441,RP11-217B1.2,-0.030323292471485526
3,17,negative,9,12006,ENSG00000105866,SP4,-0.030037180579332495
3,17,negative,10,24983,ENSG00000170537,TMC7,-0.029723498555117155
3,17,negative,11,20861,ENSG00000185664,PMEL,-0.029399596161921917
3,17,negative,12,9812,ENSG00000211445,GPX3,-0.02901081893001473
3,17,negative,13,19613,ENSG00000110318,KIAA1377,-0.02824397913339473
3,17,negative,14,7571,ENSG00000109255,NMU,-0.0281284454829821
3,17,negative,15,15247,ENSG00000164932,CTHRC1,-0.026700461812537962
3,17,negative,16,18006,ENSG00000226864,ATE1-AS1,-0.0266344059019764
3,17,negative,17,17373,ENSG00000151150,ANK3,-0.026269792853553964
3,17,negative,18,2252,ENSG00000239887,C1orf226,-0.025987498736784763
3,17,negative,19,30438,ENSG00000161277,THAP8,-0.0258276915767461
3,17,negative,20,5715,ENSG00000182606,TRAK1,-0.025477078608144566
3,17,negative,21,3412,ENSG00000143878,RHOB,-0.025359516399394513
3,17,negative,22,33,ENSG00000187634,SAMD11,-0.025290769730124424
3,17,negative,23,17958,ENSG00000165868,HSPA12A,-0.025271576208665793
3,17,negative,24,14916,ENSG00000169085,C8orf46,-0.025067241358557098
3,17,negative,25,30561,ENSG00000130755,GMFG,-0.024827761313181006
3,17,negative,26,24061,ENSG00000259673,IQCH-AS1,-0.024793571330778724
3,17,negative,27,17797,ENSG00000099194,SCD,-0.024484011534440304
3,17,negative,28,10259,ENSG00000188428,BLOC1S5,-0.024470166381066163
3,17,negative,29,9097,ENSG00000250802,ZBED3-AS1,-0.024455926324711698
3,17,negative,30,25511,ENSG00000102996,MMP15,-0.02433669559767517
3,17,negative,31,30036,ENSG00000127528,KLF2,-0.02408560320360834
3,17,negative,32,3281,ENSG00000151692,RNF144A,-0.024068728114023302
3,17,negative,33,8182,ENSG00000151611,MMAA,-0.02402847860912257
3,17,negative,34,15489,ENSG00000184489,PTP4A3,-0.023985687737792825
3,17,negative,35,13159,ENSG00000239911,PRKAG2-AS1,-0.023922498336038097
3,17,negative,36,23731,ENSG00000137877,SPTBN5,-0.0238930443902493
3,17,negative,37,24763,ENSG00000085644,ZNF213,-0.023835699196183422
3,17,negative,38,26378,ENSG00000273290,CTC-297N7.8,-0.02381223437521242
3,17,negative,39,19654,ENSG00000261098,RP11-819C21.1,-0.023721258617026654
3,17,negative,40,30670,ENSG00000204957,AC006486.1,-0.023634879255991486
3,17,negative,41,21076,ENSG00000127324,TSPAN8,-0.02362952258351691
3,17,negative,42,30462,ENSG00000197808,ZNF461,-0.02362037270062118
3,17,negative,43,21325,ENSG00000257327,RP11-650K20.3,-0.02347496406810201
3,17,negative,44,30647,ENSG00000105388,CEACAM5,-0.0233945395817804
3,17,negative,45,5669,ENSG00000270194,RP11-259K5.2,-0.023287485636007344
3,17,negative,46,15813,ENSG00000241043,GVQW1,-0.023170908181253353
3,17,negative,47,12696,ENSG00000222011,FAM185A,-0.023083730465005208
3,17,negative,48,16846,ENSG00000198113,TOR4A,-0.02293815739893806
3,17,negative,49,276,ENSG00000028137,TNFRSF1B,-0.0229107940256148
3,17,negative,50,30407,ENSG00000226510,UPK1A-AS1,-0.022907940142144433
3,17,positive,1,4576,ENSG00000153234,NR4A2,0.038414431489795335
3,17,positive,2,25473,ENSG00000125144,MT1G,0.03679238746748289
3,17,positive,3,11237,ENSG00000085382,HACE1,0.034651360984883126
3,17,positive,4,13850,ENSG00000158301,GPRASP2,0.032911326262896654
3,17,positive,5,26315,ENSG00000179111,HES7,0.031577836287691556
3,17,positive,6,25474,ENSG00000205358,MT1H,0.03127839224525032
3,17,positive,7,7691,ENSG00000169429,IL8,0.030856083258836542
3,17,positive,8,14554,ENSG00000159167,STC1,0.03069948542585681
3,17,positive,9,15739,ENSG00000147874,HAUS6,0.029985663489144058
3,17,positive,10,19743,ENSG00000166741,NNMT,0.029576289583315724
3,17,positive,11,32542,ENSG00000183486,MX2,0.029020853360925955
3,17,positive,12,1943,ENSG00000163216,SPRR2D,0.028731200673665542
3,17,positive,13,31770,ENSG00000233521,RP5-1172A22.1,0.02871905417035994
3,17,positive,14,29735,ENSG00000167772,ANGPTL4,0.02859484777936306
3,17,positive,15,30823,ENSG00000268621,AC006262.5,0.028450604375530583
3,17,positive,16,20619,ENSG00000172602,RND1,0.028405210887579888
3,17,positive,17,26481,ENSG00000108551,RASD1,0.027981273580280797
3,17,positive,18,28992,ENSG00000101353,MROH8,0.027955569473075082
3,17,positive,19,898,ENSG00000196517,SLC6A9,0.02702382192498677
3,17,positive,20,10952,ENSG00000153294,GPR115,0.026829388976094732
3,17,positive,21,23962,ENSG00000069667,RORA,0.026783183619391634
3,17,positive,22,10464,ENSG00000096654,ZNF184,0.02613974036160868
3,17,positive,23,18999,ENSG00000269089,AP003733.1,0.026011262294043918
3,17,positive,24,31782,ENSG00000100154,TTC28,0.02594962732704236
3,17,positive,25,26284,ENSG00000161956,SENP3,0.025895470902608922
3,17,positive,26,15777,ENSG00000147883,CDKN2B,0.025825883066203318
3,17,positive,27,20083,ENSG00000151065,DCP1B,0.025748821886437463
3,17,positive,28,29401,ENSG00000099866,MADCAM1,0.025522351581546768
3,17,positive,29,18988,ENSG00000134780,DAGLA,0.02531800704198661
3,17,positive,30,32607,ENSG00000160223,ICOSLG,0.025306115224181063
3,17,positive,31,378,ENSG00000238142,RP11-108M9.4,0.025046159546064574
3,17,positive,32,28882,ENSG00000101337,TM9SF4,0.025001061574798186
3,17,positive,33,30795,ENSG00000267757,C19orf83,0.024983115018335087
3,17,positive,34,28316,ENSG00000172361,CCDC11,0.024802596008033098
3,17,positive,35,9382,ENSG00000145779,TNFAIP8,0.024695094148719177
3,17,positive,36,26956,ENSG00000266088,RP5-1028K7.2,0.024659461942714407
3,17,positive,37,12665,ENSG00000128564,VGF,0.02464491231039877
3,17,positive,38,845,ENSG00000204060,FOXO6,0.024457579078748258
3,17,positive,39,16213,ENSG00000127084,FGD3,0.024352929112155454
3,17,positive,40,31826,ENSG00000099999,RNF215,0.02429324005785095
3,17,positive,41,6037,ENSG00000168306,ACOX2,0.024217587348618716
3,17,positive,42,6403,ENSG00000221955,SLC12A8,0.024121668119806157
3,17,positive,43,3036,ENSG00000238005,RP11-443B7.1,0.02394810818195618
3,17,positive,44,24165,ENSG00000140465,CYP1A1,0.023939599517983155
3,17,positive,45,3963,ENSG00000159239,C2orf81,0.02387925364641997
3,17,positive,46,8753,ENSG00000272323,CTD-2517O10.6,0.023692221847128967
3,17,positive,47,29886,ENSG00000196466,ZNF799,0.023550629591668027
3,17,positive,48,3460,ENSG00000271936,RP11-443B20.1,0.0234700200465536
3,17,positive,49,21899,ENSG00000132952,USPL1,0.023465386394214343
3,17,positive,50,4954,ENSG00000138439,FAM117B,0.023429576489493318
3,18,negative,1,20351,ENSG00000111341,MGP,-0.03803411521464836
3,18,negative,2,23942,ENSG00000245975,RP11-30K9.6,-0.030790213199129085
3,18,negative,3,4055,ENSG00000273080,RP11-301O19.1,-0.03022190423042814
3,18,negative,4,13305,ENSG00000235385,GS1-600G8.5,-0.03016413307191032
3,18,negative,5,19596,ENSG00000184384,MAML2,-0.029832692480555634
3,18,negative,6,24195,ENSG00000173548,SNX33,-0.029255937455756584
3,18,negative,7,4469,ENSG00000150551,LYPD1,-0.02793537026809434
3,18,negative,8,29346,ENSG00000101210,EEF1A2,-0.0275716945289119
3,18,negative,9,18999,ENSG00000269089,AP003733.1,-0.02756846605525382
3,18,negative,10,26824,ENSG00000161570,CCL5,-0.027392188736908053
3,18,negative,11,8503,ENSG00000153404,PLEKHG4B,-0.027386560234737654
3,18,negative,12,6934,ENSG00000272721,RP11-778D9.12,-0.027222558876605785
3,18,negative,13,5231,ENSG00000156966,B3GNT7,-0.027008391831929074
3,18,negative,14,19033,ENSG00000168000,BSCL2,-0.02670629627481906
3,18,negative,15,1642,ENSG00000134258,VTCN1,-0.026680165780951996
3,18,negative,16,27785,ENSG00000141519,CCDC40,-0.026582330617323353
3,18,negative,17,10473,ENSG00000233822,HIST1H2BN,-0.026331844054776475
3,18,negative,18,27668,ENSG00000177728,KIAA0195,-0.02630769439872093
3,18,negative,19,14178,ENSG00000147381,MAGEA4,-0.026114740870194955
3,18,negative,20,30821,ENSG00000204866,IGFL2,-0.026104136371792427
3,18,negative,21,23451,ENSG00000185567,AHNAK2,-0.026096814571252312
3,18,negative,22,8974,ENSG00000269961,CTD-2033C11.1,-0.02604940315933515
3,18,negative,23,17496,ENSG00000268584,RP11-464F9.20,-0.025942971445229078
3,18,negative,24,11803,ENSG00000177706,FAM20C,-0.025917283848731945
3,18,negative,25,18544,ENSG00000166833,NAV2,-0.025860844388679253
3,18,negative,26,25223,ENSG00000235560,AC002310.12,-0.02575799565761179
3,18,negative,27,25976,ENSG00000260630,SNAI3-AS1,-0.025570879392808468
3,18,negative,28,16448,ENSG00000182752,PAPPA,-0.02519213578039578
3,18,negative,29,15501,ENSG00000160886,LY6K,-0.024943139686097935
3,18,negative,30,27907,ENSG00000175711,B3GNTL1,-0.02492190842133274
3,18,negative,31,10180,ENSG00000054598,FOXC1,-0.024910367902683885
3,18,negative,32,4971,ENSG00000118257,NRP2,-0.0248721387499758
3,18,negative,33,16838,ENSG00000212864,RNF208,-0.024802885781816743
3,18,negative,34,16019,ENSG00000170161,RP11-262H14.4,-0.02480275851448497
3,18,negative,35,3449,ENSG00000176732,PFN4,-0.024665336529519834
3,18,negative,36,847,ENSG00000127129,EDN2,-0.024596657011807428
3,18,negative,37,8224,ENSG00000164142,FAM160A1,-0.024537141138326776
3,18,negative,38,11666,ENSG00000164674,SYTL3,-0.02419776979372214
3,18,negative,39,21612,ENSG00000150967,ABCB9,-0.024164792885643143
3,18,negative,40,31866,ENSG00000100150,DEPDC5,-0.02411715165536007
3,18,negative,41,20415,ENSG00000134532,SOX5,-0.02411237616568762
3,18,negative,42,10355,ENSG00000172201,ID4,-0.024031792292708454
3,18,negative,43,9717,ENSG00000113578,FGF1,-0.02400229103842653
3,18,negative,44,23582,ENSG00000169926,KLF13,-0.023952127313895462
3,18,negative,45,29728,ENSG00000090661,CERS4,-0.023951792828233776
3,18,negative,46,30179,ENSG00000105708,ZNF14,-0.02391971527099983
3,18,negative,47,13586,ENSG00000171365,CLCN5,-0.023897733275202317
3,18,negative,48,27026,ENSG00000186847,KRT14,-0.023892966483052124
3,18,negative,49,6002,ENSG00000114251,WNT5A,-0.023829072101207653
3,18,negative,50,30204,ENSG00000182141,ZNF708,-0.02381958276389345
3,18,positive,1,7691,ENSG00000169429,IL8,0.04185761139978188
3,18,positive,2,18522,ENSG00000134339,SAA2,0.0394755663608083
3,18,positive,3,18523,ENSG00000173432,SAA1,0.03815454485903488
3,18,positive,4,24103,ENSG00000137821,LRRC49,0.03471816843287987
3,18,positive,5,23694,ENSG00000051180,RAD51,0.03372677349464669
3,18,positive,6,12795,ENSG00000105976,MET,0.033221772122795985
3,18,positive,7,10305,ENSG00000112137,PHACTR1,0.032812827194403225
3,18,positive,8,18158,ENSG00000174915,PTDSS2,0.03215296580865711
3,18,positive,9,29793,ENSG00000244165,P2RY11,0.03171456000748357
3,18,positive,10,30989,ENSG00000010361,FUZ,0.03062098977634098
3,18,positive,11,10586,ENSG00000204536,CCHCR1,0.030566602788672872
3,18,positive,12,5563,ENSG00000131378,RFTN1,0.030125603012533753
3,18,positive,13,13478,ENSG00000147050,KDM6A,0.029576134620809387
3,18,positive,14,21187,ENSG00000139318,DUSP6,0.029458475100717495
3,18,positive,15,8258,ENSG00000171557,FGG,0.029209933909441946
3,18,positive,16,2646,ENSG00000163485,ADORA1,0.02897297200448764
3,18,positive,17,30128,ENSG00000105656,ELL,0.02889534108944816
3,18,positive,18,12015,ENSG00000136244,IL6,0.02877478473169615
3,18,positive,19,16696,ENSG00000107290,SETX,0.027997003329435048
3,18,positive,20,25726,ENSG00000040199,PHLPP2,0.027933739396428292
3,18,positive,21,26737,ENSG00000108651,UTP6,0.027925089642957587
3,18,positive,22,30767,ENSG00000170684,ZNF296,0.027694666035587092
3,18,positive,23,12498,ENSG00000164647,STEAP1,0.027266306494526174
3,18,positive,24,23928,ENSG00000128849,CGNL1,0.027113960332706716
3,18,positive,25,22053,ENSG00000136169,SETDB2,0.027096917322462978
3,18,positive,26,23080,ENSG00000170345,FOS,0.02650210800170406
3,18,positive,27,1501,ENSG00000174151,CYB561D1,0.026130090053799973
3,18,positive,28,16087,ENSG00000165092,ALDH1A1,0.025889896139969056
3,18,positive,29,10432,ENSG00000124575,HIST1H1D,0.025736026332231685
3,18,positive,30,10506,ENSG00000227214,HCG15,0.0254203541886224
3,18,positive,31,12957,ENSG00000272941,RP11-134L10.1,0.02519443901551257
3,18,positive,32,6805,ENSG00000184378,ACTRT3,0.02517029842664314
3,18,positive,33,6923,ENSG00000163872,YEATS2,0.025030609225100704
3,18,positive,34,15616,ENSG00000197363,ZNF517,0.02483890229819182
3,18,positive,35,16200,ENSG00000090054,SPTLC1,0.02482722046747862
3,18,positive,36,10836,ENSG00000112559,MDFI,0.024788175275741852
3,18,positive,37,5886,ENSG00000176095,IP6K1,0.024783784512701516
3,18,positive,38,7698,ENSG00000163734,CXCL3,0.024771294461625234
3,18,positive,39,21567,ENSG00000135114,OASL,0.02474828493019549
3,18,positive,40,30201,ENSG00000118620,ZNF430,0.024734630948223663
3,18,positive,41,8810,ENSG00000113638,TTC33,0.024699627405893394
3,18,positive,42,5718,ENSG00000114812,VIPR1,0.024520850347144532
3,18,positive,43,12511,ENSG00000127989,MTERF,0.02451236032103669
3,18,positive,44,20150,ENSG00000139192,TAPBPL,0.024180374578337722
3,18,positive,45,7230,ENSG00000163132,MSX1,0.024147798954044335
3,18,positive,46,32528,ENSG00000157578,LCA5L,0.024074146885538977
3,18,positive,47,20922,ENSG00000185633,NDUFA4L2,0.02405159931226179
3,18,positive,48,1381,ENSG00000117525,F3,0.02393570305035029
3,18,positive,49,32580,ENSG00000160200,CBS,0.02386043276975996
3,18,positive,50,17030,ENSG00000148481,FAM188A,0.023814821090799992
3,19,negative,1,1258,ENSG00000162614,NEXN,-0.03568050029177623
3,19,negative,2,16536,ENSG00000185585,OLFML2A,-0.035199384397715215
3,19,negative,3,6975,ENSG00000213139,CRYGS,-0.032199885087187644
3,19,negative,4,16589,ENSG00000148339,SLC25A25,-0.031060459292297688
3,19,negative,5,5888,ENSG00000185614,FAM212A,-0.03073567751318092
3,19,negative,6,10042,ENSG00000146083,RNF44,-0.030535233318240568
3,19,negative,7,25450,ENSG00000198848,CES1,-0.03035404152621813
3,19,negative,8,4941,ENSG00000003393,ALS2,-0.02999066287097841
3,19,negative,9,11576,ENSG00000111961,SASH1,-0.02998440487252182
3,19,negative,10,25473,ENSG00000125144,MT1G,-0.02989668676518171
3,19,negative,11,31204,ENSG00000226696,LENG8-AS1,-0.029216822261361748
3,19,negative,12,30281,ENSG00000166289,PLEKHF1,-0.02868164464859509
3,19,negative,13,18021,ENSG00000196177,ACADSB,-0.028190585282325636
3,19,negative,14,22838,ENSG00000139946,PELI2,-0.027884589950093235
3,19,negative,15,2230,ENSG00000158887,MPZ,-0.02769631486960989
3,19,negative,16,16439,ENSG00000181634,TNFSF15,-0.026556958294132488
3,19,negative,17,26202,ENSG00000261879,RP11-333E1.1,-0.02653610296339292
3,19,negative,18,25523,ENSG00000103037,SETD6,-0.02638336219836091
3,19,negative,19,163,ENSG00000069424,KCNAB2,-0.026275507958048786
3,19,negative,20,3318,ENSG00000172059,KLF11,-0.025873556932917735
3,19,negative,21,22640,ENSG00000129521,EGLN3,-0.025832889515799585
3,19,negative,22,29886,ENSG00000196466,ZNF799,-0.02567209980237649
3,19,negative,23,19125,ENSG00000168062,BATF2,-0.025554034775782122
3,19,negative,24,19298,ENSG00000162341,TPCN2,-0.02551413500853335
3,19,negative,25,27617,ENSG00000246731,CTD-2514K5.2,-0.025357071079017253
3,19,negative,26,23110,ENSG00000198894,CIPC,-0.025337939587878923
3,19,negative,27,2671,ENSG00000143850,PLEKHA6,-0.025195220648472492
3,19,negative,28,10863,ENSG00000112624,GLTSCR1L,-0.025182291011659894
3,19,negative,29,15720,ENSG00000175893,ZDHHC21,-0.025152698651877067
3,19,negative,30,30663,ENSG00000028277,POU2F2,-0.025085607364148818
3,19,negative,31,30823,ENSG00000268621,AC006262.5,-0.02492314443098674
3,19,negative,32,30984,ENSG00000224420,ADM5,-0.02491671705759945
3,19,negative,33,25474,ENSG00000205358,MT1H,-0.024892833064946426
3,19,negative,34,21426,ENSG00000198324,FAM109A,-0.024765223589437835
3,19,negative,35,7184,ENSG00000068078,FGFR3,-0.02472293881567747
3,19,negative,36,6969,ENSG00000244405,ETV5,-0.02451029128582726
3,19,negative,37,11237,ENSG00000085382,HACE1,-0.02446653977724007
3,19,negative,38,2861,ENSG00000143507,DUSP10,-0.024331996514222232
3,19,negative,39,32481,ENSG00000273199,AP000692.10,-0.0242119903360383
3,19,negative,40,7674,ENSG00000156136,DCK,-0.024171111602412306
3,19,negative,41,31999,ENSG00000100226,GTPBP1,-0.02415746327547818
3,19,negative,42,22376,ENSG00000185989,RASA3,-0.023963334730571082
3,19,negative,43,15500,ENSG00000167653,PSCA,-0.023642379221534497
3,19,negative,44,31671,ENSG00000100038,TOP3B,-0.02358875715103869
3,19,negative,45,32654,ENSG00000197381,ADARB1,-0.023578650504548368
3,19,negative,46,25126,ENSG00000176476,CCDC101,-0.023476414072546213
3,19,negative,47,30469,ENSG00000197863,ZNF790,-0.023416505141446987
3,19,negative,48,3553,ENSG00000115295,CLIP4,-0.023397464335168715
3,19,negative,49,13204,ENSG00000130675,MNX1,-0.02338362488502367
3,19,negative,50,5761,ENSG00000186448,ZNF197,-0.023312877514328978
3,19,positive,1,30649,ENSG00000086548,CEACAM6,0.04452193676611667
3,19,positive,2,18522,ENSG00000134339,SAA2,0.043701249042032694
3,19,positive,3,30647,ENSG00000105388,CEACAM5,0.04183583307048147
3,19,positive,4,7734,ENSG00000169248,CXCL11,0.03922523553576132
3,19,positive,5,5203,ENSG00000115009,CCL20,0.03573351003192476
3,19,positive,6,19236,ENSG00000173237,C11orf86,0.03424453341620669
3,19,positive,7,29009,ENSG00000129988,LBP,0.03401266009900377
3,19,positive,8,23812,ENSG00000171763,SPATA5L1,0.03291978706832035
3,19,positive,9,1339,ENSG00000272931,RP5-943J3.2,0.03243343077944726
3,19,positive,10,18523,ENSG00000173432,SAA1,0.0324024636114641
3,19,positive,11,18359,ENSG00000110169,HPX,0.032109926193195
3,19,positive,12,7649,ENSG00000173597,SULT1B1,0.0314986838724191
3,19,positive,13,12060,ENSG00000105997,HOXA3,0.031176332539717924
3,19,positive,14,2560,ENSG00000244414,CFHR1,0.029346207436115945
3,19,positive,15,7733,ENSG00000169245,CXCL10,0.028853930929376964
3,19,positive,16,9203,ENSG00000248323,LUCAT1,0.02836319661309631
3,19,positive,17,24461,ENSG00000140563,MCTP2,0.027814493970866633
3,19,positive,18,648,ENSG00000162512,SDC3,0.02767214723858278
3,19,positive,19,12191,ENSG00000122641,INHBA,0.027173901796930647
3,19,positive,20,14640,ENSG00000157168,NRG1,0.02713493117145432
3,19,positive,21,9623,ENSG00000113070,HBEGF,0.02694492443205582
3,19,positive,22,25220,ENSG00000169955,ZNF747,0.026238563363654044
3,19,positive,23,26669,ENSG00000167536,DHRS13,0.025962560501480287
3,19,positive,24,1524,ENSG00000258634,RP4-773N10.4,0.025850545322121752
3,19,positive,25,22895,ENSG00000027075,PRKCH,0.025845093205542628
3,19,positive,26,17619,ENSG00000148671,ADIRF,0.025303368921950984
3,19,positive,27,7637,ENSG00000196620,UGT2B15,0.025164967347106604
3,19,positive,28,24877,ENSG00000185338,SOCS1,0.025152606794059566
3,19,positive,29,17734,ENSG00000155629,PIK3AP1,0.02510380453000504
3,19,positive,30,19237,ENSG00000173227,SYT12,0.025098610515264626
3,19,positive,31,26774,ENSG00000108691,CCL2,0.02505503918399504
3,19,positive,32,1686,ENSG00000234978,RP11-423O2.5,0.024628113540195798
3,19,positive,33,9343,ENSG00000152503,TRIM36,0.02436533519755743
3,19,positive,34,2226,ENSG00000158874,APOA2,0.02432787298072542
3,19,positive,35,17248,ENSG00000107551,RASSF4,0.02425086820904265
3,19,positive,36,834,ENSG00000117016,RIMS3,0.024149161840071615
3,19,positive,37,18896,ENSG00000110031,LPXN,0.024128916663731476
3,19,positive,38,17385,ENSG00000182010,RTKN2,0.02400426891844577
3,19,positive,39,31329,ENSG00000204524,ZNF805,0.023982728815068802
3,19,positive,40,5835,ENSG00000114268,PFKFB4,0.023902716910545078
3,19,positive,41,1423,ENSG00000156876,SASS6,0.023570843426804215
3,19,positive,42,30173,ENSG00000105717,PBX4,0.02355308986643535
3,19,positive,43,24994,ENSG00000103534,TMC5,0.023537037200749553
3,19,positive,44,31952,ENSG00000166897,ELFN2,0.023502615335851598
3,19,positive,45,4075,ENSG00000163586,FABP1,0.023459783640329527
3,19,positive,46,13052,ENSG00000178826,TMEM139,0.023368643550611672
3,19,positive,47,14516,ENSG00000197181,PIWIL2,0.023358586772421894
3,19,positive,48,6258,ENSG00000153283,CD96,0.023289818782522523
3,19,positive,49,4579,ENSG00000136542,GALNT5,0.023183459156571752
3,19,positive,50,22325,ENSG00000255874,LINC00346,0.023143030292196304
3,20,negative,1,33,ENSG00000187634,SAMD11,-0.03874854077949334
3,20,negative,2,25242,ENSG00000150281,CTF1,-0.03759804682720064
3,20,negative,3,22440,ENSG00000214274,ANG,-0.032762528557903424
3,20,negative,4,28960,ENSG00000061656,SPAG4,-0.03257896367446145
3,20,negative,5,18067,ENSG00000132334,PTPRE,-0.031384492516413176
3,20,negative,6,24707,ENSG00000167972,ABCA3,-0.02981038920520532
3,20,negative,7,5876,ENSG00000145029,NICN1,-0.029493312879370674
3,20,negative,8,21012,ENSG00000149948,HMGA2,-0.02882570054249806
3,20,negative,9,29956,ENSG00000132000,PODNL1,-0.028708752696904788
3,20,negative,10,5906,ENSG00000186792,HYAL3,-0.028606340044885638
3,20,negative,11,611,ENSG00000270605,RP5-1092A3.4,-0.02855108946278122
3,20,negative,12,20015,ENSG00000254842,RP11-890B15.2,-0.02787235766124663
3,20,negative,13,12878,ENSG00000273270,RP11-212P7.2,-0.02740568406068822
3,20,negative,14,7521,ENSG00000163293,NIPAL1,-0.026902329914144107
3,20,negative,15,15846,ENSG00000186638,KIF24,-0.02682791780234616
3,20,negative,16,16815,ENSG00000169583,CLIC3,-0.026805009214424594
3,20,negative,17,5840,ENSG00000225697,SLC26A6,-0.02667947650096476
3,20,negative,18,16660,ENSG00000148344,PTGES,-0.02659466782072379
3,20,negative,19,20283,ENSG00000060140,STYK1,-0.0265531978611131
3,20,negative,20,23400,ENSG00000185215,TNFAIP2,-0.0265265027588685
3,20,negative,21,26788,ENSG00000092871,RFFL,-0.026470772609609557
3,20,negative,22,19382,ENSG00000054965,FAM168A,-0.026466323260482313
3,20,negative,23,499,ENSG00000179163,FUCA1,-0.026086320194347135
3,20,negative,24,10905,ENSG00000112715,VEGFA,-0.025772452508302145
3,20,negative,25,16909,ENSG00000231298,LINC00704,-0.025762219523808094
3,20,negative,26,11708,ENSG00000270419,CAHM,-0.025481521209033745
3,20,negative,27,16341,ENSG00000165029,ABCA1,-0.025403792391901357
3,20,negative,28,6439,ENSG00000074416,MGLL,-0.025399686500930583
3,20,negative,29,2514,ENSG00000073756,PTGS2,-0.02522936994136312
3,20,negative,30,8240,ENSG00000268471,MIR4453,-0.025164719711544166
3,20,negative,31,24144,ENSG00000129038,LOXL1,-0.025049024180937726
3,20,negative,32,27697,ENSG00000167880,EVPL,-0.024683812294977577
3,20,negative,33,13856,ENSG00000133169,BEX1,-0.024644115988010095
3,20,negative,34,1838,ENSG00000143382,ADAMTSL4,-0.02454244111418929
3,20,negative,35,66,ENSG00000162576,MXRA8,-0.02453107753974745
3,20,negative,36,29970,ENSG00000072071,LPHN1,-0.024507511545836816
3,20,negative,37,30605,ENSG00000160460,SPTBN4,-0.02441719929515137
3,20,negative,38,170,ENSG00000225077,LINC00337,-0.024409219511531827
3,20,negative,39,28009,ENSG00000265962,RP11-674N23.1,-0.02427140409326361
3,20,negative,40,21174,ENSG00000133636,NTS,-0.024159429884490876
3,20,negative,41,29952,ENSG00000267519,MIR24-2,-0.024143247046814493
3,20,negative,42,7516,ENSG00000145246,ATP10D,-0.024118962605968183
3,20,negative,43,30697,ENSG00000124466,LYPD3,-0.024110740547693327
3,20,negative,44,25489,ENSG00000102934,PLLP,-0.023958675174754893
3,20,negative,45,16077,ENSG00000135048,TMEM2,-0.023949437952575054
3,20,negative,46,6260,ENSG00000177494,ZBED2,-0.023878483635581916
3,20,negative,47,29069,ENSG00000064205,WISP2,-0.023770198519063476
3,20,negative,48,6802,ENSG00000085276,MECOM,-0.023611147092025095
3,20,negative,49,3906,ENSG00000163235,TGFA,-0.02358223326547212
3,20,negative,50,30112,ENSG00000105647,PIK3R2,-0.02355878471913221
3,20,positive,1,22537,ENSG00000100867,DHRS2,0.05749895577537272
3,20,positive,2,7733,ENSG00000169245,CXCL10,0.051090234714607254
3,20,positive,3,19703,ENSG00000109846,CRYAB,0.038945824333219685
3,20,positive,4,27020,ENSG00000171401,KRT13,0.038903150646025474
3,20,positive,5,26985,ENSG00000212724,KRTAP2-3,0.03352305970966027
3,20,positive,6,26774,ENSG00000108691,CCL2,0.03237717564491226
3,20,positive,7,9785,ENSG00000183111,ARHGEF37,0.031962998625232386
3,20,positive,8,7734,ENSG00000169248,CXCL11,0.0316492763339159
3,20,positive,9,20922,ENSG00000185633,NDUFA4L2,0.031241170767963573
3,20,positive,10,6198,ENSG00000168386,FILIP1L,0.030342212220610596
3,20,positive,11,19622,ENSG00000137673,MMP7,0.030184824455765452
3,20,positive,12,5848,ENSG00000178537,SLC25A20,0.029928117160558272
3,20,positive,13,1521,ENSG00000184371,CSF1,0.029736153950765332
3,20,positive,14,31407,ENSG00000249471,ZNF324B,0.02939196658261412
3,20,positive,15,21231,ENSG00000120833,SOCS2,0.029389425153000918
3,20,positive,16,21935,ENSG00000133083,DCLK1,0.029169070452334026
3,20,positive,17,12002,ENSG00000105855,ITGB8,0.02905095254317776
3,20,positive,18,32417,ENSG00000159082,SYNJ1,0.02899801648936742
3,20,positive,19,10843,ENSG00000124593,PRICKLE4,0.02891069789097781
3,20,positive,20,10303,ENSG00000078401,EDN1,0.028653329284892212
3,20,positive,21,6726,ENSG00000197980,LEKR1,0.028355239609678277
3,20,positive,22,20657,ENSG00000186666,BCDIN3D,0.02801603535697841
3,20,positive,23,9333,ENSG00000171444,MCC,0.027379333318446494
3,20,positive,24,898,ENSG00000196517,SLC6A9,0.027294537840930954
3,20,positive,25,6917,ENSG00000078081,LAMP3,0.02726099590251496
3,20,positive,26,31409,ENSG00000083838,ZNF446,0.02710756921652281
3,20,positive,27,21604,ENSG00000182782,HCAR2,0.02697525262375305
3,20,positive,28,14582,ENSG00000104228,TRIM35,0.0269735286475009
3,20,positive,29,3202,ENSG00000185220,PGBD2,0.02658246004845498
3,20,positive,30,28981,ENSG00000118707,TGIF2,0.026482408279391516
3,20,positive,31,25005,ENSG00000167191,GPRC5B,0.026205951040154607
3,20,positive,32,1910,ENSG00000143631,FLG,0.026149593969689126
3,20,positive,33,7768,ENSG00000138675,FGF5,0.026000539698970218
3,20,positive,34,1807,ENSG00000264207,RP11-196G18.23,0.025548993797487467
3,20,positive,35,1467,ENSG00000134215,VAV3,0.025273497059156377
3,20,positive,36,4499,ENSG00000144228,SPOPL,0.025266093572733694
3,20,positive,37,12956,ENSG00000146859,TMEM140,0.02509172681688061
3,20,positive,38,4356,ENSG00000115107,STEAP3,0.02494735211195994
3,20,positive,39,3875,ENSG00000169621,APLF,0.024831820920446723
3,20,positive,40,19329,ENSG00000162105,SHANK2,0.024750311222435078
3,20,positive,41,21985,ENSG00000133106,EPSTI1,0.02473703880931464
3,20,positive,42,11947,ENSG00000006747,SCIN,0.024459709556962046
3,20,positive,43,9259,ENSG00000174136,RGMB,0.02440574455494097
3,20,positive,44,4662,ENSG00000138399,FASTKD1,0.02425112456532152
3,20,positive,45,20704,ENSG00000135503,ACVR1B,0.024212138770834248
3,20,positive,46,1709,ENSG00000168614,NBPF9,0.023994826463313197
3,20,positive,47,4495,ENSG00000150540,HNMT,0.023800507139649377
3,20,positive,48,13631,ENSG00000172943,PHF8,0.023720818237084523
3,20,positive,49,3986,ENSG00000159399,HK2,0.023708313829392473
3,20,positive,50,26611,ENSG00000168961,LGALS9,0.023624135091739714
4,1,negative,1,15155,ENSG00000164938,TP53INP1,-0.02766014267411686
4,1,negative,2,12956,ENSG00000146859,TMEM140,-0.02745870741257759
4,1,negative,3,962,ENSG00000162366,PDZK1IP1,-0.025607884421419494
4,1,negative,4,1264,ENSG00000137959,IFI44L,-0.024318314233969074
4,1,negative,5,3279,ENSG00000134321,RSAD2,-0.0236449907454666
4,1,negative,6,22222,ENSG00000080166,DCT,-0.023298238991493258
4,1,negative,7,28335,ENSG00000101751,POLI,-0.02292820633675324
4,1,negative,8,28937,ENSG00000078804,TP53INP2,-0.02283623941386867
4,1,negative,9,33,ENSG00000187634,SAMD11,-0.022830606335541584
4,1,negative,10,1331,ENSG00000162654,GBP4,-0.022709705222507266
4,1,negative,11,15509,ENSG00000167656,LY6D,-0.021974662155460248
4,1,negative,12,10422,ENSG00000158373,HIST1H2BD,-0.021720216847010802
4,1,negative,13,23148,ENSG00000140022,STON2,-0.021694069006348654
4,1,negative,14,12393,ENSG00000225969,LINC00035,-0.021670813812462063
4,1,negative,15,4635,ENSG00000115339,GALNT3,-0.021372758481135137
4,1,negative,16,22074,ENSG00000102796,DHRS12,-0.02128083726399054
4,1,negative,17,6391,ENSG00000065534,MYLK,-0.021093199455588
4,1,negative,18,20895,ENSG00000170581,STAT2,-0.020750895856035824
4,1,negative,19,1329,ENSG00000162645,GBP2,-0.020312926563377798
4,1,negative,20,17652,ENSG00000119922,IFIT2,-0.02022706740552891
4,1,negative,21,10420,ENSG00000180573,HIST1H2AC,-0.02020310954733135
4,1,negative,22,15134,ENSG00000164953,TMEM67,-0.02010361174868313
4,1,negative,23,6996,ENSG00000136514,RTP4,-0.020022183227557038
4,1,negative,24,26608,ENSG00000141068,KSR1,-0.019993995203193574
4,1,negative,25,17249,ENSG00000165507,C10orf10,-0.01999209921480207
4,1,negative,26,12438,ENSG00000135205,CCDC146,-0.019914475924969144
4,1,negative,27,29068,ENSG00000244558,RP11-445H22.4,-0.019769496312395014
4,1,negative,28,5889,ENSG00000182179,UBA7,-0.019679247423886912
4,1,negative,29,16536,ENSG00000185585,OLFML2A,-0.019594081350995197
4,1,negative,30,5828,ENSG00000164050,PLXNB1,-0.019440630378455743
4,1,negative,31,12492,ENSG00000127954,STEAP4,-0.0193344188922573
4,1,negative,32,10439,ENSG00000158406,HIST1H4H,-0.01932437313073409
4,1,negative,33,8358,ENSG00000164106,SCRG1,-0.019219743633344943
4,1,negative,34,8824,ENSG00000250722,SEPP1,-0.019148503223999032
4,1,negative,35,15178,ENSG00000132561,MATN2,-0.01913494531734109
4,1,negative,36,1798,ENSG00000229801,RP11-353N4.1,-0.018975125505808228
4,1,negative,37,31855,ENSG00000100100,PIK3IP1,-0.018898283004057402
4,1,negative,38,17325,ENSG00000138294,MSMB,-0.018872607332467685
4,1,negative,39,26824,ENSG00000161570,CCL5,-0.01884598592662252
4,1,negative,40,10305,ENSG00000112137,PHACTR1,-0.01869516434135377
4,1,negative,41,13769,ENSG00000165240,ATP7A,-0.018612629752626435
4,1,negative,42,1815,ENSG00000184678,HIST2H2BE,-0.018596225605232167
4,1,negative,43,6922,ENSG00000114796,KLHL24,-0.018595737538932136
4,1,negative,44,18144,ENSG00000185201,IFITM2,-0.018568049885776275
4,1,negative,45,1494,ENSG00000143126,CELSR2,-0.018536578313931667
4,1,negative,46,22640,ENSG00000129521,EGLN3,-0.018259547418976042
4,1,negative,47,19777,ENSG00000149577,SIDT2,-0.018211818937698892
4,1,negative,48,23806,ENSG00000138606,SHF,-0.01820507096004412
4,1,negative,49,13107,ENSG00000106479,ZNF862,-0.018200162956814567
4,1,negative,50,17742,ENSG00000165879,FRAT1,-0.018182132604106446
4,1,positive,1,4305,ENSG00000169607,CKAP2L,0.04432366580488338
4,1,positive,2,29968,ENSG00000105011,ASF1B,0.04413476165045586
4,1,positive,3,27063,ENSG00000131470,PSMC3IP,0.04315066782489438
4,1,positive,4,25907,ENSG00000131153,GINS2,0.04267336109258722
4,1,positive,5,5279,ENSG00000123485,HJURP,0.03833239836836308
4,1,positive,6,21187,ENSG00000139318,DUSP6,0.038296471861527605
4,1,positive,7,3323,ENSG00000171848,RRM2,0.03783641266301117
4,1,positive,8,26947,ENSG00000094804,CDC6,0.037545725307193537
4,1,positive,9,26953,ENSG00000131747,TOP2A,0.03713973298603409
4,1,positive,10,28918,ENSG00000101412,E2F1,0.03712954406891412
4,1,positive,11,25986,ENSG00000167513,CDT1,0.03710555882502103
4,1,positive,12,14770,ENSG00000104738,MCM4,0.037033000766447145
4,1,positive,13,8967,ENSG00000123219,CENPK,0.03681904981790405
4,1,positive,14,4704,ENSG00000144354,CDCA7,0.03681800308744559
4,1,positive,15,19309,ENSG00000110092,CCND1,0.03666524250976376
4,1,positive,16,2783,ENSG00000143476,DTL,0.03636870114923851
4,1,positive,17,18907,ENSG00000189057,FAM111B,0.036255139090032765
4,1,positive,18,26322,ENSG00000178999,AURKB,0.03603931054645924
4,1,positive,19,29587,ENSG00000167670,CHAF1A,0.03593362212776014
4,1,positive,20,23923,ENSG00000138587,MNS1,0.0358535765424172
4,1,positive,21,4113,ENSG00000121152,NCAPH,0.03559616901423982
4,1,positive,22,13166,ENSG00000196584,XRCC2,0.03538636578470138
4,1,positive,23,29110,ENSG00000175063,UBE2C,0.03515291257966603
4,1,positive,24,19182,ENSG00000175592,FOSL1,0.034935728777039904
4,1,positive,25,21805,ENSG00000165480,SKA3,0.03489402146293504
4,1,positive,26,4653,ENSG00000152253,SPC25,0.034799656813161904
4,1,positive,27,8433,ENSG00000151725,CENPU,0.03449937723167141
4,1,positive,28,13535,ENSG00000101945,SUV39H1,0.03446643058303253
4,1,positive,29,19131,ENSG00000146670,CDCA5,0.03418790322766235
4,1,positive,30,2588,ENSG00000118193,KIF14,0.03415231246002125
4,1,positive,31,24742,ENSG00000127564,PKMYT1,0.03393930792149937
4,1,positive,32,31593,ENSG00000093009,CDC45,0.03369932824204232
4,1,positive,33,3488,ENSG00000115163,CENPA,0.03322045134429598
4,1,positive,34,16997,ENSG00000065328,MCM10,0.0328507164432139
4,1,positive,35,744,ENSG00000092853,CLSPN,0.032572163351137814
4,1,positive,36,18863,ENSG00000134802,SLC43A3,0.0325511978616719
4,1,positive,37,15890,ENSG00000137135,ARHGEF39,0.03242519098469107
4,1,positive,38,13345,ENSG00000047634,SCML1,0.03242323562786399
4,1,positive,39,13320,ENSG00000181544,FANCB,0.03227225475692113
4,1,positive,40,15354,ENSG00000156802,ATAD2,0.03219253174931357
4,1,positive,41,25334,ENSG00000171241,SHCBP1,0.0321583131477323
4,1,positive,42,15015,ENSG00000164683,HEY1,0.03215691172002669
4,1,positive,43,8248,ENSG00000121211,MND1,0.03214029199181261
4,1,positive,44,8036,ENSG00000145386,CCNA2,0.03195220339665199
4,1,positive,45,29045,ENSG00000101057,MYBL2,0.03189610678504013
4,1,positive,46,24708,ENSG00000162063,CCNF,0.03174846582689245
4,1,positive,47,15604,ENSG00000160957,RECQL4,0.03164474830865157
4,1,positive,48,17376,ENSG00000170312,CDK1,0.03160744390543979
4,1,positive,49,24419,ENSG00000197299,BLM,0.03154327496741415
4,1,positive,50,29018,ENSG00000101447,FAM83D,0.03148186818549884
4,2,negative,1,26014,ENSG00000178773,CPNE7,-0.03222974619951111
4,2,negative,2,19234,ENSG00000173599,PC,-0.030694175397999544
4,2,negative,3,26474,ENSG00000179598,PLD6,-0.030270124905265348
4,2,negative,4,21128,ENSG00000067798,NAV3,-0.02979056640743941
4,2,negative,5,31275,ENSG00000171425,ZNF581,-0.02964823958932094
4,2,negative,6,22834,ENSG00000186615,KTN1-AS1,-0.029352065919773598
4,2,negative,7,20577,ENSG00000258181,RP11-493L12.4,-0.029043555965986716
4,2,negative,8,2656,ENSG00000188783,PRELP,-0.02641619614117944
4,2,negative,9,7071,ENSG00000173950,XXYLT1,-0.02632102133036889
4,2,negative,10,26111,ENSG00000132361,CLUH,-0.02605540978628776
4,2,negative,11,18360,ENSG00000110171,TRIM3,-0.0257455122988327
4,2,negative,12,15141,ENSG00000197275,RAD54B,-0.02565126501272198
4,2,negative,13,23668,ENSG00000104081,BMF,-0.02564573341971497
4,2,negative,14,5192,ENSG00000169047,IRS1,-0.02549307437109912
4,2,negative,15,26867,ENSG00000108264,TADA2A,-0.025404844306938228
4,2,negative,16,28468,ENSG00000170677,SOCS6,-0.025213513664385515
4,2,negative,17,1335,ENSG00000197147,LRRC8B,-0.02481236790521826
4,2,negative,18,6115,ENSG00000172986,GXYLT2,-0.024676399228572888
4,2,negative,19,3461,ENSG00000115137,DNAJC27,-0.024660582154304785
4,2,negative,20,16682,ENSG00000126878,AIF1L,-0.02449381228921098
4,2,negative,21,19040,ENSG00000162227,TAF6L,-0.0243215862654226
4,2,negative,22,13389,ENSG00000067992,PDK3,-0.02427186344364864
4,2,negative,23,30459,ENSG00000233527,AC092295.7,-0.02399101518512486
4,2,negative,24,22823,ENSG00000198554,WDHD1,-0.023972556488939895
4,2,negative,25,14959,ENSG00000178860,MSC,-0.023783867185202645
4,2,negative,26,15708,ENSG00000107165,TYRP1,-0.023755139657785286
4,2,negative,27,18639,ENSG00000110427,KIAA1549L,-0.02368840875155229
4,2,negative,28,6732,ENSG00000197415,VEPH1,-0.023569549889718523
4,2,negative,29,27977,ENSG00000264575,LINC00526,-0.023561325093089343
4,2,negative,30,29970,ENSG00000072071,LPHN1,-0.023036306155191415
4,2,negative,31,9136,ENSG00000247572,CKMT2-AS1,-0.022929739255005466
4,2,negative,32,19146,ENSG00000149798,CDC42EP2,-0.022908453489220132
4,2,negative,33,19211,ENSG00000255468,RP11-867G23.8,-0.02290790405381585
4,2,negative,34,31374,ENSG00000173480,ZNF417,-0.022867064422763962
4,2,negative,35,7705,ENSG00000109321,AREG,-0.022831372313847013
4,2,negative,36,18649,ENSG00000135363,LMO2,-0.02262824388220628
4,2,negative,37,28486,ENSG00000075336,TIMM21,-0.022610030635559504
4,2,negative,38,4955,ENSG00000163596,ICA1L,-0.02260867634166473
4,2,negative,39,30635,ENSG00000077348,EXOSC5,-0.022532016497277815
4,2,negative,40,6476,ENSG00000271270,TMCC1-AS1,-0.022522207591048712
4,2,negative,41,30607,ENSG00000090006,LTBP4,-0.02239224959103035
4,2,negative,42,4307,ENSG00000125538,IL1B,-0.022370239536861167
4,2,negative,43,3763,ENSG00000115355,CCDC88A,-0.02236944114466556
4,2,negative,44,27494,ENSG00000136490,LIMD2,-0.022365214490860118
4,2,negative,45,25703,ENSG00000132613,MTSS1L,-0.022351196262873418
4,2,negative,46,19781,ENSG00000186318,BACE1,-0.022348595460574983
4,2,negative,47,25601,ENSG00000135740,SLC9A5,-0.022278298815504832
4,2,negative,48,23816,ENSG00000104154,SLC30A4,-0.02220346244043525
4,2,negative,49,31585,ENSG00000070371,CLTCL1,-0.022126170441488978
4,2,negative,50,7909,ENSG00000164038,SLC9B2,-0.022091442292902146
4,2,positive,1,29735,ENSG00000167772,ANGPTL4,0.04269864422205143
4,2,positive,2,15509,ENSG00000167656,LY6D,0.03818785862865625
4,2,positive,3,30850,ENSG00000130751,NPAS1,0.034283606290156414
4,2,positive,4,10293,ENSG00000111859,NEDD9,0.03315161352745278
4,2,positive,5,5836,ENSG00000145040,UCN2,0.03300453065582188
4,2,positive,6,31913,ENSG00000198125,MB,0.03199212146407049
4,2,positive,7,32098,ENSG00000128274,A4GALT,0.031989492778395134
4,2,positive,8,15508,ENSG00000180155,LYNX1,0.03174823512814443
4,2,positive,9,29191,ENSG00000101096,NFATC2,0.031033555722225287
4,2,positive,10,9821,ENSG00000086570,FAT2,0.030856719862063803
4,2,positive,11,26611,ENSG00000168961,LGALS9,0.030499387880505362
4,2,positive,12,4477,ENSG00000152128,TMEM163,0.03026403464684762
4,2,positive,13,17458,ENSG00000237512,UNC5B-AS1,0.02997269163214696
4,2,positive,14,9798,ENSG00000019582,CD74,0.0299312295427323
4,2,positive,15,600,ENSG00000130775,THEMIS2,0.029288260465436314
4,2,positive,16,21387,ENSG00000256262,USP30-AS1,0.02925299747847343
4,2,positive,17,17889,ENSG00000148841,ITPRIP,0.029126187663267446
4,2,positive,18,6841,ENSG00000121858,TNFSF10,0.029086432035802846
4,2,positive,19,9706,ENSG00000120318,ARAP3,0.028954588458438724
4,2,positive,20,22306,ENSG00000102524,TNFSF13B,0.028881307448961457
4,2,positive,21,1328,ENSG00000117228,GBP1,0.028856384404790006
4,2,positive,22,2624,ENSG00000163435,ELF3,0.02851440302404928
4,2,positive,23,28512,ENSG00000101493,ZNF516,0.028503647770429144
4,2,positive,24,4049,ENSG00000115525,ST3GAL5,0.027840347750110215
4,2,positive,25,21567,ENSG00000135114,OASL,0.02774418490634994
4,2,positive,26,12492,ENSG00000127954,STEAP4,0.027743608902874316
4,2,positive,27,17417,ENSG00000138336,TET1,0.027602532529037205
4,2,positive,28,4303,ENSG00000144136,SLC20A1,0.02744422043095007
4,2,positive,29,19394,ENSG00000175567,UCP2,0.027432001539462226
4,2,positive,30,26263,ENSG00000213859,KCTD11,0.02730881110810628
4,2,positive,31,20272,ENSG00000245648,RP11-277P12.20,0.027307142364273857
4,2,positive,32,904,ENSG00000126106,TMEM53,0.02724621878864576
4,2,positive,33,24372,ENSG00000172183,ISG20,0.02688973684093372
4,2,positive,34,19060,ENSG00000133328,HRASLS2,0.026853200574354412
4,2,positive,35,18248,ENSG00000254827,SLC22A18AS,0.0267814137959109
4,2,positive,36,12730,ENSG00000228742,RP5-884M6.1,0.02638793975261719
4,2,positive,37,29598,ENSG00000167680,SEMA6B,0.02636628315935495
4,2,positive,38,6402,ENSG00000173706,HEG1,0.02627099837292465
4,2,positive,39,24153,ENSG00000259264,RP11-60L3.1,0.026229375872023394
4,2,positive,40,25786,ENSG00000166822,TMEM170A,0.026001062383608428
4,2,positive,41,16595,ENSG00000148346,LCN2,0.025993263798522466
4,2,positive,42,19309,ENSG00000110092,CCND1,0.02585407640844431
4,2,positive,43,17762,ENSG00000120057,SFRP5,0.02559036386126351
4,2,positive,44,15399,ENSG00000168672,FAM84B,0.025536835944899566
4,2,positive,45,16648,ENSG00000233901,RP11-65J3.1,0.0255215670852758
4,2,positive,46,27027,ENSG00000186832,KRT16,0.02548785238581336
4,2,positive,47,18653,ENSG00000166016,ABTB2,0.025304526832919737
4,2,positive,48,22466,ENSG00000165804,ZNF219,0.025130954791487047
4,2,positive,49,9206,ENSG00000113369,ARRDC3,0.025057266772870776
4,2,positive,50,7956,ENSG00000005059,CCDC109B,0.025014900345868032
4,3,negative,1,18704,ENSG00000187479,C11orf96,-0.032813132816310576
4,3,negative,2,4699,ENSG00000152256,PDK1,-0.032646250471821965
4,3,negative,3,17249,ENSG00000165507,C10orf10,-0.031760512402455046
4,3,negative,4,23595,ENSG00000166922,SCG5,-0.03118521976675506
4,3,negative,5,7822,ENSG00000118785,SPP1,-0.031115481129834918
4,3,negative,6,18588,ENSG00000205213,LGR4,-0.030597182350906
4,3,negative,7,29108,ENSG00000124116,WFDC3,-0.03051346858522907
4,3,negative,8,17761,ENSG00000155256,ZFYVE27,-0.03014356020015835
4,3,negative,9,3491,ENSG00000084764,MAPRE3,-0.029955862351559417
4,3,negative,10,51,ENSG00000186891,TNFRSF18,-0.028819430190704088
4,3,negative,11,4356,ENSG00000115107,STEAP3,-0.02801888224627795
4,3,negative,12,31275,ENSG00000171425,ZNF581,-0.02763816525088754
4,3,negative,13,13937,ENSG00000123496,IL13RA2,-0.027614561459056698
4,3,negative,14,17325,ENSG00000138294,MSMB,-0.027344796220130762
4,3,negative,15,18111,ENSG00000151651,ADAM8,-0.02728028975512093
4,3,negative,16,17495,ENSG00000166348,USP54,-0.027264088986052672
4,3,negative,17,5963,ENSG00000114854,TNNC1,-0.0271821188615947
4,3,negative,18,26076,ENSG00000167703,SLC43A2,-0.02695635142886575
4,3,negative,19,277,ENSG00000048707,VPS13D,-0.02667488359799452
4,3,negative,20,12397,ENSG00000165171,WBSCR27,-0.026273576121556515
4,3,negative,21,7269,ENSG00000170801,HTRA3,-0.026054960456594056
4,3,negative,22,8182,ENSG00000151611,MMAA,-0.026052373156389256
4,3,negative,23,691,ENSG00000225828,FAM229A,-0.026020058683079838
4,3,negative,24,13781,ENSG00000165288,BRWD3,-0.025985843376592935
4,3,negative,25,15500,ENSG00000167653,PSCA,-0.02590240533663083
4,3,negative,26,8773,ENSG00000079215,SLC1A3,-0.025902301808341698
4,3,negative,27,32019,ENSG00000100311,PDGFB,-0.025901246237226914
4,3,negative,28,30882,ENSG00000105499,PLA2G4C,-0.02554450684692812
4,3,negative,29,22317,ENSG00000134871,COL4A2,-0.025509448651926052
4,3,negative,30,1877,ENSG00000143442,POGZ,-0.02542495842321157
4,3,negative,31,15930,ENSG00000147912,FBXO10,-0.02511311534753244
4,3,negative,32,28911,ENSG00000101400,SNTA1,-0.02477679908681553
4,3,negative,33,8768,ENSG00000164187,LMBRD2,-0.024254222596665195
4,3,negative,34,32575,ENSG00000160193,WDR4,-0.024226862024283303
4,3,negative,35,20595,ENSG00000079387,SENP1,-0.0242177236167952
4,3,negative,36,12532,ENSG00000105825,TFPI2,-0.024199135998166296
4,3,negative,37,9063,ENSG00000171617,ENC1,-0.024165553716782466
4,3,negative,38,13128,ENSG00000106560,GIMAP2,-0.024154072762065236
4,3,negative,39,1328,ENSG00000117228,GBP1,-0.024137760190460166
4,3,negative,40,8898,ENSG00000177058,SLC38A9,-0.02413513224702581
4,3,negative,41,32151,ENSG00000197182,FLJ27365,-0.024050978736341055
4,3,negative,42,26102,ENSG00000141258,SGSM2,-0.023833374837879475
4,3,negative,43,17616,ENSG00000107779,BMPR1A,-0.023629554654297297
4,3,negative,44,4415,ENSG00000144233,AMMECR1L,-0.02360080176864305
4,3,negative,45,9588,ENSG00000120738,EGR1,-0.023589144656845654
4,3,negative,46,2764,ENSG00000203706,SERTAD4-AS1,-0.023577728529238264
4,3,negative,47,4532,ENSG00000121989,ACVR2A,-0.0233454914064654
4,3,negative,48,26584,ENSG00000154035,C17orf103,-0.02329948242096802
4,3,negative,49,11109,ENSG00000270362,HMGN3-AS1,-0.02329391294277186
4,3,negative,50,30678,ENSG00000213904,LIPE-AS1,-0.023254167219991486
4,3,positive,1,1960,ENSG00000143556,S100A7,0.05246068232744973
4,3,positive,2,26824,ENSG00000161570,CCL5,0.03521059605369529
4,3,positive,3,4176,ENSG00000175874,CREG2,0.03407992429265786
4,3,positive,4,1830,ENSG00000159208,C1orf51,0.03136900335598199
4,3,positive,5,1957,ENSG00000143546,S100A8,0.03109744198370276
4,3,positive,6,10677,ENSG00000204287,HLA-DRA,0.0303676442048411
4,3,positive,7,27388,ENSG00000263004,RP11-166P13.3,0.029783126029415134
4,3,positive,8,12597,ENSG00000106258,CYP3A5,0.028233562157662654
4,3,positive,9,1946,ENSG00000203785,SPRR2E,0.027400509587624352
4,3,positive,10,30240,ENSG00000196081,ZNF724P,0.027395670424017738
4,3,positive,11,14590,ENSG00000171320,ESCO2,0.027316994505665087
4,3,positive,12,4940,ENSG00000082126,MPP4,0.027303790851973365
4,3,positive,13,3895,ENSG00000179818,PCBP1-AS1,0.027154670586155095
4,3,positive,14,28588,ENSG00000125775,SDCBP2,0.02703819907489945
4,3,positive,15,9095,ENSG00000132846,ZBED3,0.02699446834944866
4,3,positive,16,466,ENSG00000162552,WNT4,0.026770063730226574
4,3,positive,17,5470,ENSG00000156983,BRPF1,0.026573282119375582
4,3,positive,18,1403,ENSG00000117569,PTBP2,0.026436371031670427
4,3,positive,19,29856,ENSG00000198551,ZNF627,0.02637991640676184
4,3,positive,20,18896,ENSG00000110031,LPXN,0.026145698491237056
4,3,positive,21,8638,ENSG00000145491,ROPN1L,0.026077399214018637
4,3,positive,22,17376,ENSG00000170312,CDK1,0.025859487666941013
4,3,positive,23,16575,ENSG00000095370,SH2D3C,0.025616729725425308
4,3,positive,24,18432,ENSG00000246273,SBF2-AS1,0.025534580621399555
4,3,positive,25,4979,ENSG00000183671,GPR1,0.025292393220643843
4,3,positive,26,10663,ENSG00000204314,PRRT1,0.02517461533266507
4,3,positive,27,19195,ENSG00000174996,KLC2,0.025108522263799365
4,3,positive,28,30663,ENSG00000028277,POU2F2,0.024470117624598563
4,3,positive,29,2266,ENSG00000143228,NUF2,0.02444665627554047
4,3,positive,30,26644,ENSG00000076382,SPAG5,0.02421839962789025
4,3,positive,31,31010,ENSG00000105357,MYH14,0.02416977666093141
4,3,positive,32,20901,ENSG00000076067,RBMS2,0.02414474017517463
4,3,positive,33,7092,ENSG00000163959,SLC51A,0.02407900357965282
4,3,positive,34,30540,ENSG00000187994,RINL,0.023978192480340887
4,3,positive,35,18164,ENSG00000185522,C11orf35,0.023905052186529416
4,3,positive,36,23895,ENSG00000259577,RP11-430B1.2,0.023828985768534636
4,3,positive,37,11614,ENSG00000131016,AKAP12,0.023822208074065408
4,3,positive,38,3040,ENSG00000188739,RBM34,0.023812709977776923
4,3,positive,39,4468,ENSG00000183840,GPR39,0.02379241521831379
4,3,positive,40,6355,ENSG00000144840,RABL3,0.023734174245744068
4,3,positive,41,24522,ENSG00000189419,SPATA41,0.02367727182374728
4,3,positive,42,3835,ENSG00000011523,CEP68,0.02358603922569765
4,3,positive,43,29379,ENSG00000203883,SOX18,0.023534503463966225
4,3,positive,44,19935,ENSG00000149548,CCDC15,0.023529267674728026
4,3,positive,45,2920,ENSG00000183814,LIN9,0.023489285078467304
4,3,positive,46,29717,ENSG00000260001,TGFBR3L,0.023412603927965327
4,3,positive,47,20726,ENSG00000170454,KRT75,0.02334591650222605
4,3,positive,48,1793,ENSG00000203817,FAM72C,0.02328140313052601
4,3,positive,49,11502,ENSG00000112379,KIAA1244,0.023274264962832046
4,3,positive,50,2009,ENSG00000143603,KCNN3,0.023271884000494434
4,4,negative,1,6191,ENSG00000240476,LINC00973,-0.04811196757353966
4,4,negative,2,2757,ENSG00000123689,G0S2,-0.03374031635729324
4,4,negative,3,19182,ENSG00000175592,FOSL1,-0.0310046497236753
4,4,negative,4,578,ENSG00000158246,FAM46B,-0.029347247113621716
4,4,negative,5,31156,ENSG00000203326,ZNF525,-0.029313160710461562
4,4,negative,6,29735,ENSG00000167772,ANGPTL4,-0.028763408614178494
4,4,negative,7,17227,ENSG00000198298,ZNF485,-0.026110930816052095
4,4,negative,8,8869,ENSG00000213949,ITGA1,-0.024673874438993798
4,4,negative,9,17645,ENSG00000138134,STAMBPL1,-0.024588766016165522
4,4,negative,10,15011,ENSG00000104432,IL7,-0.02448913981161849
4,4,negative,11,20463,ENSG00000174236,REP15,-0.023561705683100523
4,4,negative,12,2104,ENSG00000027869,SH2D2A,-0.023285606118661734
4,4,negative,13,18634,ENSG00000121690,DEPDC7,-0.022684023135468072
4,4,negative,14,21001,ENSG00000111490,TBC1D30,-0.02265394855003959
4,4,negative,15,16777,ENSG00000213221,DNLZ,-0.02256983249712839
4,4,negative,16,32320,ENSG00000154719,MRPL39,-0.022523556939130635
4,4,negative,17,7966,ENSG00000170522,ELOVL6,-0.02248330621551481
4,4,negative,18,28271,ENSG00000152229,PSTPIP2,-0.02247990893856725
4,4,negative,19,19287,ENSG00000069482,GAL,-0.02240694834375743
4,4,negative,20,23694,ENSG00000051180,RAD51,-0.022236912697717763
4,4,negative,21,7274,ENSG00000155275,TRMT44,-0.02173194013158115
4,4,negative,22,13481,ENSG00000229563,RP11-245M24.1,-0.021597539977001277
4,4,negative,23,29920,ENSG00000105613,MAST1,-0.021422385531676896
4,4,negative,24,9017,ENSG00000172062,SMN1,-0.021354944452350914
4,4,negative,25,744,ENSG00000092853,CLSPN,-0.02129343380145847
4,4,negative,26,15028,ENSG00000076641,PAG1,-0.021023255293078462
4,4,negative,27,27022,ENSG00000171346,KRT15,-0.020958270064797394
4,4,negative,28,15509,ENSG00000167656,LY6D,-0.020688085127377836
4,4,negative,29,3443,ENSG00000205639,MFSD2B,-0.02058712375843725
4,4,negative,30,22430,ENSG00000198805,PNP,-0.020521024980365725
4,4,negative,31,15583,ENSG00000254690,GS1-393G12.12,-0.020428699503176585
4,4,negative,32,20650,ENSG00000110844,PRPF40B,-0.020363182236302884
4,4,negative,33,23698,ENSG00000188277,C15orf62,-0.020253668625988857
4,4,negative,34,22822,ENSG00000131979,GCH1,-0.020139884547591327
4,4,negative,35,21242,ENSG00000057704,TMCC3,-0.01976324438357087
4,4,negative,36,4168,ENSG00000170485,NPAS2,-0.019754231178605596
4,4,negative,37,30376,ENSG00000266964,FXYD1,-0.019730304840354845
4,4,negative,38,9475,ENSG00000164400,CSF2,-0.01971865348020559
4,4,negative,39,12644,ENSG00000106327,TFR2,-0.019715308943870812
4,4,negative,40,1691,ENSG00000232336,RP11-782C8.3,-0.019506095294388865
4,4,negative,41,2756,ENSG00000227591,RP1-28O10.1,-0.01944352560350854
4,4,negative,42,20079,ENSG00000151062,CACNA2D4,-0.01941381799147652
4,4,negative,43,4635,ENSG00000115339,GALNT3,-0.019261928491646686
4,4,negative,44,31658,ENSG00000169635,HIC2,-0.01921062230246289
4,4,negative,45,3981,ENSG00000115318,LOXL3,-0.01916091285101704
4,4,negative,46,7360,ENSG00000109805,NCAPG,-0.019141176330075643
4,4,negative,47,10734,ENSG00000137309,HMGA1,-0.019045837067561543
4,4,negative,48,1050,ENSG00000058804,NDC1,-0.018783661780340518
4,4,negative,49,15846,ENSG00000186638,KIF24,-0.018767540609924048
4,4,negative,50,18719,ENSG00000019485,PRDM11,-0.01867950590659805
4,4,positive,1,26774,ENSG00000108691,CCL2,0.04881229277898849
4,4,positive,2,18036,ENSG00000107902,LHPP,0.03628399955783334
4,4,positive,3,25558,ENSG00000166548,TK2,0.03527845538707028
4,4,positive,4,11975,ENSG00000106541,AGR2,0.033014977315284494
4,4,positive,5,23813,ENSG00000166920,C15orf48,0.03296072281900002
4,4,positive,6,8394,ENSG00000038002,AGA,0.03138124425892257
4,4,positive,7,7694,ENSG00000163739,CXCL1,0.031284155496038094
4,4,positive,8,7747,ENSG00000138764,CCNG2,0.031178241251896884
4,4,positive,9,6198,ENSG00000168386,FILIP1L,0.030792634127324234
4,4,positive,10,5783,ENSG00000163818,LZTFL1,0.030585173478468685
4,4,positive,11,27494,ENSG00000136490,LIMD2,0.02998303472503923
4,4,positive,12,18717,ENSG00000175274,TP53I11,0.029971210320934583
4,4,positive,13,20195,ENSG00000139178,C1RL,0.029061930371998144
4,4,positive,14,20864,ENSG00000111540,RAB5B,0.028931553270452257
4,4,positive,15,7698,ENSG00000163734,CXCL3,0.028924230879346466
4,4,positive,16,12411,ENSG00000196275,GTF2IRD2,0.02854312731483991
4,4,positive,17,31770,ENSG00000233521,RP5-1172A22.1,0.028367387525526585
4,4,positive,18,9315,ENSG00000134986,NREP,0.028242112830180847
4,4,positive,19,15777,ENSG00000147883,CDKN2B,0.02821471166606229
4,4,positive,20,9158,ENSG00000164176,EDIL3,0.0280978128154028
4,4,positive,21,23455,ENSG00000257556,RP11-44N21.1,0.02807289934475414
4,4,positive,22,8020,ENSG00000138735,PDE5A,0.027425020512435398
4,4,positive,23,14554,ENSG00000159167,STC1,0.02736796045908691
4,4,positive,24,613,ENSG00000130766,SESN2,0.02733674921870642
4,4,positive,25,7464,ENSG00000163683,SMIM14,0.0272108173342904
4,4,positive,26,27226,ENSG00000141295,SCRN2,0.02711646362213653
4,4,positive,27,2208,ENSG00000158773,USF1,0.02711211858476743
4,4,positive,28,27966,ENSG00000262001,DLGAP1-AS2,0.026989743617264594
4,4,positive,29,6922,ENSG00000114796,KLHL24,0.026765912827322075
4,4,positive,30,1591,ENSG00000198799,LRIG2,0.026648532712811195
4,4,positive,31,9986,ENSG00000120129,DUSP1,0.026614184628072395
4,4,positive,32,27322,ENSG00000015532,XYLT2,0.026556273675871715
4,4,positive,33,15015,ENSG00000164683,HEY1,0.026544288817749395
4,4,positive,34,898,ENSG00000196517,SLC6A9,0.02651630142528867
4,4,positive,35,14364,ENSG00000182319,SGK223,0.02649485895296158
4,4,positive,36,20066,ENSG00000171840,NINJ2,0.02648176537462275
4,4,positive,37,10607,ENSG00000227507,LTB,0.026478341516768106
4,4,positive,38,17384,ENSG00000150347,ARID5B,0.02645964823405441
4,4,positive,39,10199,ENSG00000272277,RP1-40E16.12,0.026434768143450936
4,4,positive,40,30681,ENSG00000079385,CEACAM1,0.02640968500303899
4,4,positive,41,19781,ENSG00000186318,BACE1,0.02633636134102108
4,4,positive,42,30254,ENSG00000261824,LINC00662,0.026314107034279086
4,4,positive,43,25210,ENSG00000180096,SEPT1,0.026101525341581985
4,4,positive,44,19355,ENSG00000110195,FOLR1,0.026094748965906942
4,4,positive,45,28566,ENSG00000196476,C20orf96,0.02607016353864944
4,4,positive,46,26254,ENSG00000181885,CLDN7,0.025953267186641312
4,4,positive,47,16583,ENSG00000167103,PIP5KL1,0.02585058170594422
4,4,positive,48,14265,ENSG00000130830,MPP1,0.02581059846588258
4,4,positive,49,29442,ENSG00000180448,HMHA1,0.025703808285155005
4,4,positive,50,23117,ENSG00000100577,GSTZ1,0.025688699125484875
4,5,negative,1,11062,ENSG00000119900,OGFRL1,-0.03689815866858483
4,5,negative,2,4563,ENSG00000157827,FMNL2,-0.03355148895690997
4,5,negative,3,16641,ENSG00000188483,IER5L,-0.033216786374578484
4,5,negative,4,17057,ENSG00000241058,NSUN6,-0.03317091270382435
4,5,negative,5,23080,ENSG00000170345,FOS,-0.03287583541328631
4,5,negative,6,23049,ENSG00000205659,LIN52,-0.032506648787096
4,5,negative,7,28287,ENSG00000167220,HDHD2,-0.03246631801829688
4,5,negative,8,27099,ENSG00000175906,ARL4D,-0.03218481488317742
4,5,negative,9,1326,ENSG00000213516,RBMXL1,-0.03181545676974786
4,5,negative,10,24867,ENSG00000103274,NUBP1,-0.03081511021184819
4,5,negative,11,19183,ENSG00000175573,C11orf68,-0.030739710917852506
4,5,negative,12,21302,ENSG00000111670,GNPTAB,-0.030304740701079507
4,5,negative,13,8773,ENSG00000079215,SLC1A3,-0.03028872062834728
4,5,negative,14,30206,ENSG00000196268,ZNF493,-0.03017831881103099
4,5,negative,15,12216,ENSG00000122678,POLM,-0.029784512677464865
4,5,negative,16,9454,ENSG00000245937,CTC-228N24.3,-0.029471315461483908
4,5,negative,17,3643,ENSG00000231312,AC007246.3,-0.029229280912735852
4,5,negative,18,335,ENSG00000197312,DDI2,-0.02914508204082397
4,5,negative,19,18448,ENSG00000236287,ZBED5,-0.02912205833667917
4,5,negative,20,1966,ENSG00000196754,S100A2,-0.028991539810709614
4,5,negative,21,4653,ENSG00000152253,SPC25,-0.028760822443973284
4,5,negative,22,5184,ENSG00000135919,SERPINE2,-0.028338587276119966
4,5,negative,23,7273,ENSG00000087008,ACOX3,-0.028209696528910862
4,5,negative,24,498,ENSG00000117305,HMGCL,-0.02801434516350481
4,5,negative,25,8065,ENSG00000164070,HSPA4L,-0.027820082542884362
4,5,negative,26,19237,ENSG00000173227,SYT12,-0.027735407828307832
4,5,negative,27,31940,ENSG00000128311,TST,-0.027706418770068884
4,5,negative,28,9659,ENSG00000112852,PCDHB2,-0.027695140062184938
4,5,negative,29,18449,ENSG00000247271,ZBED5-AS1,-0.02747273708969742
4,5,negative,30,23850,ENSG00000166200,COPS2,-0.027396286865394998
4,5,negative,31,26150,ENSG00000074755,ZZEF1,-0.027282697817277365
4,5,negative,32,10231,ENSG00000272142,RP11-428J1.5,-0.02721050143883837
4,5,negative,33,16283,ENSG00000136932,C9orf156,-0.027023550134329742
4,5,negative,34,10860,ENSG00000024048,UBR2,-0.026958866039565366
4,5,negative,35,28458,ENSG00000166479,TMX3,-0.026952640069439777
4,5,negative,36,30203,ENSG00000196705,ZNF431,-0.02694864505012199
4,5,negative,37,32592,ENSG00000160207,HSF2BP,-0.026935699186055213
4,5,negative,38,24688,ENSG00000008710,PKD1,-0.02692257085176883
4,5,negative,39,19018,ENSG00000149016,TUT1,-0.026826302246759894
4,5,negative,40,10407,ENSG00000124610,HIST1H1A,-0.026799912598430755
4,5,negative,41,16759,ENSG00000122133,PAEP,-0.02678935861906515
4,5,negative,42,28263,ENSG00000152217,SETBP1,-0.026773074546683432
4,5,negative,43,31669,ENSG00000100034,PPM1F,-0.026708473854122013
4,5,negative,44,27527,ENSG00000263470,RP11-160O5.1,-0.02669240454917823
4,5,negative,45,2123,ENSG00000183853,KIRREL,-0.026472008679090615
4,5,negative,46,16268,ENSG00000136943,CTSV,-0.026459711354366762
4,5,negative,47,7790,ENSG00000173085,COQ2,-0.026453012107342407
4,5,negative,48,25064,ENSG00000103356,EARS2,-0.026374440459431055
4,5,negative,49,12818,ENSG00000071243,ING3,-0.026360699386346415
4,5,negative,50,15874,ENSG00000221829,FANCG,-0.026358991372108752
4,5,positive,1,9751,ENSG00000164266,SPINK1,0.03844460978475435
4,5,positive,2,8947,ENSG00000130449,ZSWIM6,0.03155733258659911
4,5,positive,3,17427,ENSG00000156510,HKDC1,0.029778315814419937
4,5,positive,4,2085,ENSG00000183856,IQGAP3,0.027991642306852724
4,5,positive,5,32607,ENSG00000160223,ICOSLG,0.02777901353683764
4,5,positive,6,3406,ENSG00000132031,MATN3,0.02768580723569744
4,5,positive,7,18523,ENSG00000173432,SAA1,0.027642270137021387
4,5,positive,8,21567,ENSG00000135114,OASL,0.02754504498814425
4,5,positive,9,17692,ENSG00000095596,CYP26A1,0.027528662444256793
4,5,positive,10,20821,ENSG00000135447,PPP1R1A,0.027451841178885415
4,5,positive,11,28400,ENSG00000141682,PMAIP1,0.027039289328451323
4,5,positive,12,17870,ENSG00000148835,TAF5,0.026994672650357827
4,5,positive,13,23802,ENSG00000140274,DUOXA2,0.02678156277991987
4,5,positive,14,8434,ENSG00000151726,ACSL1,0.02666561784397507
4,5,positive,15,19279,ENSG00000255031,RP11-802E16.3,0.02623792919059466
4,5,positive,16,20193,ENSG00000182326,C1S,0.025971117547774123
4,5,positive,17,24735,ENSG00000005001,PRSS22,0.02549985217847204
4,5,positive,18,10540,ENSG00000204616,TRIM31,0.025355603962225682
4,5,positive,19,9240,ENSG00000249746,RP11-254I22.3,0.0249408057120026
4,5,positive,20,26500,ENSG00000177427,MIEF2,0.024925936414084953
4,5,positive,21,330,ENSG00000132906,CASP9,0.02490947366039585
4,5,positive,22,15644,ENSG00000147852,VLDLR,0.024828315993831254
4,5,positive,23,17466,ENSG00000122863,CHST3,0.02478616129851689
4,5,positive,24,21231,ENSG00000120833,SOCS2,0.024686826024912668
4,5,positive,25,27956,ENSG00000272688,RP13-270P17.3,0.024648561464328374
4,5,positive,26,31006,ENSG00000142528,ZNF473,0.024598424188353077
4,5,positive,27,20326,ENSG00000013588,GPRC5A,0.02443655864431504
4,5,positive,28,31239,ENSG00000080031,PTPRH,0.024362045329065208
4,5,positive,29,15087,ENSG00000156103,MMP16,0.02432215867521735
4,5,positive,30,17652,ENSG00000119922,IFIT2,0.02428970691041618
4,5,positive,31,12392,ENSG00000106089,STX1A,0.023918804923717372
4,5,positive,32,486,ENSG00000204219,TCEA3,0.023673620283278952
4,5,positive,33,32332,ENSG00000154734,ADAMTS1,0.0235869621377003
4,5,positive,34,30397,ENSG00000236144,AD000090.2,0.02354251128977744
4,5,positive,35,31240,ENSG00000267649,CTD-2587H24.10,0.0234956555924291
4,5,positive,36,22015,ENSG00000136152,COG3,0.023463568135744912
4,5,positive,37,6528,ENSG00000168917,SLC35G2,0.023294223499461572
4,5,positive,38,8657,ENSG00000145569,FAM105A,0.023269671246352697
4,5,positive,39,9870,ENSG00000113272,THG1L,0.023258923683288052
4,5,positive,40,25093,ENSG00000155592,ZKSCAN2,0.02325192735643168
4,5,positive,41,23811,ENSG00000171766,GATM,0.023249590941193936
4,5,positive,42,17737,ENSG00000231025,RP11-175O19.4,0.023043352997074776
4,5,positive,43,2208,ENSG00000158773,USF1,0.023001172605037576
4,5,positive,44,1360,ENSG00000162676,GFI1,0.022837293979921666
4,5,positive,45,10721,ENSG00000213588,ZBTB9,0.02269682121919533
4,5,positive,46,29399,ENSG00000129946,SHC2,0.02247906745832368
4,5,positive,47,29497,ENSG00000099840,IZUMO4,0.02242883039554388
4,5,positive,48,7393,ENSG00000157765,SLC34A2,0.02241263710997806
4,5,positive,49,29572,ENSG00000060566,CREB3L3,0.022382948237820742
4,5,positive,50,25450,ENSG00000198848,CES1,0.022318283426506023
4,6,negative,1,11953,ENSG00000006468,ETV1,-0.02823968170987087
4,6,negative,2,18910,ENSG00000110042,DTX4,-0.028239355719288983
4,6,negative,3,4762,ENSG00000196659,TTC30B,-0.02773032731393366
4,6,negative,4,30647,ENSG00000105388,CEACAM5,-0.02745068426593842
4,6,negative,5,5922,ENSG00000114737,CISH,-0.02737253745406908
4,6,negative,6,17436,ENSG00000197467,COL13A1,-0.02723846804217742
4,6,negative,7,7839,ENSG00000251095,RP11-115D19.1,-0.02701919478141317
4,6,negative,8,9902,ENSG00000221886,C5orf54,-0.0269525472829577
4,6,negative,9,23217,ENSG00000100784,RPS6KA5,-0.026623240823390654
4,6,negative,10,27132,ENSG00000260793,RP5-882C2.2,-0.02645940779501358
4,6,negative,11,27546,ENSG00000154217,PITPNC1,-0.02630578295617411
4,6,negative,12,21733,ENSG00000185684,EP400NL,-0.026216007677905526
4,6,negative,13,5367,ENSG00000172478,C2orf54,-0.025738758403917907
4,6,negative,14,26022,ENSG00000261373,VPS9D1-AS1,-0.02550589537844165
4,6,negative,15,4469,ENSG00000150551,LYPD1,-0.025500263251238595
4,6,negative,16,24355,ENSG00000183655,KLHL25,-0.02549862215750795
4,6,negative,17,15443,ENSG00000261220,RP11-629O1.2,-0.025408808999548824
4,6,negative,18,20352,ENSG00000139055,ERP27,-0.024807831362901284
4,6,negative,19,1598,ENSG00000188761,BCL2L15,-0.024744091318081283
4,6,negative,20,10459,ENSG00000184825,HIST1H2AH,-0.024727686860850858
4,6,negative,21,32218,ENSG00000273272,CTA-384D8.34,-0.024329832788194283
4,6,negative,22,5836,ENSG00000145040,UCN2,-0.024245491588716698
4,6,negative,23,29346,ENSG00000101210,EEF1A2,-0.024020082084882634
4,6,negative,24,4653,ENSG00000152253,SPC25,-0.02398871050655454
4,6,negative,25,13037,ENSG00000204983,PRSS1,-0.023845801152943744
4,6,negative,26,19877,ENSG00000137642,SORL1,-0.02382286600835722
4,6,negative,27,19971,ENSG00000150455,TIRAP,-0.023801550717473936
4,6,negative,28,32102,ENSG00000100271,TTLL1,-0.023291424596495896
4,6,negative,29,203,ENSG00000238290,RP11-431K24.1,-0.023238879790244485
4,6,negative,30,26019,ENSG00000260259,RP11-368I7.4,-0.02323201172392224
4,6,negative,31,13680,ENSG00000169083,AR,-0.023152984274150808
4,6,negative,32,22185,ENSG00000136158,SPRY2,-0.023119316125895045
4,6,negative,33,17495,ENSG00000166348,USP54,-0.023100837447833363
4,6,negative,34,10153,ENSG00000183718,TRIM52,-0.02295676675210749
4,6,negative,35,13216,ENSG00000155093,PTPRN2,-0.022922585416678617
4,6,negative,36,30439,ENSG00000075702,WDR62,-0.022816870298272514
4,6,negative,37,12716,ENSG00000272918,CTB-152G17.6,-0.02239441768137275
4,6,negative,38,7977,ENSG00000260526,RP11-73K9.2,-0.022314913989280465
4,6,negative,39,11506,ENSG00000135540,NHSL1,-0.022147960739353476
4,6,negative,40,20906,ENSG00000198056,PRIM1,-0.02207717508090223
4,6,negative,41,12724,ENSG00000128536,CDHR3,-0.021984707326018153
4,6,negative,42,7391,ENSG00000053900,ANAPC4,-0.021923231523000124
4,6,negative,43,6850,ENSG00000177694,NAALADL2,-0.02192271612505691
4,6,negative,44,23700,ENSG00000166143,PPP1R14D,-0.021907571034693415
4,6,negative,45,19303,ENSG00000260877,RP11-211G23.2,-0.021895909111511045
4,6,negative,46,17815,ENSG00000273162,RP11-108L7.15,-0.021666612606980138
4,6,negative,47,12339,ENSG00000189316,RP11-797H7.5,-0.021632253375083628
4,6,negative,48,28148,ENSG00000154040,CABYR,-0.02103367135906229
4,6,negative,49,23521,ENSG00000128739,SNRPN,-0.020913407338729914
4,6,negative,50,9921,ENSG00000072571,HMMR,-0.02077081036566637
4,6,positive,1,31770,ENSG00000233521,RP5-1172A22.1,0.03903275388952359
4,6,positive,2,3691,ENSG00000116016,EPAS1,0.03769271680577304
4,6,positive,3,7250,ENSG00000163993,S100P,0.0374644376692813
4,6,positive,4,9802,ENSG00000171992,SYNPO,0.03660640680983713
4,6,positive,5,3621,ENSG00000138061,CYP1B1,0.03490808779010646
4,6,positive,6,18704,ENSG00000187479,C11orf96,0.03469174987097696
4,6,positive,7,22673,ENSG00000136327,NKX2-8,0.03411957473003337
4,6,positive,8,4409,ENSG00000072163,LIMS2,0.03330047370005728
4,6,positive,9,29214,ENSG00000019186,CYP24A1,0.032416694117674956
4,6,positive,10,6391,ENSG00000065534,MYLK,0.031642045220255446
4,6,positive,11,7705,ENSG00000109321,AREG,0.03160712740642369
4,6,positive,12,17096,ENSG00000099256,PRTFDC1,0.03144466699521255
4,6,positive,13,1965,ENSG00000188015,S100A3,0.030731352255389574
4,6,positive,14,27026,ENSG00000186847,KRT14,0.030615595803852896
4,6,positive,15,7733,ENSG00000169245,CXCL10,0.03025231797320293
4,6,positive,16,316,ENSG00000116731,PRDM2,0.029874257081732313
4,6,positive,17,14945,ENSG00000140396,NCOA2,0.029717568744191764
4,6,positive,18,8046,ENSG00000138685,FGF2,0.029629013235472214
4,6,positive,19,7721,ENSG00000174792,C4orf26,0.029112948022369182
4,6,positive,20,20751,ENSG00000167778,SPRYD3,0.02892067522542765
4,6,positive,21,3141,ENSG00000259865,RP11-488L18.10,0.028797553379876002
4,6,positive,22,18742,ENSG00000135365,PHF21A,0.02876242115028289
4,6,positive,23,16488,ENSG00000106852,LHX6,0.02866396274797729
4,6,positive,24,4833,ENSG00000204262,COL5A2,0.02857777638245774
4,6,positive,25,4102,ENSG00000186281,GPAT2,0.028367909742541497
4,6,positive,26,31003,ENSG00000169136,ATF5,0.028221761501460007
4,6,positive,27,13431,ENSG00000130962,PRRG1,0.0280511614940955
4,6,positive,28,30036,ENSG00000127528,KLF2,0.027991152564139046
4,6,positive,29,26774,ENSG00000108691,CCL2,0.027710820285222593
4,6,positive,30,31971,ENSG00000100139,MICALL1,0.027695292501626615
4,6,positive,31,3535,ENSG00000171174,RBKS,0.027656549902640482
4,6,positive,32,11362,ENSG00000164465,DCBLD1,0.027655397957033687
4,6,positive,33,743,ENSG00000142686,C1orf216,0.0275841848312539
4,6,positive,34,15316,ENSG00000136999,NOV,0.02757535928442033
4,6,positive,35,18167,ENSG00000247095,MIR210HG,0.027573564847576476
4,6,positive,36,15581,ENSG00000188686,SCXA,0.02728230113458819
4,6,positive,37,6952,ENSG00000182580,EPHB3,0.02711868246980497
4,6,positive,38,14610,ENSG00000120875,DUSP4,0.027003085373890734
4,6,positive,39,10211,ENSG00000145945,FAM50B,0.026932379230146655
4,6,positive,40,31387,ENSG00000268516,CTD-3138B18.5,0.026864856868814853
4,6,positive,41,27051,ENSG00000167925,GHDC,0.02684888553822009
4,6,positive,42,1593,ENSG00000116793,PHTF1,0.02661273355425523
4,6,positive,43,7757,ENSG00000163291,PAQR3,0.02656507667292943
4,6,positive,44,10959,ENSG00000197261,C6orf141,0.02655266465261234
4,6,positive,45,29416,ENSG00000070404,FSTL3,0.026457787037469878
4,6,positive,46,15620,ENSG00000170631,ZNF16,0.026265959793594678
4,6,positive,47,17652,ENSG00000119922,IFIT2,0.02615819950283785
4,6,positive,48,11516,ENSG00000164442,CITED2,0.026128417366903103
4,6,positive,49,20317,ENSG00000111266,DUSP16,0.026099866692842463
4,6,positive,50,28589,ENSG00000234684,SDCBP2-AS1,0.026098120740959987
4,7,negative,1,30123,ENSG00000130513,GDF15,-0.03647306245254102
4,7,negative,2,15257,ENSG00000147650,LRP12,-0.03627981919772057
4,7,negative,3,5963,ENSG00000114854,TNNC1,-0.03594964674838129
4,7,negative,4,2814,ENSG00000117724,CENPF,-0.03550206108209896
4,7,negative,5,29346,ENSG00000101210,EEF1A2,-0.035221532419865975
4,7,negative,6,16658,ENSG00000167157,PRRX2,-0.03434716169784738
4,7,negative,7,18249,ENSG00000110628,SLC22A18,-0.03345053668951453
4,7,negative,8,8937,ENSG00000035499,DEPDC1B,-0.03320219656115832
4,7,negative,9,18248,ENSG00000254827,SLC22A18AS,-0.03300485615283408
4,7,negative,10,21976,ENSG00000102760,RGCC,-0.03198519731243769
4,7,negative,11,785,ENSG00000204084,INPP5B,-0.030960242322500088
4,7,negative,12,26978,ENSG00000212901,KRTAP3-1,-0.030505031241366547
4,7,negative,13,29834,ENSG00000161888,SPC24,-0.03047952953383828
4,7,negative,14,217,ENSG00000234546,RP3-510D11.2,-0.03025063344207485
4,7,negative,15,18459,ENSG00000050165,DKK3,-0.03004875901404094
4,7,negative,16,30489,ENSG00000188227,ZNF793,-0.02950544257121701
4,7,negative,17,11669,ENSG00000203711,C6orf99,-0.02886499476098133
4,7,negative,18,10193,ENSG00000244041,LINC01011,-0.028188921179458707
4,7,negative,19,16815,ENSG00000169583,CLIC3,-0.027879506579903443
4,7,negative,20,20657,ENSG00000186666,BCDIN3D,-0.027845742852798974
4,7,negative,21,23783,ENSG00000092470,WDR76,-0.027404981454849698
4,7,negative,22,9215,ENSG00000175745,NR2F1,-0.027325812318853986
4,7,negative,23,12679,ENSG00000160999,SH2B2,-0.02699266902402452
4,7,negative,24,30918,ENSG00000176909,MAMSTR,-0.026844619121318424
4,7,negative,25,27231,ENSG00000234494,AC003665.1,-0.02671265358893306
4,7,negative,26,23694,ENSG00000051180,RAD51,-0.026501021796588378
4,7,negative,27,22741,ENSG00000253459,AL139099.1,-0.026494474644048582
4,7,negative,28,15509,ENSG00000167656,LY6D,-0.026476109123298414
4,7,negative,29,19752,ENSG00000182985,CADM1,-0.026475179066134082
4,7,negative,30,30454,ENSG00000186017,ZNF566,-0.02640963280819702
4,7,negative,31,17197,ENSG00000198105,ZNF248,-0.02635221215115495
4,7,negative,32,7670,ENSG00000272986,RP11-46J23.1,-0.025965364400334028
4,7,negative,33,27521,ENSG00000176809,LRRC37A3,-0.02553179084379575
4,7,negative,34,5581,ENSG00000129810,SGOL1,-0.02551658193350836
4,7,negative,35,1807,ENSG00000264207,RP11-196G18.23,-0.025506144406150264
4,7,negative,36,27647,ENSG00000167861,HID1,-0.025331671324180884
4,7,negative,37,30492,ENSG00000171817,ZNF540,-0.025317797419999278
4,7,negative,38,6463,ENSG00000273437,RP11-434H6.7,-0.025277470412752103
4,7,negative,39,7348,ENSG00000263327,TAPT1-AS1,-0.024565410752342323
4,7,negative,40,24063,ENSG00000270964,RP11-502I4.3,-0.024394591164304372
4,7,negative,41,776,ENSG00000134690,CDCA8,-0.02437134196819011
4,7,negative,42,32562,ENSG00000160181,TFF2,-0.02433949040395171
4,7,negative,43,14591,ENSG00000168078,PBK,-0.02425696830028332
4,7,negative,44,1687,ENSG00000231182,RP11-423O2.7,-0.02423056293710826
4,7,negative,45,28841,ENSG00000101003,GINS1,-0.02421591283826283
4,7,negative,46,23470,ENSG00000227468,AL928742.12,-0.024194945120771878
4,7,negative,47,14623,ENSG00000271869,RP11-51J9.5,-0.02416877595226597
4,7,negative,48,14050,ENSG00000076716,GPC4,-0.024030265186002264
4,7,negative,49,2298,ENSG00000272205,RP11-277B15.3,-0.02400995579700645
4,7,negative,50,30908,ENSG00000088002,SULT2B1,-0.023978832769269855
4,7,positive,1,21935,ENSG00000133083,DCLK1,0.040977206933641055
4,7,positive,2,10554,ENSG00000204576,PRR3,0.035960098920578075
4,7,positive,3,5164,ENSG00000116106,EPHA4,0.03573030459905173
4,7,positive,4,22575,ENSG00000213903,LTB4R,0.033050812650197665
4,7,positive,5,11392,ENSG00000135547,HEY2,0.03303145920061455
4,7,positive,6,10024,ENSG00000145920,CPLX2,0.032962586452285544
4,7,positive,7,26955,ENSG00000131746,TNS4,0.032651254451102674
4,7,positive,8,3480,ENSG00000138018,EPT1,0.030648497388448017
4,7,positive,9,26325,ENSG00000178971,CTC1,0.02869208617380408
4,7,positive,10,7698,ENSG00000163734,CXCL3,0.028612168963701133
4,7,positive,11,22298,ENSG00000233532,LINC00460,0.02678171172445617
4,7,positive,12,22941,ENSG00000176153,GPX2,0.026733438003320852
4,7,positive,13,26284,ENSG00000161956,SENP3,0.02650141408140406
4,7,positive,14,600,ENSG00000130775,THEMIS2,0.02623026378730264
4,7,positive,15,26904,ENSG00000263874,LINC00672,0.026054912409161496
4,7,positive,16,24899,ENSG00000048471,SNX29,0.025963098626280583
4,7,positive,17,8872,ENSG00000164171,ITGA2,0.025495791884486235
4,7,positive,18,25619,ENSG00000159753,RLTPR,0.025264143558473784
4,7,positive,19,5609,ENSG00000033867,SLC4A7,0.02515653390500519
4,7,positive,20,29123,ENSG00000100985,MMP9,0.025030605067067654
4,7,positive,21,374,ENSG00000058453,CROCC,0.025028075743018983
4,7,positive,22,4683,ENSG00000115827,DCAF17,0.024919621730440475
4,7,positive,23,10752,ENSG00000023892,DEF6,0.024773239720747634
4,7,positive,24,16837,ENSG00000188566,NDOR1,0.024753122855005576
4,7,positive,25,30561,ENSG00000130755,GMFG,0.02457267096736966
4,7,positive,26,10493,ENSG00000235109,ZSCAN31,0.02450897959759331
4,7,positive,27,21969,ENSG00000102743,SLC25A15,0.024439082137474595
4,7,positive,28,19696,ENSG00000170145,SIK2,0.02442479662442631
4,7,positive,29,21187,ENSG00000139318,DUSP6,0.024309254166989647
4,7,positive,30,32118,ENSG00000100344,PNPLA3,0.02382833139926058
4,7,positive,31,13856,ENSG00000133169,BEX1,0.023429479533307995
4,7,positive,32,16930,ENSG00000196372,ASB13,0.023263663140222688
4,7,positive,33,11281,ENSG00000135596,MICAL1,0.023168907920354753
4,7,positive,34,27401,ENSG00000264112,RP11-159D12.2,0.023159601825019662
4,7,positive,35,10881,ENSG00000112658,SRF,0.022963935615650136
4,7,positive,36,17460,ENSG00000107736,CDH23,0.022604761702215162
4,7,positive,37,21533,ENSG00000135127,CCDC64,0.022544728790017066
4,7,positive,38,26186,ENSG00000108515,ENO3,0.022511767720442253
4,7,positive,39,21593,ENSG00000176383,B3GNT4,0.022365915556777527
4,7,positive,40,20065,ENSG00000139044,B4GALNT3,0.022144685649984373
4,7,positive,41,11498,ENSG00000118503,TNFAIP3,0.022099301573053898
4,7,positive,42,10364,ENSG00000272168,CASC15,0.022021867395639712
4,7,positive,43,26774,ENSG00000108691,CCL2,0.021885084829575036
4,7,positive,44,29905,ENSG00000132004,FBXW9,0.02176964384221134
4,7,positive,45,8050,ENSG00000164056,SPRY1,0.021677312253094883
4,7,positive,46,2095,ENSG00000132688,NES,0.021590604303521926
4,7,positive,47,20071,ENSG00000002016,RAD52,0.021585385999469894
4,7,positive,48,6352,ENSG00000163430,FSTL1,0.021581778310228047
4,7,positive,49,17902,ENSG00000203434,RP11-163F15.1,0.02155102705506908
4,7,positive,50,19037,ENSG00000185670,ZBTB3,0.021527019749919205
4,8,negative,1,9097,ENSG00000250802,ZBED3-AS1,-0.03231260465587855
4,8,negative,2,30492,ENSG00000171817,ZNF540,-0.031119276650332706
4,8,negative,3,9778,ENSG00000145882,PCYOX1L,-0.031041222356375242
4,8,negative,4,20252,ENSG00000110852,CLEC2B,-0.031003759832939806
4,8,negative,5,18146,ENSG00000185885,IFITM1,-0.030500141454074543
4,8,negative,6,2757,ENSG00000123689,G0S2,-0.030251775161594965
4,8,negative,7,10677,ENSG00000204287,HLA-DRA,-0.028843362258301797
4,8,negative,8,11284,ENSG00000155085,AK9,-0.028736755004435448
4,8,negative,9,2451,ENSG00000153029,MR1,-0.028273953824641658
4,8,negative,10,31006,ENSG00000142528,ZNF473,-0.02695746875476505
4,8,negative,11,1852,ENSG00000143412,ANXA9,-0.026859949336624736
4,8,negative,12,30489,ENSG00000188227,ZNF793,-0.026539083279405126
4,8,negative,13,421,ENSG00000169914,OTUD3,-0.026461000648245515
4,8,negative,14,23444,ENSG00000179627,ZBTB42,-0.026212526167084475
4,8,negative,15,4173,ENSG00000272902,RP11-299H21.1,-0.025966335079527367
4,8,negative,16,26178,ENSG00000129219,PLD2,-0.02593078719571339
4,8,negative,17,21881,ENSG00000139508,SLC46A3,-0.025846565714740404
4,8,negative,18,19633,ENSG00000187240,DYNC2H1,-0.02569397415096726
4,8,negative,19,17630,ENSG00000107789,MINPP1,-0.02544669050221047
4,8,negative,20,384,ENSG00000117115,PADI2,-0.02535976905878809
4,8,negative,21,20324,ENSG00000178878,APOLD1,-0.02504108507944015
4,8,negative,22,26316,ENSG00000179094,PER1,-0.024993867451564858
4,8,negative,23,7259,ENSG00000245468,RP11-367J11.3,-0.02469133327149838
4,8,negative,24,481,ENSG00000261326,RP5-1057J7.6,-0.02464796969461245
4,8,negative,25,4416,ENSG00000272667,RP11-395A13.2,-0.024485354253839617
4,8,negative,26,12763,ENSG00000128512,DOCK4,-0.024394195073314303
4,8,negative,27,1476,ENSG00000162636,FAM102B,-0.02433965507120066
4,8,negative,28,28938,ENSG00000131067,GGT7,-0.024162059424546745
4,8,negative,29,16623,ENSG00000160445,ZER1,-0.024145211158756417
4,8,negative,30,2078,ENSG00000163467,TSACC,-0.023982288811495594
4,8,negative,31,12628,ENSG00000078487,ZCWPW1,-0.023936823385653682
4,8,negative,32,549,ENSG00000175087,PDIK1L,-0.02389552755840394
4,8,negative,33,25263,ENSG00000178226,PRSS36,-0.02371740161039171
4,8,negative,34,27020,ENSG00000171401,KRT13,-0.02368194013514346
4,8,negative,35,15407,ENSG00000246228,CASC8,-0.023324632736075768
4,8,negative,36,32556,ENSG00000173276,ZBTB21,-0.02330636966484787
4,8,negative,37,24648,ENSG00000187535,IFT140,-0.023223989008938285
4,8,negative,38,18217,ENSG00000244242,IFITM10,-0.023075412612479786
4,8,negative,39,26559,ENSG00000083290,ULK2,-0.02307513629931092
4,8,negative,40,25152,ENSG00000198106,SNX29P2,-0.022886304001190204
4,8,negative,41,29325,ENSG00000101190,TCFL5,-0.022859184985091475
4,8,negative,42,9989,ENSG00000204758,CTC-308K20.1,-0.02265019798694803
4,8,negative,43,26240,ENSG00000174327,SLC16A13,-0.022618692132587347
4,8,negative,44,32093,ENSG00000183569,SERHL2,-0.022604506133172504
4,8,negative,45,15870,ENSG00000137094,DNAJB5,-0.022537648759547793
4,8,negative,46,7250,ENSG00000163993,S100P,-0.022529074535144654
4,8,negative,47,5961,ENSG00000010318,PHF7,-0.022344317047354734
4,8,negative,48,13099,ENSG00000170260,ZNF212,-0.02223125912303988
4,8,negative,49,5267,ENSG00000085982,USP40,-0.02219263876674617
4,8,negative,50,17655,ENSG00000185745,IFIT1,-0.02200402406740993
4,8,positive,1,6198,ENSG00000168386,FILIP1L,0.03881954878713021
4,8,positive,2,31540,ENSG00000100181,TPTEP1,0.03476615703983113
4,8,positive,3,1965,ENSG00000188015,S100A3,0.03467192952457028
4,8,positive,4,1966,ENSG00000196754,S100A2,0.03286135831049921
4,8,positive,5,16115,ENSG00000106829,TLE4,0.03254394824493155
4,8,positive,6,1942,ENSG00000169469,SPRR1B,0.032229378112492726
4,8,positive,7,17672,ENSG00000148677,ANKRD1,0.031843859484079924
4,8,positive,8,28960,ENSG00000061656,SPAG4,0.03132778260560078
4,8,positive,9,26824,ENSG00000161570,CCL5,0.03092762807303309
4,8,positive,10,27026,ENSG00000186847,KRT14,0.03090631352878356
4,8,positive,11,1941,ENSG00000163209,SPRR3,0.03070453702110579
4,8,positive,12,8125,ENSG00000151014,CCRN4L,0.030205845022627693
4,8,positive,13,2752,ENSG00000230937,MIR205HG,0.029010681513764132
4,8,positive,14,29854,ENSG00000130176,CNN1,0.028821252398108413
4,8,positive,15,23400,ENSG00000185215,TNFAIP2,0.028810840366700754
4,8,positive,16,17580,ENSG00000237523,LINC00857,0.028727951253207665
4,8,positive,17,11531,ENSG00000010818,HIVEP2,0.027963656637111534
4,8,positive,18,1328,ENSG00000117228,GBP1,0.02760203358328053
4,8,positive,19,404,ENSG00000169991,IFFO2,0.02756479912502183
4,8,positive,20,15915,ENSG00000137075,RNF38,0.027453357031174786
4,8,positive,21,25635,ENSG00000261884,CTC-479C5.12,0.02703683023466798
4,8,positive,22,5764,ENSG00000272077,RP11-348P10.2,0.026982748394692054
4,8,positive,23,4267,ENSG00000144063,MALL,0.02691048627968872
4,8,positive,24,14756,ENSG00000131931,THAP1,0.026836055050395814
4,8,positive,25,20326,ENSG00000013588,GPRC5A,0.026758435071063385
4,8,positive,26,17564,ENSG00000253626,EIF5AL1,0.026598398530587132
4,8,positive,27,7164,ENSG00000127418,FGFRL1,0.02592031437675493
4,8,positive,28,71,ENSG00000272455,RP4-758J18.13,0.02582299782624211
4,8,positive,29,28296,ENSG00000134030,CTIF,0.02572390457890719
4,8,positive,30,2736,ENSG00000196352,CD55,0.025582403848951385
4,8,positive,31,21935,ENSG00000133083,DCLK1,0.025561188588355044
4,8,positive,32,14027,ENSG00000102034,ELF4,0.025530766733729733
4,8,positive,33,23376,ENSG00000258512,RP11-796G6.2,0.025435912183221845
4,8,positive,34,12912,ENSG00000128510,CPA4,0.025412001931493605
4,8,positive,35,10305,ENSG00000112137,PHACTR1,0.025314066584545984
4,8,positive,36,1376,ENSG00000137962,ARHGAP29,0.02528965686967383
4,8,positive,37,1186,ENSG00000116717,GADD45A,0.025262693346409643
4,8,positive,38,8938,ENSG00000164181,ELOVL7,0.025210807610120633
4,8,positive,39,18704,ENSG00000187479,C11orf96,0.02511193998686067
4,8,positive,40,6278,ENSG00000091986,CCDC80,0.025051475125757366
4,8,positive,41,21587,ENSG00000158023,WDR66,0.025042394173648123
4,8,positive,42,20747,ENSG00000111057,KRT18,0.024915997353556363
4,8,positive,43,32350,ENSG00000156265,MAP3K7CL,0.024856583923951684
4,8,positive,44,17369,ENSG00000165449,SLC16A9,0.02484137978710859
4,8,positive,45,15794,ENSG00000096872,IFT74,0.024789828217419634
4,8,positive,46,24105,ENSG00000187720,THSD4,0.02476288817466259
4,8,positive,47,3121,ENSG00000162849,KIF26B,0.02471683152552625
4,8,positive,48,12086,ENSG00000146592,CREB5,0.02468079991071575
4,8,positive,49,950,ENSG00000142961,MOB3C,0.024315709992402654
4,8,positive,50,8876,ENSG00000134363,FST,0.024304244305840147
4,9,negative,1,21567,ENSG00000135114,OASL,-0.038674817014582294
4,9,negative,2,7184,ENSG00000068078,FGFR3,-0.03451647662103224
4,9,negative,3,17287,ENSG00000165388,ZNF488,-0.03419419969384619
4,9,negative,4,30545,ENSG00000104835,SARS2,-0.03239249531757769
4,9,negative,5,28210,ENSG00000141441,GAREM,-0.02894507070461991
4,9,negative,6,17336,ENSG00000226200,RP11-50E11.3,-0.028873438412147637
4,9,negative,7,30245,ENSG00000197372,ZNF675,-0.02874302091637543
4,9,negative,8,7734,ENSG00000169248,CXCL11,-0.028159731928288727
4,9,negative,9,23670,ENSG00000156970,BUB1B,-0.0280642642704328
4,9,negative,10,23890,ENSG00000259178,CTD-2184D3.3,-0.028043926258077202
4,9,negative,11,2085,ENSG00000183856,IQGAP3,-0.027686790824909706
4,9,negative,12,20632,ENSG00000167550,RHEBL1,-0.027386684849018458
4,9,negative,13,4690,ENSG00000172878,METAP1D,-0.027212605331598486
4,9,negative,14,27020,ENSG00000171401,KRT13,-0.027173408463930022
4,9,negative,15,2469,ENSG00000143333,RGS16,-0.027115902140881817
4,9,negative,16,14466,ENSG00000104760,FGL1,-0.027056001098024585
4,9,negative,17,5072,ENSG00000115461,IGFBP5,-0.027020030107589084
4,9,negative,18,10695,ENSG00000204257,HLA-DMA,-0.026922353806322158
4,9,negative,19,26296,ENSG00000141499,WRAP53,-0.02677664237092364
4,9,negative,20,23068,ENSG00000198208,RPS6KL1,-0.026591392047971806
4,9,negative,21,3488,ENSG00000115163,CENPA,-0.02640539850620218
4,9,negative,22,26558,ENSG00000108602,ALDH3A1,-0.02637467286978565
4,9,negative,23,30915,ENSG00000063180,CA11,-0.026180267828176743
4,9,negative,24,17596,ENSG00000271933,RP11-338I21.1,-0.026127753490167552
4,9,negative,25,2814,ENSG00000117724,CENPF,-0.026115541124048437
4,9,negative,26,22556,ENSG00000100918,REC8,-0.026086314593120403
4,9,negative,27,1941,ENSG00000163209,SPRR3,-0.025993091336619128
4,9,negative,28,18091,ENSG00000148814,LRRC27,-0.025981335082733654
4,9,negative,29,9823,ENSG00000260581,CTB-113P19.4,-0.025853106635232263
4,9,negative,30,11669,ENSG00000203711,C6orf99,-0.02582603325319182
4,9,negative,31,5032,ENSG00000030419,IKZF2,-0.025821513923104278
4,9,negative,32,29753,ENSG00000181143,MUC16,-0.025741065682934747
4,9,negative,33,27967,ENSG00000266401,RP11-874J12.4,-0.025737290547575987
4,9,negative,34,12771,ENSG00000164603,C7orf60,-0.025660901589368096
4,9,negative,35,23920,ENSG00000151575,TEX9,-0.025647563062795694
4,9,negative,36,13846,ENSG00000158164,TMSB15A,-0.02510707588324601
4,9,negative,37,5899,ENSG00000001617,SEMA3F,-0.025105649677588847
4,9,negative,38,15341,ENSG00000272384,RP11-44N11.2,-0.025084537012874487
4,9,negative,39,28981,ENSG00000118707,TGIF2,-0.024979955614684995
4,9,negative,40,6278,ENSG00000091986,CCDC80,-0.024745911724822156
4,9,negative,41,14102,ENSG00000129682,FGF13,-0.024652860778194063
4,9,negative,42,30815,ENSG00000104983,CCDC61,-0.024468291266648446
4,9,negative,43,14072,ENSG00000186376,ZNF75D,-0.024428312718408944
4,9,negative,44,18788,ENSG00000149177,PTPRJ,-0.02424408240442356
4,9,negative,45,9786,ENSG00000155846,PPARGC1B,-0.024209988462455655
4,9,negative,46,2033,ENSG00000185499,MUC1,-0.024157489257628215
4,9,negative,47,29776,ENSG00000224689,ZNF812,-0.023980665432665797
4,9,negative,48,18681,ENSG00000166349,RAG1,-0.02382579697360462
4,9,negative,49,6061,ENSG00000239653,PSMD6-AS2,-0.023753532409512047
4,9,negative,50,10202,ENSG00000137267,TUBB2A,-0.02370293469005898
4,9,positive,1,1929,ENSG00000240386,LCE1F,0.040283777042614995
4,9,positive,2,4185,ENSG00000115602,IL1RL1,0.038443050480996506
4,9,positive,3,28432,ENSG00000197632,SERPINB2,0.03695192828201769
4,9,positive,4,21795,ENSG00000165474,GJB2,0.03606079428984783
4,9,positive,5,18248,ENSG00000254827,SLC22A18AS,0.03446062408930169
4,9,positive,6,31636,ENSG00000099937,SERPIND1,0.03362794580643453
4,9,positive,7,7901,ENSG00000248161,RP11-499E18.1,0.03327444959218193
4,9,positive,8,21822,ENSG00000127863,TNFRSF19,0.03209307992337729
4,9,positive,9,7765,ENSG00000163297,ANTXR2,0.031483391806743116
4,9,positive,10,30663,ENSG00000028277,POU2F2,0.03132360306825293
4,9,positive,11,5779,ENSG00000144791,LIMD1,0.031032991899066976
4,9,positive,12,26939,ENSG00000108342,CSF3,0.03075256028765573
4,9,positive,13,10671,ENSG00000213654,GPSM3,0.02994166695235095
4,9,positive,14,7063,ENSG00000229334,AC046143.3,0.02942965200592429
4,9,positive,15,9045,ENSG00000251493,FOXD1,0.029327476854456767
4,9,positive,16,9054,ENSG00000214944,ARHGEF28,0.02896825410148359
4,9,positive,17,5941,ENSG00000090097,PCBP4,0.02882389905346555
4,9,positive,18,13947,ENSG00000087916,SLC6A14,0.02875672260425998
4,9,positive,19,23595,ENSG00000166922,SCG5,0.028636969395497452
4,9,positive,20,2448,ENSG00000232586,RP11-46A10.4,0.028470981747152544
4,9,positive,21,1821,ENSG00000014914,MTMR11,0.028360826202002462
4,9,positive,22,24253,ENSG00000058335,RASGRF1,0.02798196047861272
4,9,positive,23,19298,ENSG00000162341,TPCN2,0.02761469886296365
4,9,positive,24,12612,ENSG00000221838,AP4M1,0.02758276491120902
4,9,positive,25,3906,ENSG00000163235,TGFA,0.02721733948574417
4,9,positive,26,24157,ENSG00000138623,SEMA7A,0.02720659293052569
4,9,positive,27,7698,ENSG00000163734,CXCL3,0.027079908200354445
4,9,positive,28,21073,ENSG00000153233,PTPRR,0.027018933326143853
4,9,positive,29,12374,ENSG00000158321,AUTS2,0.026958173480841913
4,9,positive,30,21976,ENSG00000102760,RGCC,0.026881720976221067
4,9,positive,31,10952,ENSG00000153294,GPR115,0.026764978978086735
4,9,positive,32,5991,ENSG00000271976,RP11-884K10.7,0.0267581733242924
4,9,positive,33,12887,ENSG00000128591,FLNC,0.026540475605528628
4,9,positive,34,9307,ENSG00000145777,TSLP,0.026263904565467174
4,9,positive,35,6587,ENSG00000272565,RP11-485G4.2,0.025832740047615238
4,9,positive,36,9720,ENSG00000145819,ARHGAP26,0.025730029821827663
4,9,positive,37,10801,ENSG00000183826,BTBD9,0.025727883013899427
4,9,positive,38,6683,ENSG00000114771,AADAC,0.02562379927531945
4,9,positive,39,14537,ENSG00000173530,TNFRSF10D,0.02554700168158176
4,9,positive,40,10863,ENSG00000112624,GLTSCR1L,0.02548418736117596
4,9,positive,41,6541,ENSG00000138231,DBR1,0.02546270988114799
4,9,positive,42,31852,ENSG00000138942,RNF185,0.02542404565176392
4,9,positive,43,6374,ENSG00000272758,RP11-299J3.8,0.02526533789141445
4,9,positive,44,9292,ENSG00000145743,FBXL17,0.025111995905062825
4,9,positive,45,20950,ENSG00000111012,CYP27B1,0.02496493515840098
4,9,positive,46,12660,ENSG00000227053,RP11-395B7.4,0.024795009661224377
4,9,positive,47,5590,ENSG00000182247,UBE2E2,0.024653635580644005
4,9,positive,48,13003,ENSG00000157800,SLC37A3,0.024435933574028172
4,9,positive,49,19629,ENSG00000196611,MMP1,0.024434506121615
4,9,positive,50,14275,ENSG00000155961,RAB39B,0.02442615350932548
4,10,negative,1,20581,ENSG00000257433,RP1-197B17.3,-0.036375323529812056
4,10,negative,2,4899,ENSG00000247626,MARS2,-0.03418120245277413
4,10,negative,3,30140,ENSG00000105662,CRTC1,-0.030331146421490214
4,10,negative,4,10196,ENSG00000270346,RP1-90J20.12,-0.030194616389307267
4,10,negative,5,13924,ENSG00000077264,PAK3,-0.029730503358461224
4,10,negative,6,16432,ENSG00000106948,AKNA,-0.029611901204651646
4,10,negative,7,29346,ENSG00000101210,EEF1A2,-0.029530977644545764
4,10,negative,8,18752,ENSG00000110497,AMBRA1,-0.028800841341676205
4,10,negative,9,9798,ENSG00000019582,CD74,-0.028796098612116003
4,10,negative,10,13563,ENSG00000049769,PPP1R3F,-0.028614480054415
4,10,negative,11,13665,ENSG00000198205,ZXDA,-0.028576749304110846
4,10,negative,12,24355,ENSG00000183655,KLHL25,-0.028527628228748474
4,10,negative,13,7802,ENSG00000138639,ARHGAP24,-0.028451198500534694
4,10,negative,14,19230,ENSG00000258297,RP11-658F2.8,-0.028176138736536578
4,10,negative,15,9216,ENSG00000113391,FAM172A,-0.027932898949311946
4,10,negative,16,19613,ENSG00000110318,KIAA1377,-0.027731129050961825
4,10,negative,17,15331,ENSG00000170961,HAS2,-0.027693995862332496
4,10,negative,18,2441,ENSG00000230124,RP5-1180C10.2,-0.027432782422575627
4,10,negative,19,1295,ENSG00000097096,SYDE2,-0.02720388219276832
4,10,negative,20,25811,ENSG00000140876,NUDT7,-0.026878216505664087
4,10,negative,21,12389,ENSG00000176428,VPS37D,-0.026477254265472483
4,10,negative,22,8136,ENSG00000196782,MAML3,-0.026338949043671598
4,10,negative,23,19774,ENSG00000160584,SIK3,-0.026129042917783552
4,10,negative,24,17164,ENSG00000273038,RP11-479G22.8,-0.02611254221189221
4,10,negative,25,28136,ENSG00000134490,TMEM241,-0.026060772942864737
4,10,negative,26,17805,ENSG00000272572,RP11-179B2.2,-0.025831853441473623
4,10,negative,27,31087,ENSG00000105497,ZNF175,-0.025385167831488753
4,10,negative,28,8203,ENSG00000164169,PRMT10,-0.025200457232962194
4,10,negative,29,24103,ENSG00000137821,LRRC49,-0.025143241568963796
4,10,negative,30,25277,ENSG00000261474,RP11-452L6.1,-0.025121133273540555
4,10,negative,31,3759,ENSG00000162994,CLHC1,-0.025068145734641972
4,10,negative,32,18038,ENSG00000189319,FAM53B,-0.0250655753905727
4,10,negative,33,6390,ENSG00000239523,MYLK-AS1,-0.024894331578313136
4,10,negative,34,26883,ENSG00000174111,SOCS7,-0.02488623290777137
4,10,negative,35,14940,ENSG00000137571,SLCO5A1,-0.024610213470805716
4,10,negative,36,16541,ENSG00000173611,SCAI,-0.024597879993109868
4,10,negative,37,8981,ENSG00000069020,MAST4,-0.024544759633410303
4,10,negative,38,8827,ENSG00000251131,CTD-2035E11.3,-0.024543329552014357
4,10,negative,39,17035,ENSG00000107611,CUBN,-0.024337542778671124
4,10,negative,40,15567,ENSG00000178814,OPLAH,-0.02401618556361884
4,10,negative,41,29121,ENSG00000100982,PCIF1,-0.023719710800219587
4,10,negative,42,21845,ENSG00000139505,MTMR6,-0.023601923163656287
4,10,negative,43,25590,ENSG00000102878,HSF4,-0.02359236538384723
4,10,negative,44,27517,ENSG00000256525,POLG2,-0.02358605864343045
4,10,negative,45,31314,ENSG00000197016,ZNF470,-0.023560049474422202
4,10,negative,46,2756,ENSG00000227591,RP1-28O10.1,-0.023495160272833535
4,10,negative,47,20657,ENSG00000186666,BCDIN3D,-0.02341559572471227
4,10,negative,48,1999,ENSG00000160712,IL6R,-0.023363553656314474
4,10,negative,49,12926,ENSG00000226380,MIR29A,-0.023206029606398962
4,10,negative,50,22891,ENSG00000100625,SIX4,-0.023203907113686837
4,10,positive,1,18067,ENSG00000132334,PTPRE,0.037297031972763295
4,10,positive,2,12663,ENSG00000106366,SERPINE1,0.035998855640041294
4,10,positive,3,26049,ENSG00000183688,FAM101B,0.035376952801664446
4,10,positive,4,27027,ENSG00000186832,KRT16,0.035234098356405404
4,10,positive,5,17652,ENSG00000119922,IFIT2,0.03452704386769243
4,10,positive,6,3279,ENSG00000134321,RSAD2,0.03450684220143163
4,10,positive,7,14917,ENSG00000185697,MYBL1,0.034064408370238344
4,10,positive,8,12015,ENSG00000136244,IL6,0.0337813152541341
4,10,positive,9,2097,ENSG00000143320,CRABP2,0.03247958727272432
4,10,positive,10,24921,ENSG00000262454,RP11-65J21.3,0.031925602650419466
4,10,positive,11,26512,ENSG00000249459,ZNF286B,0.03171394699671605
4,10,positive,12,26880,ENSG00000174093,RP11-1407O15.2,0.03148316728785568
4,10,positive,13,19699,ENSG00000086848,ALG9,0.03137721886955134
4,10,positive,14,12574,ENSG00000106236,NPTX2,0.030972782437034396
4,10,positive,15,2173,ENSG00000224259,LINC01133,0.030185256923524192
4,10,positive,16,27242,ENSG00000002919,SNX11,0.030069885361426407
4,10,positive,17,7733,ENSG00000169245,CXCL10,0.029483365073996088
4,10,positive,18,18653,ENSG00000166016,ABTB2,0.029090524991588353
4,10,positive,19,19377,ENSG00000171631,P2RY6,0.028854088102949246
4,10,positive,20,16673,ENSG00000130707,ASS1,0.028651127621584917
4,10,positive,21,18276,ENSG00000132109,TRIM21,0.028560870498916726
4,10,positive,22,6219,ENSG00000144802,NFKBIZ,0.028451840621207716
4,10,positive,23,12513,ENSG00000001630,CYP51A1,0.028299032616737132
4,10,positive,24,27102,ENSG00000175832,ETV4,0.028068392884044523
4,10,positive,25,29664,ENSG00000125726,CD70,0.028006267574855127
4,10,positive,26,30951,ENSG00000221916,C19orf73,0.028006198273785924
4,10,positive,27,4168,ENSG00000170485,NPAS2,0.027979792971389257
4,10,positive,28,12665,ENSG00000128564,VGF,0.027643935406671174
4,10,positive,29,25596,ENSG00000102890,ELMO3,0.027320051651377558
4,10,positive,30,25853,ENSG00000260682,7SK,0.027231390209841545
4,10,positive,31,2675,ENSG00000133056,PIK3C2B,0.02720993548097074
4,10,positive,32,10607,ENSG00000227507,LTB,0.026594337700489672
4,10,positive,33,207,ENSG00000142599,RERE,0.026573043323834318
4,10,positive,34,7169,ENSG00000159674,SPON2,0.026305110880775487
4,10,positive,35,24606,ENSG00000103245,NARFL,0.02621529218825169
4,10,positive,36,17321,ENSG00000174194,AGAP8,0.026187086259013524
4,10,positive,37,16592,ENSG00000234771,RP11-395P17.3,0.025759978352298405
4,10,positive,38,21530,ENSG00000111725,PRKAB1,0.025702553950457997
4,10,positive,39,15809,ENSG00000107201,DDX58,0.02543469447775511
4,10,positive,40,13418,ENSG00000198947,DMD,0.025344790103250085
4,10,positive,41,29780,ENSG00000127452,FBXL12,0.025334558178949414
4,10,positive,42,24840,ENSG00000184857,TMEM186,0.025317707304265007
4,10,positive,43,1390,ENSG00000152078,TMEM56,0.02531339370244459
4,10,positive,44,26637,ENSG00000258472,RP11-192H23.4,0.025264809208610982
4,10,positive,45,357,ENSG00000142632,ARHGEF19,0.025243249778123193
4,10,positive,46,16741,ENSG00000130635,COL5A1,0.02514003272589155
4,10,positive,47,14334,ENSG00000164825,DEFB1,0.024829362006877083
4,10,positive,48,12995,ENSG00000273391,RP11-634H22.1,0.024693921625805037
4,10,positive,49,20962,ENSG00000166896,XRCC6BP1,0.024652084111999994
4,10,positive,50,18016,ENSG00000213185,FAM24B,0.024620541078948434
4,11,negative,1,7705,ENSG00000109321,AREG,-0.038188061245329065
4,11,negative,2,1810,ENSG00000183558,HIST2H2AA3,-0.03556991103615046
4,11,negative,3,27926,ENSG00000176912,C18orf56,-0.034491875674011366
4,11,negative,4,20351,ENSG00000111341,MGP,-0.03429320748600041
4,11,negative,5,12597,ENSG00000106258,CYP3A5,-0.03305712929324876
4,11,negative,6,5072,ENSG00000115461,IGFBP5,-0.03268728121908141
4,11,negative,7,24515,ENSG00000183060,LYSMD4,-0.03258736968484894
4,11,negative,8,26955,ENSG00000131746,TNS4,-0.03253504402857465
4,11,negative,9,25511,ENSG00000102996,MMP15,-0.03207422847370524
4,11,negative,10,7039,ENSG00000127252,HRASLS,-0.03158666424100406
4,11,negative,11,9588,ENSG00000120738,EGR1,-0.03119317136532503
4,11,negative,12,21795,ENSG00000165474,GJB2,-0.031037265792902162
4,11,negative,13,21351,ENSG00000166046,TCP11L2,-0.030989667129777368
4,11,negative,14,23994,ENSG00000074410,CA12,-0.030376874777171003
4,11,negative,15,23595,ENSG00000166922,SCG5,-0.029578476970955135
4,11,negative,16,8392,ENSG00000109674,NEIL3,-0.029115100826990467
4,11,negative,17,26082,ENSG00000167716,WDR81,-0.028964441948924342
4,11,negative,18,23080,ENSG00000170345,FOS,-0.027564623460294174
4,11,negative,19,13732,ENSG00000125931,CITED1,-0.0273913225087185
4,11,negative,20,1171,ENSG00000184588,PDE4B,-0.027316698601627103
4,11,negative,21,4598,ENSG00000224152,AC009506.1,-0.026591044645875746
4,11,negative,22,5028,ENSG00000021826,CPS1,-0.0263070319804718
4,11,negative,23,11988,ENSG00000122691,TWIST1,-0.026286333678455263
4,11,negative,24,12147,ENSG00000271122,RP11-379H18.1,-0.02591511567183779
4,11,negative,25,4047,ENSG00000168874,ATOH8,-0.025462106614124753
4,11,negative,26,22222,ENSG00000080166,DCT,-0.025445683003071897
4,11,negative,27,17548,ENSG00000233871,DLG5-AS1,-0.02542039424877962
4,11,negative,28,16261,ENSG00000081377,CDC14B,-0.02538323394788251
4,11,negative,29,22292,ENSG00000134899,ERCC5,-0.02533269275367275
4,11,negative,30,17760,ENSG00000155254,MARVELD1,-0.025215649627962782
4,11,negative,31,29069,ENSG00000064205,WISP2,-0.0248477682603341
4,11,negative,32,16839,ENSG00000197191,C9orf169,-0.024824889084145926
4,11,negative,33,8292,ENSG00000052795,FNIP2,-0.02450529634678725
4,11,negative,34,19382,ENSG00000054965,FAM168A,-0.024497531606422502
4,11,negative,35,22289,ENSG00000134901,KDELC1,-0.02446906528239648
4,11,negative,36,14055,ENSG00000223749,MIR503HG,-0.024346439141786188
4,11,negative,37,11225,ENSG00000123552,USP45,-0.024308853655408393
4,11,negative,38,23452,ENSG00000140104,C14orf79,-0.02429372907548623
4,11,negative,39,5580,ENSG00000114166,KAT2B,-0.024202470805988405
4,11,negative,40,600,ENSG00000130775,THEMIS2,-0.024144865701267487
4,11,negative,41,29406,ENSG00000267751,AC009005.2,-0.02395573020393947
4,11,negative,42,23253,ENSG00000100628,ASB2,-0.02394438408788574
4,11,negative,43,162,ENSG00000131697,NPHP4,-0.023922943710873987
4,11,negative,44,23574,ENSG00000187951,ARHGAP11B,-0.02391563581880628
4,11,negative,45,31354,ENSG00000083817,ZNF416,-0.02384629274958179
4,11,negative,46,28201,ENSG00000259985,RP11-549B18.1,-0.0237579973924755
4,11,negative,47,8478,ENSG00000179046,TRIML2,-0.02370280220775598
4,11,negative,48,16103,ENSG00000106772,PRUNE2,-0.02341476819966347
4,11,negative,49,9039,ENSG00000157107,FCHO2,-0.023237231798359688
4,11,negative,50,20527,ENSG00000151229,SLC2A13,-0.023224667988859703
4,11,positive,1,7694,ENSG00000163739,CXCL1,0.047987202440395414
4,11,positive,2,13284,ENSG00000146950,SHROOM2,0.036325778361877364
4,11,positive,3,19687,ENSG00000196167,COLCA1,0.03394889850321359
4,11,positive,4,7691,ENSG00000169429,IL8,0.03311341114028746
4,11,positive,5,962,ENSG00000162366,PDZK1IP1,0.03227147073511654
4,11,positive,6,30116,ENSG00000105649,RAB3A,0.03187096435000439
4,11,positive,7,26978,ENSG00000212901,KRTAP3-1,0.03142562650085595
4,11,positive,8,20710,ENSG00000167767,KRT80,0.030891618256696503
4,11,positive,9,27978,ENSG00000198081,ZBTB14,0.030411648052346852
4,11,positive,10,11495,ENSG00000230533,RP11-95M15.1,0.029600622717241665
4,11,positive,11,4404,ENSG00000115718,PROC,0.028446667534603773
4,11,positive,12,20022,ENSG00000182667,NTM,0.028170085434071165
4,11,positive,13,30605,ENSG00000160460,SPTBN4,0.02759233828059208
4,11,positive,14,9221,ENSG00000175471,MCTP1,0.027575294430682542
4,11,positive,15,26985,ENSG00000212724,KRTAP2-3,0.026561135143747392
4,11,positive,16,17672,ENSG00000148677,ANKRD1,0.026374641639434607
4,11,positive,17,14334,ENSG00000164825,DEFB1,0.026124235436001193
4,11,positive,18,5992,ENSG00000113812,ACTR8,0.025857886358386293
4,11,positive,19,578,ENSG00000158246,FAM46B,0.025792071095541685
4,11,positive,20,10293,ENSG00000111859,NEDD9,0.02558340589705311
4,11,positive,21,13759,ENSG00000094841,UPRT,0.025568627531117407
4,11,positive,22,9986,ENSG00000120129,DUSP1,0.025539880133328332
4,11,positive,23,26076,ENSG00000167703,SLC43A2,0.025424059166394362
4,11,positive,24,27029,ENSG00000173801,JUP,0.02523160627208458
4,11,positive,25,29954,ENSG00000132016,C19orf57,0.02522220482597059
4,11,positive,26,31841,ENSG00000184792,OSBP2,0.02474585400307028
4,11,positive,27,26759,ENSG00000006042,TMEM98,0.0242887214707614
4,11,positive,28,17133,ENSG00000095739,BAMBI,0.02421269842318715
4,11,positive,29,935,ENSG00000117472,TSPAN1,0.02410665547060512
4,11,positive,30,8193,ENSG00000120519,SLC10A7,0.023840464411203112
4,11,positive,31,5673,ENSG00000144677,CTDSPL,0.023817797490453787
4,11,positive,32,2732,ENSG00000123843,C4BPB,0.023733160688206335
4,11,positive,33,19931,ENSG00000154133,ROBO4,0.023599829374675894
4,11,positive,34,11300,ENSG00000173214,KIAA1919,0.023471641370196878
4,11,positive,35,32221,ENSG00000217442,SYCE3,0.02345564671684556
4,11,positive,36,28271,ENSG00000152229,PSTPIP2,0.023454571527853615
4,11,positive,37,27327,ENSG00000167107,ACSF2,0.02286224152269083
4,11,positive,38,5836,ENSG00000145040,UCN2,0.022838243230692203
4,11,positive,39,21993,ENSG00000179630,LACC1,0.022820841573634697
4,11,positive,40,13636,ENSG00000130119,GNL3L,0.022774531591519005
4,11,positive,41,15875,ENSG00000165282,PIGO,0.02261410388549392
4,11,positive,42,31371,ENSG00000204514,ZNF814,0.022552482135587963
4,11,positive,43,13650,ENSG00000247746,USP51,0.022432932064925314
4,11,positive,44,28268,ENSG00000141469,SLC14A1,0.022364577317684896
4,11,positive,45,23703,ENSG00000104140,RHOV,0.02235836115517082
4,11,positive,46,14192,ENSG00000221867,MAGEA3,0.022357169964966398
4,11,positive,47,15500,ENSG00000167653,PSCA,0.02210555398700096
4,11,positive,48,23205,ENSG00000119720,NRDE2,0.02202573888447662
4,11,positive,49,17226,ENSG00000196793,ZNF239,0.021923951257928252
4,11,positive,50,20574,ENSG00000139211,AMIGO2,0.02192082067058874
4,12,negative,1,8078,ENSG00000151470,C4orf33,-0.03565830124442748
4,12,negative,2,20894,ENSG00000110944,IL23A,-0.03339122520382364
4,12,negative,3,23680,ENSG00000233041,PHGR1,-0.032432031273058735
4,12,negative,4,12428,ENSG00000177679,SRRM3,-0.03128672617903327
4,12,negative,5,7698,ENSG00000163734,CXCL3,-0.030750581527298263
4,12,negative,6,24781,ENSG00000122390,NAA60,-0.029752234235910235
4,12,negative,7,25462,ENSG00000125124,BBS2,-0.029212674986159804
4,12,negative,8,12663,ENSG00000106366,SERPINE1,-0.029119646917706882
4,12,negative,9,18217,ENSG00000244242,IFITM10,-0.02891961064520574
4,12,negative,10,3575,ENSG00000272716,RP11-563N4.1,-0.02788646150734605
4,12,negative,11,6037,ENSG00000168306,ACOX2,-0.027742992256819428
4,12,negative,12,14958,ENSG00000235531,RP11-383H13.1,-0.02772612843298034
4,12,negative,13,18167,ENSG00000247095,MIR210HG,-0.027516355997538784
4,12,negative,14,30506,ENSG00000011332,DPF1,-0.027471715072995964
4,12,negative,15,1641,ENSG00000134253,TRIM45,-0.026947077051137514
4,12,negative,16,865,ENSG00000164010,ERMAP,-0.026829527873307148
4,12,negative,17,1119,ENSG00000172456,FGGY,-0.026588625335683607
4,12,negative,18,22158,ENSG00000178695,KCTD12,-0.02625334166510317
4,12,negative,19,24756,ENSG00000261971,RP11-473M20.7,-0.026068757623463414
4,12,negative,20,11497,ENSG00000237499,RP11-356I2.4,-0.0260127746352536
4,12,negative,21,32057,ENSG00000167074,TEF,-0.025896068507311035
4,12,negative,22,8880,ENSG00000185305,ARL15,-0.025023561943607775
4,12,negative,23,16132,ENSG00000148057,IDNK,-0.024967577338073893
4,12,negative,24,10095,ENSG00000169131,ZNF354A,-0.024946095808963772
4,12,negative,25,16231,ENSG00000269929,RP11-2B6.2,-0.024907322059630015
4,12,negative,26,10193,ENSG00000244041,LINC01011,-0.02487749158985189
4,12,negative,27,26921,ENSG00000131771,PPP1R1B,-0.02482759218794676
4,12,negative,28,23360,ENSG00000225746,AL132709.5,-0.024799312709393655
4,12,negative,29,32506,ENSG00000198054,DSCR8,-0.02466563765018592
4,12,negative,30,20440,ENSG00000123096,SSPN,-0.02457730770262044
4,12,negative,31,15521,ENSG00000181638,ZFP41,-0.024495844195956816
4,12,negative,32,23142,ENSG00000211448,DIO2,-0.024420445314651894
4,12,negative,33,20494,ENSG00000013573,DDX11,-0.024214690951115274
4,12,negative,34,22959,ENSG00000198133,TMEM229B,-0.02410018476687064
4,12,negative,35,5835,ENSG00000114268,PFKFB4,-0.024053788274267338
4,12,negative,36,10798,ENSG00000112139,MDGA1,-0.023957224647835285
4,12,negative,37,24793,ENSG00000262468,RP11-95P2.1,-0.0238864573280828
4,12,negative,38,23398,ENSG00000205436,EXOC3L4,-0.023775964215127926
4,12,negative,39,5306,ENSG00000163359,COL6A3,-0.023676747561520144
4,12,negative,40,14959,ENSG00000178860,MSC,-0.023668542807075064
4,12,negative,41,8638,ENSG00000145491,ROPN1L,-0.02362648254525062
4,12,negative,42,19033,ENSG00000168000,BSCL2,-0.023604404018278333
4,12,negative,43,19211,ENSG00000255468,RP11-867G23.8,-0.023514927312962987
4,12,negative,44,21452,ENSG00000111335,OAS2,-0.023407474364875044
4,12,negative,45,15341,ENSG00000272384,RP11-44N11.2,-0.023356499262500663
4,12,negative,46,26223,ENSG00000212734,C17orf100,-0.023334126776475898
4,12,negative,47,22361,ENSG00000153531,ADPRHL1,-0.02322550091127827
4,12,negative,48,18067,ENSG00000132334,PTPRE,-0.023223155423742346
4,12,negative,49,2878,ENSG00000187554,TLR5,-0.023129829623278808
4,12,negative,50,30366,ENSG00000180884,ZNF792,-0.023111799528162676
4,12,positive,1,1863,ENSG00000163155,LYSMD1,0.036824119457291395
4,12,positive,2,31817,ENSG00000128342,LIF,0.03609980314658225
4,12,positive,3,7810,ENSG00000145332,KLHL8,0.03514756357604177
4,12,positive,4,13897,ENSG00000198088,NUP62CL,0.03375902043217159
4,12,positive,5,24528,ENSG00000183475,ASB7,0.033698386139023255
4,12,positive,6,1941,ENSG00000163209,SPRR3,0.032165329199619834
4,12,positive,7,19894,ENSG00000166261,ZNF202,0.03161779421197288
4,12,positive,8,17987,ENSG00000198873,GRK5,0.031556297426453085
4,12,positive,9,18896,ENSG00000110031,LPXN,0.030689600659389624
4,12,positive,10,27852,ENSG00000183979,NPB,0.030541349675396515
4,12,positive,11,27196,ENSG00000214401,KANSL1-AS1,0.029880635245420586
4,12,positive,12,11144,ENSG00000135315,KIAA1009,0.029685855322244378
4,12,positive,13,5961,ENSG00000010318,PHF7,0.028475537166128738
4,12,positive,14,2082,ENSG00000236947,RP11-98G7.1,0.027890313891948366
4,12,positive,15,13392,ENSG00000101868,POLA1,0.027873224042872083
4,12,positive,16,17528,ENSG00000156671,SAMD8,0.027543249074186243
4,12,positive,17,1160,ENSG00000158966,CACHD1,0.027193593310991814
4,12,positive,18,18670,ENSG00000179431,FJX1,0.02715903134656996
4,12,positive,19,17786,ENSG00000107554,DNMBP,0.027070282047078096
4,12,positive,20,2025,ENSG00000143590,EFNA3,0.02696217525264218
4,12,positive,21,7469,ENSG00000168421,RHOH,0.026913887584890345
4,12,positive,22,19019,ENSG00000149480,MTA2,0.02690575689942254
4,12,positive,23,1942,ENSG00000169469,SPRR1B,0.02689368541431832
4,12,positive,24,16826,ENSG00000197355,UAP1L1,0.026891089547054013
4,12,positive,25,31667,ENSG00000100027,YPEL1,0.02686443160462874
4,12,positive,26,1222,ENSG00000254685,FPGT,0.02683541176816311
4,12,positive,27,11616,ENSG00000155906,RMND1,0.026793520239702787
4,12,positive,28,14328,ENSG00000091879,ANGPT2,0.02677104715836594
4,12,positive,29,4267,ENSG00000144063,MALL,0.026519012398770827
4,12,positive,30,29294,ENSG00000184402,SS18L1,0.02648747317323188
4,12,positive,31,8443,ENSG00000109762,SNX25,0.02641873685588484
4,12,positive,32,31248,ENSG00000133247,SUV420H2,0.026330636705639926
4,12,positive,33,28750,ENSG00000125846,ZNF133,0.02630746896040677
4,12,positive,34,25655,ENSG00000184939,ZFP90,0.026274035696790394
4,12,positive,35,7265,ENSG00000163995,ABLIM2,0.02625189360313524
4,12,positive,36,22675,ENSG00000198807,PAX9,0.026246060654849093
4,12,positive,37,2543,ENSG00000116741,RGS2,0.026215072245722667
4,12,positive,38,11701,ENSG00000272841,RP3-428L16.2,0.02583366876242814
4,12,positive,39,29626,ENSG00000141994,DUS3L,0.02583178453989822
4,12,positive,40,21039,ENSG00000111554,MDM1,0.025487057221759618
4,12,positive,41,9631,ENSG00000113108,APBB3,0.02535388122594199
4,12,positive,42,26179,ENSG00000141503,MINK1,0.02532690261628424
4,12,positive,43,3807,ENSG00000186889,TMEM17,0.025042143179429086
4,12,positive,44,8447,ENSG00000109775,UFSP2,0.0250167389745303
4,12,positive,45,12739,ENSG00000272854,RP4-593H12.1,0.024966170446828487
4,12,positive,46,23084,ENSG00000156127,BATF,0.02477031460831823
4,12,positive,47,10066,ENSG00000246334,PRR7-AS1,0.024634176192386805
4,12,positive,48,25358,ENSG00000102921,N4BP1,0.024616851588854058
4,12,positive,49,22458,ENSG00000165795,NDRG2,0.024562995400039537
4,12,positive,50,8249,ENSG00000121210,KIAA0922,0.02446182760660244
4,13,negative,1,23764,ENSG00000168806,LCMT2,-0.0374451896908819
4,13,negative,2,21976,ENSG00000102760,RGCC,-0.03470168662874034
4,13,negative,3,25605,ENSG00000159713,TPPP3,-0.033042589354292405
4,13,negative,4,13018,ENSG00000006530,AGK,-0.03098324324631698
4,13,negative,5,17044,ENSG00000260589,RP11-390B4.5,-0.03090068211143614
4,13,negative,6,7374,ENSG00000152990,GPR125,-0.03062599827071631
4,13,negative,7,5252,ENSG00000221944,TIGD1,-0.03047614905104044
4,13,negative,8,19095,ENSG00000219435,TEX40,-0.030201094571021353
4,13,negative,9,32588,ENSG00000142178,SIK1,-0.02992838698478849
4,13,negative,10,14253,ENSG00000130827,PLXNA3,-0.028970020931090853
4,13,negative,11,6162,ENSG00000178700,DHFRL1,-0.0285934162845959
4,13,negative,12,22988,ENSG00000198732,SMOC1,-0.028585960402131527
4,13,negative,13,24245,ENSG00000169684,CHRNA5,-0.028527468610723552
4,13,negative,14,12102,ENSG00000180354,MTURN,-0.028287286896809167
4,13,negative,15,27322,ENSG00000015532,XYLT2,-0.027725380671598323
4,13,negative,16,16561,ENSG00000136828,RALGPS1,-0.027642731314758716
4,13,negative,17,4232,ENSG00000115652,UXS1,-0.02699133109406974
4,13,negative,18,27880,ENSG00000268852,AC132872.2,-0.026839683776004514
4,13,negative,19,11658,ENSG00000122335,SERAC1,-0.026715655591919994
4,13,negative,20,21184,ENSG00000049130,KITLG,-0.02634741104584482
4,13,negative,21,32276,ENSG00000154645,CHODL,-0.02631538067449002
4,13,negative,22,15777,ENSG00000147883,CDKN2B,-0.02620222038480626
4,13,negative,23,15667,ENSG00000096968,JAK2,-0.02598528651447678
4,13,negative,24,24778,ENSG00000140987,ZSCAN32,-0.02581178544431609
4,13,negative,25,2280,ENSG00000224358,RP11-466F5.8,-0.0257663353199494
4,13,negative,26,2696,ENSG00000158715,SLC45A3,-0.02576412320544405
4,13,negative,27,10836,ENSG00000112559,MDFI,-0.025705092591632298
4,13,negative,28,1971,ENSG00000272030,RP1-178F15.4,-0.025683237596647222
4,13,negative,29,5716,ENSG00000187094,CCK,-0.02553200388711387
4,13,negative,30,25596,ENSG00000102890,ELMO3,-0.02541402044456534
4,13,negative,31,26929,ENSG00000264198,RP11-94L15.2,-0.025157134911782116
4,13,negative,32,27099,ENSG00000175906,ARL4D,-0.02462412109348142
4,13,negative,33,31347,ENSG00000197128,ZNF772,-0.024601146460940398
4,13,negative,34,19298,ENSG00000162341,TPCN2,-0.02459647322620973
4,13,negative,35,543,ENSG00000182749,PAQR7,-0.024489585895671115
4,13,negative,36,23102,ENSG00000013523,ANGEL1,-0.024280726143819886
4,13,negative,37,14518,ENSG00000120910,PPP3CC,-0.024196559028068356
4,13,negative,38,15831,ENSG00000165271,NOL6,-0.02409142540098604
4,13,negative,39,17149,ENSG00000183621,ZNF438,-0.024018941044847874
4,13,negative,40,9363,ENSG00000271918,CTD-2287O16.5,-0.02395887577006096
4,13,negative,41,4832,ENSG00000168542,COL3A1,-0.02388522971107625
4,13,negative,42,8214,ENSG00000170390,DCLK2,-0.023709857024768737
4,13,negative,43,1339,ENSG00000272931,RP5-943J3.2,-0.02367899642225698
4,13,negative,44,23338,ENSG00000168350,DEGS2,-0.02360917353016616
4,13,negative,45,12172,ENSG00000078053,AMPH,-0.02358543228541923
4,13,negative,46,9165,ENSG00000250874,CTC-480C2.1,-0.023538142646428548
4,13,negative,47,24296,ENSG00000183496,MEX3B,-0.02348229411458002
4,13,negative,48,25278,ENSG00000260267,RP11-452L6.5,-0.023365468453705608
4,13,negative,49,17416,ENSG00000122912,SLC25A16,-0.023161163307372383
4,13,negative,50,6205,ENSG00000181458,TMEM45A,-0.023143543076785317
4,13,positive,1,19583,ENSG00000166025,AMOTL1,0.03904539603178888
4,13,positive,2,3585,ENSG00000049323,LTBP1,0.03498797505298447
4,13,positive,3,24006,ENSG00000157734,SNX22,0.03176282880071912
4,13,positive,4,11966,ENSG00000171243,SOSTDC1,0.03069676294411778
4,13,positive,5,22034,ENSG00000260388,LINC00562,0.029855758298844043
4,13,positive,6,12191,ENSG00000122641,INHBA,0.029657828331396976
4,13,positive,7,16515,ENSG00000186130,ZBTB6,0.029654723380654082
4,13,positive,8,10442,ENSG00000026950,BTN3A1,0.029557728160339226
4,13,positive,9,3473,ENSG00000084731,KIF3C,0.02893296791941217
4,13,positive,10,23766,ENSG00000140265,ZSCAN29,0.02830043066750349
4,13,positive,11,1656,ENSG00000231365,RP11-418J17.1,0.027690168913791124
4,13,positive,12,7118,ENSG00000228109,MFI2-AS1,0.027371179721912678
4,13,positive,13,439,ENSG00000158825,CDA,0.026818783997060523
4,13,positive,14,14862,ENSG00000178538,CA8,0.026644997298289737
4,13,positive,15,15678,ENSG00000107036,KIAA1432,0.026290210131807937
4,13,positive,16,6912,ENSG00000058063,ATP11B,0.026279017147589165
4,13,positive,17,23395,ENSG00000166126,AMN,0.026271661230160823
4,13,positive,18,28680,ENSG00000125845,BMP2,0.026230627539499684
4,13,positive,19,6998,ENSG00000157005,SST,0.026186709523997435
4,13,positive,20,217,ENSG00000234546,RP3-510D11.2,0.026165297245660843
4,13,positive,21,27852,ENSG00000183979,NPB,0.026163986113245837
4,13,positive,22,3322,ENSG00000272524,RP11-254F7.4,0.026108182342472384
4,13,positive,23,26040,ENSG00000260923,AC137934.1,0.026000033292279887
4,13,positive,24,10898,ENSG00000170734,POLH,0.025866831213492536
4,13,positive,25,10575,ENSG00000137411,VARS2,0.025782455607169054
4,13,positive,26,7192,ENSG00000214367,HAUS3,0.025720907621331657
4,13,positive,27,16407,ENSG00000136866,ZFP37,0.025649839180702107
4,13,positive,28,666,ENSG00000121753,BAI2,0.025611525057993634
4,13,positive,29,25888,ENSG00000064270,ATP2C2,0.025574020811276302
4,13,positive,30,6922,ENSG00000114796,KLHL24,0.02546389006925466
4,13,positive,31,7505,ENSG00000163281,GNPDA2,0.025442075480826217
4,13,positive,32,13423,ENSG00000147027,TMEM47,0.02540603168268897
4,13,positive,33,6127,ENSG00000227124,ZNF717,0.025367350683043306
4,13,positive,34,6766,ENSG00000169255,B3GALNT1,0.025351417813482127
4,13,positive,35,10882,ENSG00000112659,CUL9,0.025339817177803505
4,13,positive,36,17653,ENSG00000119917,IFIT3,0.02528113741265149
4,13,positive,37,11970,ENSG00000106524,ANKMY2,0.025253497495891106
4,13,positive,38,13290,ENSG00000101871,MID1,0.02523050835409258
4,13,positive,39,9221,ENSG00000175471,MCTP1,0.02498296143530409
4,13,positive,40,1553,ENSG00000273221,RP5-1180E21.5,0.024970563895912887
4,13,positive,41,15804,ENSG00000147894,C9orf72,0.024892279370038847
4,13,positive,42,6037,ENSG00000168306,ACOX2,0.024879761003846246
4,13,positive,43,3899,ENSG00000115998,C2orf42,0.024696263209861184
4,13,positive,44,1258,ENSG00000162614,NEXN,0.02452768520764596
4,13,positive,45,10606,ENSG00000232810,TNF,0.02443491499225975
4,13,positive,46,25172,ENSG00000167371,PRRT2,0.024387059415516863
4,13,positive,47,24611,ENSG00000127588,GNG13,0.024315009001485057
4,13,positive,48,23953,ENSG00000140297,GCNT3,0.024275934592944554
4,13,positive,49,31382,ENSG00000121413,ZSCAN18,0.024207908041023237
4,13,positive,50,7698,ENSG00000163734,CXCL3,0.024181226715360698
4,14,negative,1,13732,ENSG00000125931,CITED1,-0.03295153465200618
4,14,negative,2,23080,ENSG00000170345,FOS,-0.03288083558697653
4,14,negative,3,13412,ENSG00000198814,GK,-0.0317148434637407
4,14,negative,4,10312,ENSG00000124523,SIRT5,-0.031156559253627068
4,14,negative,5,20922,ENSG00000185633,NDUFA4L2,-0.030895599946358678
4,14,negative,6,8027,ENSG00000138738,PRDM5,-0.029355509024723607
4,14,negative,7,3981,ENSG00000115318,LOXL3,-0.02836091731365479
4,14,negative,8,26637,ENSG00000258472,RP11-192H23.4,-0.028038865691583297
4,14,negative,9,24287,ENSG00000172345,STARD5,-0.027363656204385304
4,14,negative,10,1717,ENSG00000213240,NOTCH2NL,-0.027310760966205647
4,14,negative,11,32528,ENSG00000157578,LCA5L,-0.027252032411315696
4,14,negative,12,30036,ENSG00000127528,KLF2,-0.026174981869736023
4,14,negative,13,26425,ENSG00000109099,PMP22,-0.02615699916632296
4,14,negative,14,23745,ENSG00000092529,CAPN3,-0.026014196033377703
4,14,negative,15,7476,ENSG00000163697,APBB2,-0.026006241989569308
4,14,negative,16,23452,ENSG00000140104,C14orf79,-0.025943839454090813
4,14,negative,17,7505,ENSG00000163281,GNPDA2,-0.025605060280870017
4,14,negative,18,7468,ENSG00000078177,N4BP2,-0.025583278219372858
4,14,negative,19,21956,ENSG00000150893,FREM2,-0.02551068902205555
4,14,negative,20,21855,ENSG00000132970,WASF3,-0.02521248916159972
4,14,negative,21,32095,ENSG00000270022,RNU12,-0.02521010979674493
4,14,negative,22,685,ENSG00000183615,FAM167B,-0.02476957805572353
4,14,negative,23,24306,ENSG00000182774,RPS17L,-0.02467581518901873
4,14,negative,24,11879,ENSG00000182095,TNRC18,-0.024578882216950246
4,14,negative,25,20240,ENSG00000175899,A2M,-0.02456090133900631
4,14,negative,26,32260,ENSG00000215386,LINC00478,-0.024501015062725454
4,14,negative,27,23627,ENSG00000134146,DPH6,-0.024481293842516856
4,14,negative,28,26955,ENSG00000131746,TNS4,-0.024396559632666594
4,14,negative,29,20760,ENSG00000135476,ESPL1,-0.02429548332776284
4,14,negative,30,12217,ENSG00000106624,AEBP1,-0.02400650429334855
4,14,negative,31,30076,ENSG00000074855,ANO8,-0.023973873673004294
4,14,negative,32,29318,ENSG00000101188,NTSR1,-0.023967194020169915
4,14,negative,33,9549,ENSG00000145824,CXCL14,-0.02396292024312695
4,14,negative,34,4832,ENSG00000168542,COL3A1,-0.023693514495115493
4,14,negative,35,11977,ENSG00000237773,AC003075.4,-0.02360243838575938
4,14,negative,36,23948,ENSG00000157456,CCNB2,-0.023544440594677748
4,14,negative,37,12388,ENSG00000009950,MLXIPL,-0.02331643316571036
4,14,negative,38,14969,ENSG00000164764,SBSPON,-0.02329890693961609
4,14,negative,39,11040,ENSG00000266680,RP5-1148A21.3,-0.023167574881727195
4,14,negative,40,20215,ENSG00000089818,NECAP1,-0.023148555610612763
4,14,negative,41,10096,ENSG00000178338,ZNF354B,-0.02310220067881279
4,14,negative,42,12404,ENSG00000086730,LAT2,-0.02275143870975836
4,14,negative,43,12716,ENSG00000272918,CTB-152G17.6,-0.022620232797772692
4,14,negative,44,29016,ENSG00000101442,ACTR5,-0.022442675740931294
4,14,negative,45,1751,ENSG00000116128,BCL9,-0.02238756738747654
4,14,negative,46,1495,ENSG00000134222,PSRC1,-0.02227274306405614
4,14,negative,47,15906,ENSG00000196196,HRCT1,-0.02214394388093627
4,14,negative,48,18760,ENSG00000134569,LRP4,-0.022129539834967175
4,14,negative,49,12953,ENSG00000146856,AGBL3,-0.022087992454749173
4,14,negative,50,31583,ENSG00000260924,AC004463.6,-0.02198374199925914
4,14,positive,1,5203,ENSG00000115009,CCL20,0.043912686020527565
4,14,positive,2,29346,ENSG00000101210,EEF1A2,0.03451184383651789
4,14,positive,3,5208,ENSG00000153823,PID1,0.033981108186124126
4,14,positive,4,24157,ENSG00000138623,SEMA7A,0.033667753703883
4,14,positive,5,718,ENSG00000121903,ZSCAN20,0.032885124102580515
4,14,positive,6,25853,ENSG00000260682,7SK,0.03265966773151931
4,14,positive,7,9366,ENSG00000092421,SEMA6A,0.031046923978822135
4,14,positive,8,5571,ENSG00000154822,PLCL2,0.030228944083204076
4,14,positive,9,30204,ENSG00000182141,ZNF708,0.029175848501636986
4,14,positive,10,29339,ENSG00000101198,NKAIN4,0.02915055294171946
4,14,positive,11,6191,ENSG00000240476,LINC00973,0.028965122295614716
4,14,positive,12,27022,ENSG00000171346,KRT15,0.028959831083656417
4,14,positive,13,15632,ENSG00000107099,DOCK8,0.028825266159973068
4,14,positive,14,32154,ENSG00000186951,PPARA,0.02870460185318254
4,14,positive,15,19622,ENSG00000137673,MMP7,0.02866689431072943
4,14,positive,16,12246,ENSG00000146674,IGFBP3,0.02854000975553736
4,14,positive,17,30825,ENSG00000188293,IGFL1,0.028347159246857028
4,14,positive,18,3234,ENSG00000130508,PXDN,0.02802093696395629
4,14,positive,19,13118,ENSG00000106538,RARRES2,0.027830476439292758
4,14,positive,20,12191,ENSG00000122641,INHBA,0.027770796646278004
4,14,positive,21,23142,ENSG00000211448,DIO2,0.02751227601307202
4,14,positive,22,18393,ENSG00000166394,CYB5R2,0.027336095686180416
4,14,positive,23,23813,ENSG00000166920,C15orf48,0.02730335592336558
4,14,positive,24,9751,ENSG00000164266,SPINK1,0.02729002812705575
4,14,positive,25,5693,ENSG00000144655,CSRNP1,0.02723461616860259
4,14,positive,26,10303,ENSG00000078401,EDN1,0.027128113259947084
4,14,positive,27,20352,ENSG00000139055,ERP27,0.02710323131885236
4,14,positive,28,27898,ENSG00000141542,RAB40B,0.0264820179898059
4,14,positive,29,24927,ENSG00000069764,PLA2G10,0.026205695639320594
4,14,positive,30,19778,ENSG00000149591,TAGLN,0.025975448093640004
4,14,positive,31,4360,ENSG00000171227,TMEM37,0.025904117399112418
4,14,positive,32,962,ENSG00000162366,PDZK1IP1,0.025876238567504158
4,14,positive,33,10773,ENSG00000189325,C6orf222,0.025639877237000577
4,14,positive,34,18711,ENSG00000085117,CD82,0.02534157162011564
4,14,positive,35,6301,ENSG00000163617,KIAA1407,0.025236100399068054
4,14,positive,36,30090,ENSG00000130304,SLC27A1,0.02516775206556229
4,14,positive,37,22900,ENSG00000232774,RP11-47I22.3,0.025115717197950947
4,14,positive,38,18532,ENSG00000151117,TMEM86A,0.025063101725780756
4,14,positive,39,13136,ENSG00000181652,ATG9B,0.025000726693693322
4,14,positive,40,11431,ENSG00000118523,CTGF,0.02495053599204167
4,14,positive,41,6841,ENSG00000121858,TNFSF10,0.024910509577269604
4,14,positive,42,3361,ENSG00000162981,FAM84A,0.02482289175407166
4,14,positive,43,11985,ENSG00000048052,HDAC9,0.02461888342480211
4,14,positive,44,18523,ENSG00000173432,SAA1,0.024524756713012144
4,14,positive,45,22023,ENSG00000136167,LCP1,0.024260214371777875
4,14,positive,46,29735,ENSG00000167772,ANGPTL4,0.024118928278810122
4,14,positive,47,23187,ENSG00000042317,SPATA7,0.023953498403226987
4,14,positive,48,29608,ENSG00000127666,TICAM1,0.023935459241164688
4,14,positive,49,55,ENSG00000184163,FAM132A,0.023812812271193917
4,14,positive,50,7082,ENSG00000145113,MUC4,0.023702694989784747
4,15,negative,1,25580,ENSG00000166592,RRAD,-0.04053470252878869
4,15,negative,2,25202,ENSG00000261052,SULT1A3,-0.033597235925924146
4,15,negative,3,29854,ENSG00000130176,CNN1,-0.032165035970886026
4,15,negative,4,25896,ENSG00000103196,CRISPLD2,-0.03176264933122452
4,15,negative,5,4123,ENSG00000168758,SEMA4C,-0.030516219675317882
4,15,negative,6,17672,ENSG00000148677,ANKRD1,-0.029881827664511362
4,15,negative,7,5184,ENSG00000135919,SERPINE2,-0.02908190133470001
4,15,negative,8,12912,ENSG00000128510,CPA4,-0.028088151914123317
4,15,negative,9,13103,ENSG00000196453,ZNF777,-0.028084193912000985
4,15,negative,10,19778,ENSG00000149591,TAGLN,-0.027370322875974476
4,15,negative,11,26560,ENSG00000270091,RP11-78O7.2,-0.02693511164733673
4,15,negative,12,29026,ENSG00000204103,MAFB,-0.026594574398921985
4,15,negative,13,8116,ENSG00000151012,SLC7A11,-0.0262897852860774
4,15,negative,14,6263,ENSG00000144824,PHLDB2,-0.02626324156323399
4,15,negative,15,17345,ENSG00000107984,DKK1,-0.026175299323570503
4,15,negative,16,21072,ENSG00000127329,PTPRB,-0.02606719137918689
4,15,negative,17,4181,ENSG00000115590,IL1R2,-0.02596423777549809
4,15,negative,18,30801,ENSG00000259605,AC074212.5,-0.025716845088059888
4,15,negative,19,32646,ENSG00000227039,ITGB2-AS1,-0.02562428928498306
4,15,negative,20,200,ENSG00000049249,TNFRSF9,-0.025580826963167654
4,15,negative,21,24144,ENSG00000129038,LOXL1,-0.02555263324938598
4,15,negative,22,2019,ENSG00000160685,ZBTB7B,-0.025480789425863366
4,15,negative,23,21106,ENSG00000139278,GLIPR1,-0.02543216673747081
4,15,negative,24,5811,ENSG00000227398,KIF9-AS1,-0.025243124557800384
4,15,negative,25,16950,ENSG00000238266,LINC00707,-0.025025485799848424
4,15,negative,26,3798,ENSG00000270820,RP11-355B11.2,-0.024855090160158466
4,15,negative,27,29252,ENSG00000124224,PPP4R1L,-0.024663991173013697
4,15,negative,28,25714,ENSG00000172137,CALB2,-0.02408554539401722
4,15,negative,29,15497,ENSG00000198576,ARC,-0.02399368471284869
4,15,negative,30,10176,ENSG00000164379,FOXQ1,-0.023622129561336178
4,15,negative,31,36,ENSG00000187961,KLHL17,-0.023619567432975712
4,15,negative,32,29680,ENSG00000130544,ZNF557,-0.023444243246281388
4,15,negative,33,3106,ENSG00000179456,ZBTB18,-0.023419341092486726
4,15,negative,34,14554,ENSG00000159167,STC1,-0.023324467206370554
4,15,negative,35,12956,ENSG00000146859,TMEM140,-0.023065274954780425
4,15,negative,36,19743,ENSG00000166741,NNMT,-0.023055520935669187
4,15,negative,37,1879,ENSG00000143367,TUFT1,-0.023040717569947876
4,15,negative,38,20527,ENSG00000151229,SLC2A13,-0.02276446931176197
4,15,negative,39,14582,ENSG00000104228,TRIM35,-0.022580963013796515
4,15,negative,40,31770,ENSG00000233521,RP5-1172A22.1,-0.022557328417147554
4,15,negative,41,32019,ENSG00000100311,PDGFB,-0.02235976750140457
4,15,negative,42,3645,ENSG00000138050,THUMPD2,-0.022357322000533485
4,15,negative,43,25280,ENSG00000140682,TGFB1I1,-0.022324480410652922
4,15,negative,44,152,ENSG00000236423,LINC01134,-0.022253598928268465
4,15,negative,45,4490,ENSG00000231890,AC093391.2,-0.022222681360904953
4,15,negative,46,12015,ENSG00000136244,IL6,-0.02215843092896447
4,15,negative,47,4409,ENSG00000072163,LIMS2,-0.02215806165201537
4,15,negative,48,31827,ENSG00000100003,SEC14L2,-0.02203963931291255
4,15,negative,49,28947,ENSG00000125966,MMP24,-0.021942710793747836
4,15,negative,50,24604,ENSG00000162004,CCDC78,-0.02183323288776528
4,15,positive,1,30825,ENSG00000188293,IGFL1,0.04295167836759004
4,15,positive,2,11953,ENSG00000006468,ETV1,0.038557719199271395
4,15,positive,3,27572,ENSG00000108984,MAP2K6,0.037398316205922995
4,15,positive,4,666,ENSG00000121753,BAI2,0.03522099254286944
4,15,positive,5,11576,ENSG00000111961,SASH1,0.035084530676498145
4,15,positive,6,27527,ENSG00000263470,RP11-160O5.1,0.034742346522488074
4,15,positive,7,6732,ENSG00000197415,VEPH1,0.034711776353446744
4,15,positive,8,23696,ENSG00000137880,GCHFR,0.03216313560565349
4,15,positive,9,815,ENSG00000043514,TRIT1,0.0319475333039912
4,15,positive,10,24157,ENSG00000138623,SEMA7A,0.03189397414189319
4,15,positive,11,17035,ENSG00000107611,CUBN,0.03079622754456488
4,15,positive,12,17412,ENSG00000108187,PBLD,0.030720748045223477
4,15,positive,13,6818,ENSG00000173890,GPR160,0.0306366761842092
4,15,positive,14,1845,ENSG00000163131,CTSS,0.02977772061207632
4,15,positive,15,7194,ENSG00000159733,ZFYVE28,0.02914619533420557
4,15,positive,16,20079,ENSG00000151062,CACNA2D4,0.028894506879718167
4,15,positive,17,6601,ENSG00000175040,CHST2,0.028807821668440974
4,15,positive,18,11878,ENSG00000164638,SLC29A4,0.02855762808786299
4,15,positive,19,19016,ENSG00000254772,EEF1G,0.028291031246829003
4,15,positive,20,5096,ENSG00000018280,SLC11A1,0.028108953482091494
4,15,positive,21,17548,ENSG00000233871,DLG5-AS1,0.027948867654783185
4,15,positive,22,16087,ENSG00000165092,ALDH1A1,0.02778836481811362
4,15,positive,23,30823,ENSG00000268621,AC006262.5,0.027781023871947235
4,15,positive,24,488,ENSG00000007968,E2F2,0.027569260759360906
4,15,positive,25,6952,ENSG00000182580,EPHB3,0.027291311051615544
4,15,positive,26,1654,ENSG00000116874,WARS2,0.027275616766334054
4,15,positive,27,28419,ENSG00000081913,PHLPP1,0.027173129138286015
4,15,positive,28,466,ENSG00000162552,WNT4,0.027034959832281664
4,15,positive,29,8982,ENSG00000229666,MAST4-AS1,0.026782497151958268
4,15,positive,30,31757,ENSG00000261188,CTA-445C9.14,0.026723734240363863
4,15,positive,31,23680,ENSG00000233041,PHGR1,0.026707696321006297
4,15,positive,32,1872,ENSG00000143390,RFX5,0.026583442239733
4,15,positive,33,25459,ENSG00000260621,RP11-413H22.2,0.026420616330568122
4,15,positive,34,22376,ENSG00000185989,RASA3,0.026337826130989044
4,15,positive,35,29212,ENSG00000064787,BCAS1,0.026166710047761776
4,15,positive,36,29346,ENSG00000101210,EEF1A2,0.025980010742317015
4,15,positive,37,29579,ENSG00000105255,FSD1,0.025891637346522042
4,15,positive,38,26336,ENSG00000184619,KRBA2,0.02586089734078347
4,15,positive,39,23590,ENSG00000261064,RP11-1000B6.3,0.02582478350928529
4,15,positive,40,611,ENSG00000270605,RP5-1092A3.4,0.025768405037590814
4,15,positive,41,2896,ENSG00000143786,CNIH3,0.025738422254527573
4,15,positive,42,6463,ENSG00000273437,RP11-434H6.7,0.025559269765274454
4,15,positive,43,4836,ENSG00000138449,SLC40A1,0.025491181890138992
4,15,positive,44,2760,ENSG00000162757,C1orf74,0.0254846287072067
4,15,positive,45,5258,ENSG00000182600,C2orf82,0.025384800520656885
4,15,positive,46,2726,ENSG00000162894,FAIM3,0.02529138090218408
4,15,positive,47,21690,ENSG00000249196,RP11-669N7.2,0.02519136514677111
4,15,positive,48,21390,ENSG00000076555,ACACB,0.02517675969476633
4,15,positive,49,23006,ENSG00000269927,RP6-91H8.3,0.025085840973768543
4,15,positive,50,27809,ENSG00000181409,AATK,0.024955033039292654
4,16,negative,1,335,ENSG00000197312,DDI2,-0.03390916422557642
4,16,negative,2,23142,ENSG00000211448,DIO2,-0.0328785505583513
4,16,negative,3,10419,ENSG00000180596,HIST1H2BC,-0.030271279705933244
4,16,negative,4,26939,ENSG00000108342,CSF3,-0.029343598139753718
4,16,negative,5,24274,ENSG00000172379,ARNT2,-0.029103119260666735
4,16,negative,6,13789,ENSG00000165259,HDX,-0.028744182174561938
4,16,negative,7,22325,ENSG00000255874,LINC00346,-0.02848686752805203
4,16,negative,8,16310,ENSG00000136891,TEX10,-0.02826034840053537
4,16,negative,9,19622,ENSG00000137673,MMP7,-0.02818837243732695
4,16,negative,10,2168,ENSG00000213085,CCDC19,-0.027897640075262027
4,16,negative,11,25748,ENSG00000259901,RP5-991G20.4,-0.026745251613280615
4,16,negative,12,18384,ENSG00000149050,ZNF214,-0.026647382856780456
4,16,negative,13,8144,ENSG00000109436,TBC1D9,-0.026542352156075942
4,16,negative,14,17357,ENSG00000151151,IPMK,-0.026046711767172572
4,16,negative,15,13330,ENSG00000147003,TMEM27,-0.02603031628188644
4,16,negative,16,25005,ENSG00000167191,GPRC5B,-0.02577989775823116
4,16,negative,17,6198,ENSG00000168386,FILIP1L,-0.02562925797414761
4,16,negative,18,26985,ENSG00000212724,KRTAP2-3,-0.02562146538649659
4,16,negative,19,30717,ENSG00000167637,ZNF283,-0.025266065023888493
4,16,negative,20,6396,ENSG00000160145,KALRN,-0.02522110253022834
4,16,negative,21,17459,ENSG00000198246,SLC29A3,-0.0252082645269956
4,16,negative,22,6468,ENSG00000206417,H1FX-AS1,-0.02508205763381421
4,16,negative,23,21967,ENSG00000150907,FOXO1,-0.024739191144523182
4,16,negative,24,24785,ENSG00000188827,SLX4,-0.02451625266702435
4,16,negative,25,17055,ENSG00000240291,RP11-499P20.2,-0.024344646629195155
4,16,negative,26,2725,ENSG00000162892,IL24,-0.02426604361808015
4,16,negative,27,30799,ENSG00000177051,FBXO46,-0.024249156010230616
4,16,negative,28,2361,ENSG00000197959,DNM3,-0.02406840926488508
4,16,negative,29,8973,ENSG00000123213,NLN,-0.023986343731698848
4,16,negative,30,6576,ENSG00000155893,ACPL2,-0.02396419962828923
4,16,negative,31,9278,ENSG00000145723,GIN1,-0.02379821751846339
4,16,negative,32,13088,ENSG00000174469,CNTNAP2,-0.023595339525228593
4,16,negative,33,13813,ENSG00000102359,SRPX2,-0.023509199597636882
4,16,negative,34,815,ENSG00000043514,TRIT1,-0.0232728894890514
4,16,negative,35,23660,ENSG00000150667,FSIP1,-0.023150272209647486
4,16,negative,36,19629,ENSG00000196611,MMP1,-0.023135950179434837
4,16,negative,37,24017,ENSG00000166831,RBPMS2,-0.023047580001467078
4,16,negative,38,5426,ENSG00000175928,LRRN1,-0.023024906816460734
4,16,negative,39,24280,ENSG00000103888,KIAA1199,-0.023000699076606585
4,16,negative,40,19631,ENSG00000137745,MMP13,-0.022923427691250102
4,16,negative,41,2831,ENSG00000092969,TGFB2,-0.022873271472197747
4,16,negative,42,11251,ENSG00000130347,RTN4IP1,-0.02282557582988545
4,16,negative,43,27966,ENSG00000262001,DLGAP1-AS2,-0.022767614347585594
4,16,negative,44,5763,ENSG00000169981,ZNF35,-0.022618314392258275
4,16,negative,45,10462,ENSG00000124613,ZNF391,-0.022534755816580015
4,16,negative,46,18183,ENSG00000177542,SLC25A22,-0.022460489576540975
4,16,negative,47,16272,ENSG00000197816,CCDC180,-0.022457176730529757
4,16,negative,48,27807,ENSG00000226137,BAIAP2-AS1,-0.022155484183601616
4,16,negative,49,14096,ENSG00000232611,RP11-1114A5.4,-0.022152242473578252
4,16,negative,50,12990,ENSG00000105948,TTC26,-0.022089548230049723
4,16,positive,1,27571,ENSG00000154265,ABCA5,0.035532204792955
4,16,positive,2,654,ENSG00000121769,FABP3,0.035030910238397675
4,16,positive,3,7169,ENSG00000159674,SPON2,0.03392700684969595
4,16,positive,4,6975,ENSG00000213139,CRYGS,0.03286609957511635
4,16,positive,5,15897,ENSG00000215183,MSMP,0.0325597855819179
4,16,positive,6,18711,ENSG00000085117,CD82,0.03226897406146937
4,16,positive,7,15282,ENSG00000147642,SYBU,0.03223248366635357
4,16,positive,8,4678,ENSG00000128683,GAD1,0.031112202956303677
4,16,positive,9,20930,ENSG00000111087,GLI1,0.030455501677144194
4,16,positive,10,16516,ENSG00000171448,ZBTB26,0.03041123027254533
4,16,positive,11,21010,ENSG00000256268,RP11-221N13.3,0.029817587881944316
4,16,positive,12,21624,ENSG00000256092,hsa-mir-8072,0.028919572270760092
4,16,positive,13,31253,ENSG00000095752,IL11,0.028812868732353523
4,16,positive,14,16826,ENSG00000197355,UAP1L1,0.027959391643674943
4,16,positive,15,17764,ENSG00000155265,GOLGA7B,0.027914678559405555
4,16,positive,16,1853,ENSG00000143409,FAM63A,0.027912090373477957
4,16,positive,17,7734,ENSG00000169248,CXCL11,0.027868626041068573
4,16,positive,18,32490,ENSG00000159263,SIM2,0.027822345716861457
4,16,positive,19,4883,ENSG00000229056,AC020571.3,0.027459197828313117
4,16,positive,20,21163,ENSG00000179104,TMTC2,0.02741156148168281
4,16,positive,21,26019,ENSG00000260259,RP11-368I7.4,0.02737601375748974
4,16,positive,22,23998,ENSG00000259248,USP3-AS1,0.02734767645416681
4,16,positive,23,7993,ENSG00000180801,ARSJ,0.027135395587043237
4,16,positive,24,28141,ENSG00000154065,ANKRD29,0.027001275582282564
4,16,positive,25,11777,ENSG00000130023,ERMARD,0.026988923698052444
4,16,positive,26,24983,ENSG00000170537,TMC7,0.026867263015589
4,16,positive,27,3331,ENSG00000243819,RN7SL832P,0.026683551542541376
4,16,positive,28,26945,ENSG00000108352,RAPGEFL1,0.026513338488559468
4,16,positive,29,11134,ENSG00000013392,RWDD2A,0.026474243007494302
4,16,positive,30,29854,ENSG00000130176,CNN1,0.026361993554419306
4,16,positive,31,17256,ENSG00000165406,MARCH8,0.026297787652395606
4,16,positive,32,15661,ENSG00000273061,RP11-6J24.6,0.02604708164684456
4,16,positive,33,27026,ENSG00000186847,KRT14,0.025811983662480782
4,16,positive,34,24018,ENSG00000140451,PIF1,0.02556097494246562
4,16,positive,35,27022,ENSG00000171346,KRT15,0.025422447448556762
4,16,positive,36,27132,ENSG00000260793,RP5-882C2.2,0.025187250432043437
4,16,positive,37,5785,ENSG00000163820,FYCO1,0.025174037347873282
4,16,positive,38,9631,ENSG00000113108,APBB3,0.025157213447416296
4,16,positive,39,20901,ENSG00000076067,RBMS2,0.025068924387267044
4,16,positive,40,12878,ENSG00000273270,RP11-212P7.2,0.025068575991701342
4,16,positive,41,20470,ENSG00000087494,PTHLH,0.024983291566182966
4,16,positive,42,2035,ENSG00000231064,RP11-263K19.4,0.024819321654982282
4,16,positive,43,19042,ENSG00000269176,RP11-727F15.12,0.02481211761412352
4,16,positive,44,9816,ENSG00000198624,CCDC69,0.024709848805547115
4,16,positive,45,10473,ENSG00000233822,HIST1H2BN,0.02467102345965616
4,16,positive,46,17496,ENSG00000268584,RP11-464F9.20,0.024577468243554158
4,16,positive,47,9482,ENSG00000197536,C5orf56,0.024527216212668946
4,16,positive,48,6790,ENSG00000163536,SERPINI1,0.02440187762841821
4,16,positive,49,19999,ENSG00000174370,C11orf45,0.024375906439877647
4,16,positive,50,30679,ENSG00000079435,LIPE,0.02425040901628869
4,17,negative,1,22298,ENSG00000233532,LINC00460,-0.03584039759169881
4,17,negative,2,29318,ENSG00000101188,NTSR1,-0.035010730736652014
4,17,negative,3,31088,ENSG00000167765,AC018755.1,-0.03457392283742278
4,17,negative,4,21187,ENSG00000139318,DUSP6,-0.03273613921879457
4,17,negative,5,11353,ENSG00000153975,ZUFSP,-0.031009295848378166
4,17,negative,6,29497,ENSG00000099840,IZUMO4,-0.03090261204299472
4,17,negative,7,4413,ENSG00000270081,RP5-935K16.1,-0.028962566906413627
4,17,negative,8,6260,ENSG00000177494,ZBED2,-0.028923097807001568
4,17,negative,9,17225,ENSG00000243660,ZNF487,-0.028870329900784652
4,17,negative,10,4599,ENSG00000226266,AC009961.3,-0.028775143896446337
4,17,negative,11,17436,ENSG00000197467,COL13A1,-0.028672057123943696
4,17,negative,12,4478,ENSG00000224043,CCNT2-AS1,-0.028616072923360058
4,17,negative,13,8938,ENSG00000164181,ELOVL7,-0.02854957733783602
4,17,negative,14,21993,ENSG00000179630,LACC1,-0.027830390251243894
4,17,negative,15,13442,ENSG00000156313,RPGR,-0.027762720338331177
4,17,negative,16,31253,ENSG00000095752,IL11,-0.027524954605165474
4,17,negative,17,27704,ENSG00000141576,RNF157,-0.027319761117199557
4,17,negative,18,11953,ENSG00000006468,ETV1,-0.027071870299919556
4,17,negative,19,22269,ENSG00000175198,PCCA,-0.02702987313907365
4,17,negative,20,26911,ENSG00000067191,CACNB1,-0.02687826582391806
4,17,negative,21,9768,ENSG00000169252,ADRB2,-0.026726434404244586
4,17,negative,22,27546,ENSG00000154217,PITPNC1,-0.02646145251091477
4,17,negative,23,18393,ENSG00000166394,CYB5R2,-0.02632064425334101
4,17,negative,24,15635,ENSG00000107104,KANK1,-0.02621956849362263
4,17,negative,25,1815,ENSG00000184678,HIST2H2BE,-0.025506569631858343
4,17,negative,26,27532,ENSG00000154240,CEP112,-0.025263198253187
4,17,negative,27,17560,ENSG00000165424,ZCCHC24,-0.025216132651033268
4,17,negative,28,16909,ENSG00000231298,LINC00704,-0.025214014282598892
4,17,negative,29,22815,ENSG00000125378,BMP4,-0.025078798806114456
4,17,negative,30,26215,ENSG00000091592,NLRP1,-0.025051943925942514
4,17,negative,31,19921,ENSG00000064199,SPA17,-0.024796404593907098
4,17,negative,32,21909,ENSG00000187676,B3GALTL,-0.024752025951698745
4,17,negative,33,30706,ENSG00000167378,IRGQ,-0.024611126156342266
4,17,negative,34,5665,ENSG00000076242,MLH1,-0.02460441144234616
4,17,negative,35,5785,ENSG00000163820,FYCO1,-0.02432087467833612
4,17,negative,36,25853,ENSG00000260682,7SK,-0.024311595471441932
4,17,negative,37,4468,ENSG00000183840,GPR39,-0.024299183885169433
4,17,negative,38,10204,ENSG00000137285,TUBB2B,-0.024132106467389242
4,17,negative,39,19380,ENSG00000054967,RELT,-0.024131712982201913
4,17,negative,40,12663,ENSG00000106366,SERPINE1,-0.024082080873511845
4,17,negative,41,9203,ENSG00000248323,LUCAT1,-0.023963553018869054
4,17,negative,42,15562,ENSG00000178209,PLEC,-0.023843649448644724
4,17,negative,43,15740,ENSG00000147872,PLIN2,-0.02383472231675884
4,17,negative,44,1157,ENSG00000185483,ROR1,-0.023752611952154883
4,17,negative,45,17717,ENSG00000095637,SORBS1,-0.023550079337136882
4,17,negative,46,646,ENSG00000223382,RP1-65J11.1,-0.023537654625492118
4,17,negative,47,12404,ENSG00000086730,LAT2,-0.023524582252546538
4,17,negative,48,30535,ENSG00000171747,LGALS4,-0.02348636521928898
4,17,negative,49,16588,ENSG00000171169,NAIF1,-0.02344269088346135
4,17,negative,50,1641,ENSG00000134253,TRIM45,-0.02337942741122771
4,17,positive,1,25473,ENSG00000125144,MT1G,0.04768573516159769
4,17,positive,2,7733,ENSG00000169245,CXCL10,0.03990032884701666
4,17,positive,3,17652,ENSG00000119922,IFIT2,0.037026859589378965
4,17,positive,4,7658,ENSG00000181617,FDCSP,0.03611038312128984
4,17,positive,5,13305,ENSG00000235385,GS1-600G8.5,0.034851951157582946
4,17,positive,6,18704,ENSG00000187479,C11orf96,0.03434384663968333
4,17,positive,7,30823,ENSG00000268621,AC006262.5,0.03425684049578285
4,17,positive,8,29528,ENSG00000175691,ZNF77,0.03336799985647106
4,17,positive,9,19060,ENSG00000133328,HRASLS2,0.0322280962727297
4,17,positive,10,25474,ENSG00000205358,MT1H,0.032177063870981674
4,17,positive,11,18098,ENSG00000068383,INPP5A,0.030808061404640305
4,17,positive,12,16441,ENSG00000041982,TNC,0.03040722944215258
4,17,positive,13,7169,ENSG00000159674,SPON2,0.030306428610835094
4,17,positive,14,10933,ENSG00000001561,ENPP4,0.02918591931253002
4,17,positive,15,8824,ENSG00000250722,SEPP1,0.028696281628098473
4,17,positive,16,17071,ENSG00000204682,CASC10,0.027712141944879223
4,17,positive,17,18048,ENSG00000224023,RP11-383C5.4,0.02760516970881161
4,17,positive,18,13715,ENSG00000169562,GJB1,0.02733631981617677
4,17,positive,19,19059,ENSG00000133321,RARRES3,0.026401513070023825
4,17,positive,20,7697,ENSG00000163735,CXCL5,0.026228314688435932
4,17,positive,21,490,ENSG00000117318,ID3,0.025392961942747132
4,17,positive,22,6088,ENSG00000163378,EOGT,0.02533685704761757
4,17,positive,23,6267,ENSG00000114529,C3orf52,0.025271990638331934
4,17,positive,24,31241,ENSG00000180089,TMEM86B,0.025175917845265416
4,17,positive,25,26774,ENSG00000108691,CCL2,0.0251342463153875
4,17,positive,26,378,ENSG00000238142,RP11-108M9.4,0.02499556454617852
4,17,positive,27,711,ENSG00000116525,TRIM62,0.024839807447164547
4,17,positive,28,7768,ENSG00000138675,FGF5,0.02450170145108876
4,17,positive,29,5632,ENSG00000152642,GPD1L,0.02439304143357757
4,17,positive,30,20351,ENSG00000111341,MGP,0.024250772145238866
4,17,positive,31,7901,ENSG00000248161,RP11-499E18.1,0.0239937871289291
4,17,positive,32,29117,ENSG00000124257,NEURL2,0.02391703162176707
4,17,positive,33,22078,ENSG00000253710,ALG11,0.023905487518376612
4,17,positive,34,25594,ENSG00000179044,EXOC3L1,0.02386294245806643
4,17,positive,35,7698,ENSG00000163734,CXCL3,0.023853439661523607
4,17,positive,36,27669,ENSG00000177303,CASKIN2,0.02376237114668231
4,17,positive,37,2777,ENSG00000117650,NEK2,0.02375765460159012
4,17,positive,38,24522,ENSG00000189419,SPATA41,0.023587272031320328
4,17,positive,39,29695,ENSG00000076826,CAMSAP3,0.023586119320615707
4,17,positive,40,9921,ENSG00000072571,HMMR,0.02356776139805014
4,17,positive,41,2516,ENSG00000116711,PLA2G4A,0.023522305779579204
4,17,positive,42,12477,ENSG00000224046,AC005076.5,0.023480677220343263
4,17,positive,43,31037,ENSG00000167748,KLK1,0.023322188735558795
4,17,positive,44,11799,ENSG00000240859,AC093627.10,0.02295935674449621
4,17,positive,45,30733,ENSG00000186019,AC084219.4,0.022906311212065763
4,17,positive,46,6335,ENSG00000163389,POGLUT1,0.022869249282791916
4,17,positive,47,30484,ENSG00000196437,ZNF569,0.022685464077080005
4,17,positive,48,22518,ENSG00000129473,BCL2L2,0.022579866571172356
4,17,positive,49,4642,ENSG00000169432,SCN9A,0.022494582478448953
4,17,positive,50,19653,ENSG00000152402,GUCY1A2,0.02234720995946845
4,18,negative,1,11429,ENSG00000197594,ENPP1,-0.03544080471593516
4,18,negative,2,25474,ENSG00000205358,MT1H,-0.03257277640607238
4,18,negative,3,12673,ENSG00000232445,RP11-132A1.4,-0.03253588138873634
4,18,negative,4,7697,ENSG00000163735,CXCL5,-0.03144912841771637
4,18,negative,5,17672,ENSG00000148677,ANKRD1,-0.031276884195668826
4,18,negative,6,20570,ENSG00000257261,RP11-96H19.1,-0.029865126440616997
4,18,negative,7,21116,ENSG00000179941,BBS10,-0.029608770113614624
4,18,negative,8,1369,ENSG00000137936,BCAR3,-0.028986470547422316
4,18,negative,9,7705,ENSG00000109321,AREG,-0.028711659690433423
4,18,negative,10,31984,ENSG00000185022,MAFF,-0.02852507149297739
4,18,negative,11,1943,ENSG00000163216,SPRR2D,-0.028104003963066802
4,18,negative,12,7155,ENSG00000249592,RP11-440L14.1,-0.028049995388810693
4,18,negative,13,32654,ENSG00000197381,ADARB1,-0.02717649996631347
4,18,negative,14,19629,ENSG00000196611,MMP1,-0.027059264239909
4,18,negative,15,6167,ENSG00000113966,ARL6,-0.02660500968106815
4,18,negative,16,29624,ENSG00000212123,PRR22,-0.026297392680775702
4,18,negative,17,17112,ENSG00000148459,PDSS1,-0.026289049224438817
4,18,negative,18,7184,ENSG00000068078,FGFR3,-0.026009079354263994
4,18,negative,19,18165,ENSG00000254815,RP11-496I9.1,-0.026007931592274734
4,18,negative,20,28432,ENSG00000197632,SERPINB2,-0.025967021881376274
4,18,negative,21,5888,ENSG00000185614,FAM212A,-0.02589099072628475
4,18,negative,22,11944,ENSG00000146530,VWDE,-0.02588696413133874
4,18,negative,23,2230,ENSG00000158887,MPZ,-0.025871700844029094
4,18,negative,24,20334,ENSG00000134531,EMP1,-0.025859383274552217
4,18,negative,25,5650,ENSG00000271643,RP11-10C24.3,-0.025855389904714265
4,18,negative,26,17889,ENSG00000148841,ITPRIP,-0.02579728527473052
4,18,negative,27,14539,ENSG00000104689,TNFRSF10A,-0.025764844732140125
4,18,negative,28,7758,ENSG00000249307,LINC01088,-0.02569709660684552
4,18,negative,29,27153,ENSG00000182963,GJC1,-0.02529712210373788
4,18,negative,30,6969,ENSG00000244405,ETV5,-0.025261906464076934
4,18,negative,31,22314,ENSG00000185950,IRS2,-0.024965739170564567
4,18,negative,32,29177,ENSG00000203999,RP11-290F20.1,-0.024561615535336808
4,18,negative,33,2923,ENSG00000143772,ITPKB,-0.024539474405630243
4,18,negative,34,3318,ENSG00000172059,KLF11,-0.024516162338144968
4,18,negative,35,9040,ENSG00000157111,TMEM171,-0.02444743410057299
4,18,negative,36,21799,ENSG00000172458,IL17D,-0.02438283718860369
4,18,negative,37,223,ENSG00000171608,PIK3CD,-0.024105286442476552
4,18,negative,38,16942,ENSG00000170525,PFKFB3,-0.02409185330620798
4,18,negative,39,16935,ENSG00000134461,ANKRD16,-0.02408301438089107
4,18,negative,40,30506,ENSG00000011332,DPF1,-0.023994360249788203
4,18,negative,41,27379,ENSG00000183691,NOG,-0.023947381354268004
4,18,negative,42,10915,ENSG00000112759,SLC29A1,-0.023849538879563734
4,18,negative,43,27102,ENSG00000175832,ETV4,-0.023687501636488938
4,18,negative,44,20853,ENSG00000135414,GDF11,-0.02360619835332945
4,18,negative,45,827,ENSG00000187801,ZFP69B,-0.02347294017216506
4,18,negative,46,163,ENSG00000069424,KCNAB2,-0.023470102274819882
4,18,negative,47,14532,ENSG00000008853,RHOBTB2,-0.023404325027881916
4,18,negative,48,30281,ENSG00000166289,PLEKHF1,-0.023331368789020337
4,18,negative,49,21899,ENSG00000132952,USPL1,-0.023321945477701465
4,18,negative,50,7586,ENSG00000171476,HOPX,-0.023183234196131074
4,18,positive,1,7733,ENSG00000169245,CXCL10,0.04545450844915698
4,18,positive,2,10058,ENSG00000213347,MXD3,0.03330991834617977
4,18,positive,3,1807,ENSG00000264207,RP11-196G18.23,0.03216454951265874
4,18,positive,4,30370,ENSG00000105711,SCN1B,0.03186500396346514
4,18,positive,5,5072,ENSG00000115461,IGFBP5,0.03114149731860736
4,18,positive,6,30825,ENSG00000188293,IGFL1,0.031089248857590804
4,18,positive,7,15526,ENSG00000272172,RP13-582O9.7,0.03076555835826699
4,18,positive,8,18748,ENSG00000157613,CREB3L1,0.03071043696567818
4,18,positive,9,11117,ENSG00000112742,TTK,0.029719134910149773
4,18,positive,10,5258,ENSG00000182600,C2orf82,0.029558990233687396
4,18,positive,11,29735,ENSG00000167772,ANGPTL4,0.029441676701067124
4,18,positive,12,17655,ENSG00000185745,IFIT1,0.029351649720209597
4,18,positive,13,25870,ENSG00000103150,MLYCD,0.029270363618540848
4,18,positive,14,23816,ENSG00000104154,SLC30A4,0.028911830084498335
4,18,positive,15,31866,ENSG00000100150,DEPDC5,0.028636748614942448
4,18,positive,16,10493,ENSG00000235109,ZSCAN31,0.028374176294358153
4,18,positive,17,13665,ENSG00000198205,ZXDA,0.02819351968156381
4,18,positive,18,30710,ENSG00000105767,CADM4,0.028113480648414565
4,18,positive,19,7932,ENSG00000168743,NPNT,0.02781639915454252
4,18,positive,20,28728,ENSG00000172264,MACROD2,0.027739457007615688
4,18,positive,21,23919,ENSG00000181827,RFX7,0.027310681844975756
4,18,positive,22,466,ENSG00000162552,WNT4,0.02660403294558093
4,18,positive,23,4656,ENSG00000073737,DHRS9,0.026493533103689185
4,18,positive,24,21798,ENSG00000032742,IFT88,0.02646432048909849
4,18,positive,25,31952,ENSG00000166897,ELFN2,0.02637321071801345
4,18,positive,26,17044,ENSG00000260589,RP11-390B4.5,0.026365160069966594
4,18,positive,27,26440,ENSG00000187607,ZNF286A,0.026184447934315205
4,18,positive,28,26774,ENSG00000108691,CCL2,0.025556235374759442
4,18,positive,29,10928,ENSG00000124813,RUNX2,0.02502213731227122
4,18,positive,30,6723,ENSG00000243926,TIPARP-AS1,0.024868473862368817
4,18,positive,31,30540,ENSG00000187994,RINL,0.024831364291533965
4,18,positive,32,8719,ENSG00000113361,CDH6,0.02477215836651382
4,18,positive,33,22154,ENSG00000136153,LMO7,0.024637822978668886
4,18,positive,34,23773,ENSG00000166762,CATSPER2,0.02460991869236442
4,18,positive,35,30649,ENSG00000086548,CEACAM6,0.02454397171500594
4,18,positive,36,20657,ENSG00000186666,BCDIN3D,0.024493886931360783
4,18,positive,37,26218,ENSG00000129195,FAM64A,0.02448622495926905
4,18,positive,38,1957,ENSG00000143546,S100A8,0.02444186137607377
4,18,positive,39,21449,ENSG00000089127,OAS1,0.024389434906172215
4,18,positive,40,23142,ENSG00000211448,DIO2,0.02435388030929164
4,18,positive,41,26791,ENSG00000185379,RAD51D,0.02433463586270162
4,18,positive,42,22537,ENSG00000100867,DHRS2,0.02433221004822053
4,18,positive,43,19743,ENSG00000166741,NNMT,0.024325566552558978
4,18,positive,44,30691,ENSG00000204941,PSG5,0.024027303716894415
4,18,positive,45,15890,ENSG00000137135,ARHGEF39,0.02376664808026796
4,18,positive,46,27078,ENSG00000176563,CNTD1,0.023617937477904027
4,18,positive,47,29214,ENSG00000019186,CYP24A1,0.02353781748320737
4,18,positive,48,31993,ENSG00000184949,FAM227A,0.023460901727056668
4,18,positive,49,20756,ENSG00000139651,ZNF740,0.023381567527549916
4,18,positive,50,14814,ENSG00000260955,RP11-30L15.6,0.023330368437333666
4,19,negative,1,24267,ENSG00000140379,BCL2A1,-0.038226225426642904
4,19,negative,2,19631,ENSG00000137745,MMP13,-0.03722600886415362
4,19,negative,3,10303,ENSG00000078401,EDN1,-0.03593605422778847
4,19,negative,4,16468,ENSG00000106780,MEGF9,-0.034305299358066206
4,19,negative,5,31631,ENSG00000099910,KLHL22,-0.032825040751796555
4,19,negative,6,30561,ENSG00000130755,GMFG,-0.03266294226460001
4,19,negative,7,4147,ENSG00000144182,LIPT1,-0.03222978595554826
4,19,negative,8,7733,ENSG00000169245,CXCL10,-0.0321180014321805
4,19,negative,9,29005,ENSG00000198959,TGM2,-0.03153964040159597
4,19,negative,10,19926,ENSG00000250073,RP11-677M14.3,-0.030997509545618595
4,19,negative,11,8171,ENSG00000248890,HHIP-AS1,-0.030956979425389452
4,19,negative,12,11272,ENSG00000118690,ARMC2,-0.030897323294240123
4,19,negative,13,26824,ENSG00000161570,CCL5,-0.030241279840659694
4,19,negative,14,27537,ENSG00000075461,CACNG4,-0.030118238358984136
4,19,negative,15,932,ENSG00000117461,PIK3R3,-0.02960268080052462
4,19,negative,16,13504,ENSG00000196741,CXorf24,-0.029591570403851845
4,19,negative,17,12995,ENSG00000273391,RP11-634H22.1,-0.028509412741407194
4,19,negative,18,11495,ENSG00000230533,RP11-95M15.1,-0.028482194736288127
4,19,negative,19,14743,ENSG00000104368,PLAT,-0.02823715582403693
4,19,negative,20,22537,ENSG00000100867,DHRS2,-0.027700083490284768
4,19,negative,21,20352,ENSG00000139055,ERP27,-0.02755978420351603
4,19,negative,22,29860,ENSG00000197044,ZNF441,-0.027453784431860192
4,19,negative,23,4955,ENSG00000163596,ICA1L,-0.027425203183022148
4,19,negative,24,20922,ENSG00000185633,NDUFA4L2,-0.02734389176252568
4,19,negative,25,1074,ENSG00000243725,TTC4,-0.026795753195278816
4,19,negative,26,30670,ENSG00000204957,AC006486.1,-0.026166819076139866
4,19,negative,27,17436,ENSG00000197467,COL13A1,-0.026156231141367725
4,19,negative,28,30504,ENSG00000105738,SIPA1L3,-0.02578330159664085
4,19,negative,29,24157,ENSG00000138623,SEMA7A,-0.025750805878855282
4,19,negative,30,7734,ENSG00000169248,CXCL11,-0.025483211088112856
4,19,negative,31,8067,ENSG00000142731,PLK4,-0.02499146476824976
4,19,negative,32,8452,ENSG00000154556,SORBS2,-0.02491532600510145
4,19,negative,33,7930,ENSG00000138780,GSTCD,-0.024857217177679646
4,19,negative,34,24860,ENSG00000166669,ATF7IP2,-0.024856261881783647
4,19,negative,35,23628,ENSG00000248079,DPH6-AS1,-0.024764230084575376
4,19,negative,36,6996,ENSG00000136514,RTP4,-0.024734738427024377
4,19,negative,37,14184,ENSG00000197172,MAGEA6,-0.024550387872888893
4,19,negative,38,21988,ENSG00000120658,ENOX1,-0.024477373333780823
4,19,negative,39,32646,ENSG00000227039,ITGB2-AS1,-0.024410951107998034
4,19,negative,40,3767,ENSG00000272606,RP11-554J4.1,-0.024307073795452848
4,19,negative,41,22185,ENSG00000136158,SPRY2,-0.0242776438415786
4,19,negative,42,14687,ENSG00000085788,DDHD2,-0.02420690300361407
4,19,negative,43,2235,ENSG00000143226,FCGR2A,-0.02418181813100714
4,19,negative,44,17321,ENSG00000174194,AGAP8,-0.024117780531301015
4,19,negative,45,8824,ENSG00000250722,SEPP1,-0.024042841487752493
4,19,negative,46,4656,ENSG00000073737,DHRS9,-0.023995021214100187
4,19,negative,47,10312,ENSG00000124523,SIRT5,-0.023768587713661686
4,19,negative,48,14271,ENSG00000214827,MTCP1,-0.02375793664332987
4,19,negative,49,6415,ENSG00000144908,ALDH1L1,-0.02368834908079251
4,19,negative,50,20874,ENSG00000135482,ZC3H10,-0.0236735817574203
4,19,positive,1,1476,ENSG00000162636,FAM102B,0.03855922786638551
4,19,positive,2,26284,ENSG00000161956,SENP3,0.0368314735563105
4,19,positive,3,33,ENSG00000187634,SAMD11,0.0334444268401986
4,19,positive,4,20636,ENSG00000258017,RP11-386G11.10,0.03334978379102074
4,19,positive,5,6093,ENSG00000163380,LMOD3,0.03233198872140276
4,19,positive,6,4832,ENSG00000168542,COL3A1,0.0309950113630895
4,19,positive,7,3046,ENSG00000168243,GNG4,0.03092538619150037
4,19,positive,8,4883,ENSG00000229056,AC020571.3,0.030398304704835958
4,19,positive,9,11040,ENSG00000266680,RP5-1148A21.3,0.030164616466332717
4,19,positive,10,25473,ENSG00000125144,MT1G,0.03004306481045293
4,19,positive,11,25107,ENSG00000077238,IL4R,0.029304809184957568
4,19,positive,12,25590,ENSG00000102878,HSF4,0.029117197455908565
4,19,positive,13,11037,ENSG00000198225,FKBP1C,0.029086538603131887
4,19,positive,14,5650,ENSG00000271643,RP11-10C24.3,0.028816726995866168
4,19,positive,15,16073,ENSG00000119138,KLF9,0.02817950774058065
4,19,positive,16,22304,ENSG00000174405,LIG4,0.02745672545213865
4,19,positive,17,15659,ENSG00000106686,SPATA6L,0.027373320069480737
4,19,positive,18,20726,ENSG00000170454,KRT75,0.027237326056937173
4,19,positive,19,1965,ENSG00000188015,S100A3,0.026917846060514065
4,19,positive,20,23962,ENSG00000069667,RORA,0.026873394106198756
4,19,positive,21,24729,ENSG00000205913,SRRM2-AS1,0.026797688298741424
4,19,positive,22,19907,ENSG00000110002,VWA5A,0.026712939818791945
4,19,positive,23,6790,ENSG00000163536,SERPINI1,0.02663194465317458
4,19,positive,24,6447,ENSG00000179348,GATA2,0.0266288672323006
4,19,positive,25,21459,ENSG00000166578,IQCD,0.026199470047560288
4,19,positive,26,27516,ENSG00000271605,MILR1,0.02611817879827963
4,19,positive,27,18407,ENSG00000166407,LMO1,0.02597941400777033
4,19,positive,28,26315,ENSG00000179111,HES7,0.02588813960883821
4,19,positive,29,12539,ENSG00000164692,COL1A2,0.025547282382694016
4,19,positive,30,8050,ENSG00000164056,SPRY1,0.025434956396360463
4,19,positive,31,8370,ENSG00000164118,CEP44,0.025418975646923782
4,19,positive,32,22154,ENSG00000136153,LMO7,0.02534765327513318
4,19,positive,33,29961,ENSG00000104998,IL27RA,0.025140079752427383
4,19,positive,34,1494,ENSG00000143126,CELSR2,0.02510128221955522
4,19,positive,35,29952,ENSG00000267519,MIR24-2,0.024871530731930977
4,19,positive,36,19234,ENSG00000173599,PC,0.02483947750203436
4,19,positive,37,869,ENSG00000227533,SLC2A1-AS1,0.02472633726667059
4,19,positive,38,4859,ENSG00000138378,STAT4,0.024220908850567872
4,19,positive,39,1955,ENSG00000163220,S100A9,0.02419201787804447
4,19,positive,40,866,ENSG00000228192,RP11-342M1.3,0.024110945127246455
4,19,positive,41,4377,ENSG00000271709,RP11-297J22.1,0.02401874038677362
4,19,positive,42,27467,ENSG00000108506,INTS2,0.024004069863858633
4,19,positive,43,15509,ENSG00000167656,LY6D,0.023951185490438356
4,19,positive,44,10798,ENSG00000112139,MDGA1,0.023931948249372097
4,19,positive,45,21810,ENSG00000180776,ZDHHC20,0.02391213555911244
4,19,positive,46,16568,ENSG00000148356,LRSAM1,0.02389260690028075
4,19,positive,47,21060,ENSG00000127325,BEST3,0.023881779745495445
4,19,positive,48,9349,ENSG00000145780,FEM1C,0.02384799312878976
4,19,positive,49,20320,ENSG00000183150,GPR19,0.02378776330161803
4,19,positive,50,9198,ENSG00000176018,LYSMD3,0.023750058009858133
4,20,negative,1,22537,ENSG00000100867,DHRS2,-0.05025516658174501
4,20,negative,2,5848,ENSG00000178537,SLC25A20,-0.03883126325098806
4,20,negative,3,28523,ENSG00000197971,MBP,-0.033189777380731714
4,20,negative,4,28365,ENSG00000119547,ONECUT2,-0.033069470745869044
4,20,negative,5,10843,ENSG00000124593,PRICKLE4,-0.031762554483902555
4,20,negative,6,27544,ENSG00000266473,RP11-401F2.3,-0.030788864937549364
4,20,negative,7,26647,ENSG00000007202,KIAA0100,-0.029629915161446228
4,20,negative,8,27700,ENSG00000182687,GALR2,-0.029171175465192985
4,20,negative,9,9720,ENSG00000145819,ARHGAP26,-0.02913701070206407
4,20,negative,10,26576,ENSG00000233098,RP11-344E13.3,-0.029011973893651507
4,20,negative,11,17773,ENSG00000119946,CNNM1,-0.028765844939453025
4,20,negative,12,14087,ENSG00000198689,SLC9A6,-0.02861176044192814
4,20,negative,13,25125,ENSG00000176046,NUPR1,-0.02850696349122804
4,20,negative,14,28408,ENSG00000267279,RP11-879F14.2,-0.028492844508801338
4,20,negative,15,24296,ENSG00000183496,MEX3B,-0.028450339504769075
4,20,negative,16,21652,ENSG00000081760,AACS,-0.02799231202897835
4,20,negative,17,335,ENSG00000197312,DDI2,-0.027903359150817514
4,20,negative,18,30984,ENSG00000224420,ADM5,-0.027838148633551756
4,20,negative,19,1467,ENSG00000134215,VAV3,-0.027731037836101056
4,20,negative,20,20656,ENSG00000258057,BCDIN3D-AS1,-0.027667375151976495
4,20,negative,21,22757,ENSG00000258929,RP11-58E21.3,-0.027383488099914425
4,20,negative,22,32350,ENSG00000156265,MAP3K7CL,-0.02721208910604306
4,20,negative,23,32652,ENSG00000224930,LINC00162,-0.026996405532851916
4,20,negative,24,6733,ENSG00000163661,PTX3,-0.02691942972343941
4,20,negative,25,25450,ENSG00000198848,CES1,-0.02675317987289338
4,20,negative,26,24935,ENSG00000183426,NPIPA1,-0.026724898945785325
4,20,negative,27,16826,ENSG00000197355,UAP1L1,-0.02672355456208889
4,20,negative,28,16112,ENSG00000135069,PSAT1,-0.026598938747649
4,20,negative,29,27515,ENSG00000136478,TEX2,-0.02654903291948965
4,20,negative,30,4718,ENSG00000226853,AC010894.3,-0.02652262860956261
4,20,negative,31,22590,ENSG00000168952,STXBP6,-0.026427324520447826
4,20,negative,32,2243,ENSG00000162746,FCRLB,-0.026372592106857103
4,20,negative,33,17297,ENSG00000128805,ARHGAP22,-0.026233146557814002
4,20,negative,34,7943,ENSG00000245293,RP11-286E11.1,-0.026036790118310855
4,20,negative,35,7788,ENSG00000145287,PLAC8,-0.02596732349273079
4,20,negative,36,9845,ENSG00000170271,FAXDC2,-0.025916613863977523
4,20,negative,37,12554,ENSG00000158560,DYNC1I1,-0.025877001684920953
4,20,negative,38,22535,ENSG00000258727,RP11-66N24.3,-0.02583825851344257
4,20,negative,39,24287,ENSG00000172345,STARD5,-0.02578159795889191
4,20,negative,40,21351,ENSG00000166046,TCP11L2,-0.02551696227107884
4,20,negative,41,30036,ENSG00000127528,KLF2,-0.025425279772597974
4,20,negative,42,8820,ENSG00000151876,FBXO4,-0.02525138171068832
4,20,negative,43,3915,ENSG00000258881,AC007040.11,-0.025189295573066765
4,20,negative,44,21334,ENSG00000257732,RP11-818F20.5,-0.024735084114912487
4,20,negative,45,18432,ENSG00000246273,SBF2-AS1,-0.024717635692815217
4,20,negative,46,27020,ENSG00000171401,KRT13,-0.024487933121608685
4,20,negative,47,4409,ENSG00000072163,LIMS2,-0.024328287089195134
4,20,negative,48,25811,ENSG00000140876,NUDT7,-0.02410890713803337
4,20,negative,49,21795,ENSG00000165474,GJB2,-0.024086959265856286
4,20,negative,50,2897,ENSG00000233384,RP11-100E13.1,-0.024060365119694355
4,20,positive,1,7691,ENSG00000169429,IL8,0.05085718678925194
4,20,positive,2,488,ENSG00000007968,E2F2,0.0342774247883908
4,20,positive,3,33,ENSG00000187634,SAMD11,0.03339000471964734
4,20,positive,4,16660,ENSG00000148344,PTGES,0.032892071502536584
4,20,positive,5,8259,ENSG00000121207,LRAT,0.03169979455990322
4,20,positive,6,22930,ENSG00000179841,AKAP5,0.031407560518157254
4,20,positive,7,23813,ENSG00000166920,C15orf48,0.030168958335490444
4,20,positive,8,4302,ENSG00000237753,AC079922.3,0.029034936426944505
4,20,positive,9,7694,ENSG00000163739,CXCL1,0.028498285915420675
4,20,positive,10,31762,ENSG00000225783,MIAT,0.028362413670062196
4,20,positive,11,20015,ENSG00000254842,RP11-890B15.2,0.027609671214141387
4,20,positive,12,29346,ENSG00000101210,EEF1A2,0.026962044446857514
4,20,positive,13,19743,ENSG00000166741,NNMT,0.026934297400362937
4,20,positive,14,5006,ENSG00000244567,AC096772.6,0.026736302832601696
4,20,positive,15,25192,ENSG00000149922,TBX6,0.026571983836359208
4,20,positive,16,4160,ENSG00000170500,LONRF2,0.026477862569247095
4,20,positive,17,14118,ENSG00000198573,SPANXC,0.026475808307581346
4,20,positive,18,15526,ENSG00000272172,RP13-582O9.7,0.02647237455575754
4,20,positive,19,13115,ENSG00000106526,ACTR3C,0.026051053763873882
4,20,positive,20,16341,ENSG00000165029,ABCA1,0.02604873894233012
4,20,positive,21,6260,ENSG00000177494,ZBED2,0.025980319771478133
4,20,positive,22,1390,ENSG00000152078,TMEM56,0.025977680117582325
4,20,positive,23,21851,ENSG00000180730,SHISA2,0.025822247393343566
4,20,positive,24,1337,ENSG00000171488,LRRC8C,0.025756560964706465
4,20,positive,25,16135,ENSG00000165113,GKAP1,0.025739462496720312
4,20,positive,26,10129,ENSG00000131459,GFPT2,0.025729344030613405
4,20,positive,27,29666,ENSG00000125730,C3,0.025658125925310794
4,20,positive,28,5154,ENSG00000144589,STK11IP,0.025647180036688574
4,20,positive,29,472,ENSG00000133216,EPHB2,0.0255615035848556
4,20,positive,30,21070,ENSG00000135643,KCNMB4,0.02553698322589979
4,20,positive,31,30605,ENSG00000160460,SPTBN4,0.02550089750741704
4,20,positive,32,16815,ENSG00000169583,CLIC3,0.025458683273912718
4,20,positive,33,23417,ENSG00000269963,RP11-73M18.9,0.02543364653827868
4,20,positive,34,17431,ENSG00000099282,TSPAN15,0.02542413670987451
4,20,positive,35,4360,ENSG00000171227,TMEM37,0.025273730835142703
4,20,positive,36,25227,ENSG00000197162,ZNF785,0.025213664886094132
4,20,positive,37,611,ENSG00000270605,RP5-1092A3.4,0.025140194668186802
4,20,positive,38,2600,ENSG00000163395,IGFN1,0.025102950822327715
4,20,positive,39,9769,ENSG00000169247,SH3TC2,0.024962247822430447
4,20,positive,40,21822,ENSG00000127863,TNFRSF19,0.024936913252744042
4,20,positive,41,14147,ENSG00000241769,LINC00893,0.024897844379021435
4,20,positive,42,20966,ENSG00000139263,LRIG3,0.02486731521797979
4,20,positive,43,30918,ENSG00000176909,MAMSTR,0.024785314351664884
4,20,positive,44,18247,ENSG00000129757,CDKN1C,0.024595026417780816
4,20,positive,45,25242,ENSG00000150281,CTF1,0.024203451252061237
4,20,positive,46,25489,ENSG00000102934,PLLP,0.024042422945593278
4,20,positive,47,3714,ENSG00000234690,AC073283.4,0.02401018089155624
4,20,positive,48,15870,ENSG00000137094,DNAJB5,0.023959837349806883
4,20,positive,49,86,ENSG00000189409,MMP23B,0.023871001326270607
4,20,positive,50,5203,ENSG00000115009,CCL20,0.02375509692498206
