cell_line,outer_fold,component,observed_score,predicted_score,explained_variance_ratio,observed_test_response_used_for_fit
8505C_THYROID,0,1,-0.864350567826035,-2.8133055555284106,0.05553688946113453,False
8505C_THYROID,0,2,0.7618708240423423,-0.009351387942718337,0.03903005911200724,False
8505C_THYROID,0,3,0.9562183964945032,2.2611421129931917,0.03578663602466285,False
8505C_THYROID,0,4,-5.776288930220613,-0.6844063892771568,0.03214305828721827,False
8505C_THYROID,0,5,-1.5328475582585568,-1.6005505673424023,0.02958947463965877,False
8505C_THYROID,0,6,-0.45222541757171797,-1.0773077753608276,0.02933470580615556,False
8505C_THYROID,0,7,2.026409442668102,2.7595955322853256,0.023540764245296095,False
8505C_THYROID,0,8,0.6019134312095544,-0.5119542774582782,0.02278223756126588,False
8505C_THYROID,0,9,1.6018925720876094,0.7543429506171554,0.022171650152042307,False
8505C_THYROID,0,10,2.751012930890128,2.3990622197036626,0.021498362504201927,False
8505C_THYROID,0,11,-0.8080511240740393,0.3863228477537366,0.021005602085431934,False
8505C_THYROID,0,12,2.6836162652172475,1.576711357258268,0.020861858260621872,False
8505C_THYROID,0,13,-1.3087741494324554,-0.8385019352204879,0.020018410335138008,False
8505C_THYROID,0,14,-0.04759926820091054,0.03977887664641829,0.019644318307884757,False
8505C_THYROID,0,15,0.7925948118693714,0.6586799329278008,0.019137768275404216,False
8505C_THYROID,0,16,-0.8107409064536457,-0.10958028003279478,0.01840862265956599,False
8505C_THYROID,0,17,0.06863099858747296,0.7135398180477686,0.016926046455329198,False
8505C_THYROID,0,18,-3.3352466307493485,-1.8907025056433113,0.016361539588049298,False
8505C_THYROID,0,19,-0.6483017882795447,-0.9001734480876159,0.01607243223060492,False
8505C_THYROID,0,20,-0.45358793131425856,-0.004606419385492807,0.015388815828567983,False
A2780_OVARY,0,1,0.7054684370249973,2.9397971076014104,0.05553688946113453,False
A2780_OVARY,0,2,0.4991284279087448,-0.6466464927210548,0.03903005911200724,False
A2780_OVARY,0,3,1.0291717280460988,-1.0076253041907441,0.03578663602466285,False
A2780_OVARY,0,4,-2.4205944287910075,2.928269592229449,0.03214305828721827,False
A2780_OVARY,0,5,1.5385466505743517,-0.08945411167768852,0.02958947463965877,False
A2780_OVARY,0,6,-0.18255824502438056,-0.48982280124135513,0.02933470580615556,False
A2780_OVARY,0,7,-3.29045490956816,-0.7114927826519214,0.023540764245296095,False
A2780_OVARY,0,8,0.988022012239454,0.32721549535490496,0.02278223756126588,False
A2780_OVARY,0,9,-0.4394049787065428,-1.1961514409585658,0.022171650152042307,False
A2780_OVARY,0,10,1.323281586211808,1.1463615240964666,0.021498362504201927,False
A2780_OVARY,0,11,-2.464333706593039,-0.7807582836396638,0.021005602085431934,False
A2780_OVARY,0,12,-2.577914535598432,-0.8980436208803616,0.020861858260621872,False
A2780_OVARY,0,13,-0.8558224983689875,-1.3016330181960858,0.020018410335138008,False
A2780_OVARY,0,14,1.0715743792015267,-1.5201738102736693,0.019644318307884757,False
A2780_OVARY,0,15,-1.1643683386482,0.61240914732177,0.019137768275404216,False
A2780_OVARY,0,16,-1.34330650532525,-0.6524865169754119,0.01840862265956599,False
A2780_OVARY,0,17,-2.282501973599562,-0.4906492340145027,0.016926046455329198,False
A2780_OVARY,0,18,-2.764207338004259,0.44087611064656745,0.016361539588049298,False
A2780_OVARY,0,19,-2.8017916880895415,-0.3985789282250794,0.01607243223060492,False
A2780_OVARY,0,20,-2.633152068242067,-1.5728779550784944,0.015388815828567983,False
AGS_STOMACH,0,1,0.9585168191878211,1.0915550731736192,0.05553688946113453,False
AGS_STOMACH,0,2,1.5306677543641263,2.123679602978535,0.03903005911200724,False
AGS_STOMACH,0,3,1.495799573519275,1.9623425265346468,0.03578663602466285,False
AGS_STOMACH,0,4,-2.349914017031719,-0.508251072816709,0.03214305828721827,False
AGS_STOMACH,0,5,-0.13502331615980206,-1.066538878636302,0.02958947463965877,False
AGS_STOMACH,0,6,0.9555659184203549,1.8712490205728636,0.02933470580615556,False
AGS_STOMACH,0,7,-0.4326975591728254,-3.5724913249542505,0.023540764245296095,False
AGS_STOMACH,0,8,0.8880519896800131,-0.03559085697542831,0.02278223756126588,False
AGS_STOMACH,0,9,-1.8855310582687081,-3.323067485116628,0.022171650152042307,False
AGS_STOMACH,0,10,-2.567378803033548,-3.4119104663760447,0.021498362504201927,False
AGS_STOMACH,0,11,-0.0066382088605929646,-0.30905433239655816,0.021005602085431934,False
AGS_STOMACH,0,12,0.2054667571628772,0.14646449732742867,0.020861858260621872,False
AGS_STOMACH,0,13,0.4416787734382651,0.3050985870593908,0.020018410335138008,False
AGS_STOMACH,0,14,2.072771957787673,-0.16539518164333206,0.019644318307884757,False
AGS_STOMACH,0,15,-2.1068522561924885,-1.3377932838377766,0.019137768275404216,False
AGS_STOMACH,0,16,-0.4045082528055364,-0.8426415863092259,0.01840862265956599,False
AGS_STOMACH,0,17,-0.398582778074225,-1.3103555874912327,0.016926046455329198,False
AGS_STOMACH,0,18,-0.7703275538911425,1.2887942180573175,0.016361539588049298,False
AGS_STOMACH,0,19,-1.853949961257,-2.3036559369579375,0.01607243223060492,False
AGS_STOMACH,0,20,-1.339610882627394,-0.3976429262990896,0.015388815828567983,False
BEN_LUNG,0,1,12.74580374720611,-1.1942882850655365,0.05553688946113453,False
BEN_LUNG,0,2,-0.1760818823669956,-1.2541292846542909,0.03903005911200724,False
BEN_LUNG,0,3,-1.1150878986781891,0.9246449881383859,0.03578663602466285,False
BEN_LUNG,0,4,7.0357813005625855,7.496547161231698,0.03214305828721827,False
BEN_LUNG,0,5,0.580301906714602,5.333197773904405,0.02958947463965877,False
BEN_LUNG,0,6,-3.7045409672297005,4.372621541120552,0.02933470580615556,False
BEN_LUNG,0,7,-2.4945516144051445,-2.2415466060794573,0.023540764245296095,False
BEN_LUNG,0,8,-1.7583788840803527,0.7974663424896176,0.02278223756126588,False
BEN_LUNG,0,9,1.6009321157089722,2.984436403420226,0.022171650152042307,False
BEN_LUNG,0,10,-1.1794232108692417,-0.23794252118270864,0.021498362504201927,False
BEN_LUNG,0,11,1.3387041246082485,-1.6538022922013913,0.021005602085431934,False
BEN_LUNG,0,12,0.40417729613199915,0.24347314537161258,0.020861858260621872,False
BEN_LUNG,0,13,0.9731830353832142,4.306250663539433,0.020018410335138008,False
BEN_LUNG,0,14,-0.6920157805021029,5.11140146391326,0.019644318307884757,False
BEN_LUNG,0,15,-0.43245804357284845,1.5304130557499107,0.019137768275404216,False
BEN_LUNG,0,16,-2.7911593993833916,2.1071594448438975,0.01840862265956599,False
BEN_LUNG,0,17,-1.7398610659887033,-0.9274407853203103,0.016926046455329198,False
BEN_LUNG,0,18,0.7465868631642664,-0.05108001787242953,0.016361539588049298,False
BEN_LUNG,0,19,-0.5616381984420054,2.617707684341464,0.01607243223060492,False
BEN_LUNG,0,20,0.2708300153863066,-0.21172919359100345,0.015388815828567983,False
DMS273_LUNG,0,1,9.023619652577311,4.860690954051227,0.05553688946113453,False
DMS273_LUNG,0,2,-0.7409196530077312,-1.1060916540471408,0.03903005911200724,False
DMS273_LUNG,0,3,-0.974817326610105,-0.8267218346766845,0.03578663602466285,False
DMS273_LUNG,0,4,6.205317704865793,3.7777860028225216,0.03214305828721827,False
DMS273_LUNG,0,5,1.2764696889534097,1.1743974381228373,0.02958947463965877,False
DMS273_LUNG,0,6,-3.17436257772617,-2.6592758799115854,0.02933470580615556,False
DMS273_LUNG,0,7,-0.2803534395571405,-2.1410931790974344,0.023540764245296095,False
DMS273_LUNG,0,8,-0.23403218520724223,0.9603016971646682,0.02278223756126588,False
DMS273_LUNG,0,9,0.18383958358146715,0.8655202092556789,0.022171650152042307,False
DMS273_LUNG,0,10,0.8936682713016626,2.2594922456383255,0.021498362504201927,False
DMS273_LUNG,0,11,-0.3475299438732553,-0.891352390094407,0.021005602085431934,False
DMS273_LUNG,0,12,-1.1224387915865148,-0.06212856134568679,0.020861858260621872,False
DMS273_LUNG,0,13,0.6016188690906965,0.9936808066947381,0.020018410335138008,False
DMS273_LUNG,0,14,-0.4864387297245136,-0.022656058879875884,0.019644318307884757,False
DMS273_LUNG,0,15,1.0046583947110608,1.1934750777234069,0.019137768275404216,False
DMS273_LUNG,0,16,-2.3541573523537545,1.074410321242935,0.01840862265956599,False
DMS273_LUNG,0,17,0.2320467666138695,0.05923179764013408,0.016926046455329198,False
DMS273_LUNG,0,18,0.9943578522439538,-1.013951602105628,0.016361539588049298,False
DMS273_LUNG,0,19,-1.416998074763363,-0.30678648836319916,0.01607243223060492,False
DMS273_LUNG,0,20,0.15774247066019953,-1.317070634751222,0.015388815828567983,False
HCC1195_LUNG,0,1,-1.0807104828359204,1.4672380895553696,0.05553688946113453,False
HCC1195_LUNG,0,2,1.4491449424335805,1.7233612560017253,0.03903005911200724,False
HCC1195_LUNG,0,3,0.9965065190985625,1.348190075681945,0.03578663602466285,False
HCC1195_LUNG,0,4,-7.180553959135853,-0.4619116657463814,0.03214305828721827,False
HCC1195_LUNG,0,5,1.5676326980981028,1.6410832881644917,0.02958947463965877,False
HCC1195_LUNG,0,6,1.9072521996229703,3.9356637727121613,0.02933470580615556,False
HCC1195_LUNG,0,7,-2.4515294402448413,-0.36834691450686774,0.023540764245296095,False
HCC1195_LUNG,0,8,-0.06509934603587764,-0.42971542624962944,0.02278223756126588,False
HCC1195_LUNG,0,9,0.580512984822831,0.8269782456280048,0.022171650152042307,False
HCC1195_LUNG,0,10,-1.3830343391697897,-2.1829889742760216,0.021498362504201927,False
HCC1195_LUNG,0,11,0.5092484900366461,1.2150316031632717,0.021005602085431934,False
HCC1195_LUNG,0,12,0.6011519958476087,-1.378742657710411,0.020861858260621872,False
HCC1195_LUNG,0,13,0.8520438244989493,1.6720448293663563,0.020018410335138008,False
HCC1195_LUNG,0,14,0.7945125331964857,1.1658143359151396,0.019644318307884757,False
HCC1195_LUNG,0,15,-1.713442017436605,-0.3977764909682777,0.019137768275404216,False
HCC1195_LUNG,0,16,-2.052181293230219,-0.064326970841006,0.01840862265956599,False
HCC1195_LUNG,0,17,-1.9084249626275893,0.592906334419902,0.016926046455329198,False
HCC1195_LUNG,0,18,-2.2440102510741413,-1.451939140360309,0.016361539588049298,False
HCC1195_LUNG,0,19,-0.38042367085492623,1.5399545847805265,0.01607243223060492,False
HCC1195_LUNG,0,20,-2.675267315851567,-0.3649113981481173,0.015388815828567983,False
ISTMES1_PLEURA,0,1,1.4926749195897013,2.1816873218265416,0.05553688946113453,False
ISTMES1_PLEURA,0,2,1.453353265774823,-0.8412579420441262,0.03903005911200724,False
ISTMES1_PLEURA,0,3,0.4507951840664297,-0.6353443146213272,0.03578663602466285,False
ISTMES1_PLEURA,0,4,-2.3442653322887335,0.6631222141561571,0.03214305828721827,False
ISTMES1_PLEURA,0,5,-0.7535753193049903,-2.3869158924657503,0.02958947463965877,False
ISTMES1_PLEURA,0,6,-1.1889706277973007,-1.8287590183815292,0.02933470580615556,False
ISTMES1_PLEURA,0,7,2.268064755436357,2.972112663717313,0.023540764245296095,False
ISTMES1_PLEURA,0,8,0.5694913270172544,1.8852671983915585,0.02278223756126588,False
ISTMES1_PLEURA,0,9,0.8038189597783301,-0.5458425280736521,0.022171650152042307,False
ISTMES1_PLEURA,0,10,2.9539002754748385,1.4641136632007394,0.021498362504201927,False
ISTMES1_PLEURA,0,11,-1.1255550149375733,0.16831950560898876,0.021005602085431934,False
ISTMES1_PLEURA,0,12,0.8623941434444516,1.555541664256783,0.020861858260621872,False
ISTMES1_PLEURA,0,13,-0.6129640910253078,-0.8066986559028893,0.020018410335138008,False
ISTMES1_PLEURA,0,14,-0.09014167393453731,-1.0158611284549484,0.019644318307884757,False
ISTMES1_PLEURA,0,15,1.1904853792061316,-0.16526669276921047,0.019137768275404216,False
ISTMES1_PLEURA,0,16,-0.6223357833676917,1.8554027143150498,0.01840862265956599,False
ISTMES1_PLEURA,0,17,1.482387186138332,0.6276940667954283,0.016926046455329198,False
ISTMES1_PLEURA,0,18,-0.9961546968825059,0.8180569981045502,0.016361539588049298,False
ISTMES1_PLEURA,0,19,-0.2634595637859196,-2.127765632776098,0.01607243223060492,False
ISTMES1_PLEURA,0,20,0.9263706206254967,-0.39236912343433694,0.015388815828567983,False
J82_URINARY_TRACT,0,1,6.7534831017668555,-1.6070151269588029,0.05553688946113453,False
J82_URINARY_TRACT,0,2,0.23738597670557207,-1.6288419058939059,0.03903005911200724,False
J82_URINARY_TRACT,0,3,-1.0944348480658275,1.0431921734042942,0.03578663602466285,False
J82_URINARY_TRACT,0,4,1.2098428336355842,-0.5808816615446808,0.03214305828721827,False
J82_URINARY_TRACT,0,5,-1.1612210792865394,-2.0571797742801374,0.02958947463965877,False
J82_URINARY_TRACT,0,6,-2.664790058589456,-2.3830983356478406,0.02933470580615556,False
J82_URINARY_TRACT,0,7,0.83375086910644,2.759226123058459,0.023540764245296095,False
J82_URINARY_TRACT,0,8,-0.24545842079707636,1.3467962636588775,0.02278223756126588,False
J82_URINARY_TRACT,0,9,1.2230344113036906,1.429614213555414,0.022171650152042307,False
J82_URINARY_TRACT,0,10,0.6731175844187487,0.11993610723842031,0.021498362504201927,False
J82_URINARY_TRACT,0,11,0.6869412668263581,-0.16331168981561964,0.021005602085431934,False
J82_URINARY_TRACT,0,12,0.5026602702950703,0.7869735087605917,0.020861858260621872,False
J82_URINARY_TRACT,0,13,-1.081253979576163,-0.4640111726676626,0.020018410335138008,False
J82_URINARY_TRACT,0,14,-0.8501032391596002,0.5994044373684718,0.019644318307884757,False
J82_URINARY_TRACT,0,15,0.3401662366688052,-0.0034518235915492164,0.019137768275404216,False
J82_URINARY_TRACT,0,16,-0.7351140544414165,0.7305761279402248,0.01840862265956599,False
J82_URINARY_TRACT,0,17,1.3160676526238544,1.3788218499413525,0.016926046455329198,False
J82_URINARY_TRACT,0,18,0.1944956655586756,-0.49582806769350635,0.016361539588049298,False
J82_URINARY_TRACT,0,19,-0.5524929658280984,-2.317007953814828,0.01607243223060492,False
J82_URINARY_TRACT,0,20,0.39089548723904666,-0.28393555387491254,0.015388815828567983,False
KNS81_CENTRAL_NERVOUS_SYSTEM,0,1,-0.4988295526429116,2.276498371067974,0.05553688946113453,False
KNS81_CENTRAL_NERVOUS_SYSTEM,0,2,0.5644861554657425,0.045596516264454844,0.03903005911200724,False
KNS81_CENTRAL_NERVOUS_SYSTEM,0,3,1.205424689477065,0.4350846806602547,0.03578663602466285,False
KNS81_CENTRAL_NERVOUS_SYSTEM,0,4,-5.617085792259941,-0.7758609071939282,0.03214305828721827,False
KNS81_CENTRAL_NERVOUS_SYSTEM,0,5,-1.6878286568039613,-0.527106508302101,0.02958947463965877,False
KNS81_CENTRAL_NERVOUS_SYSTEM,0,6,0.35809709325325745,-1.1522162454528524,0.02933470580615556,False
KNS81_CENTRAL_NERVOUS_SYSTEM,0,7,3.4956627947807606,2.9471191531565912,0.023540764245296095,False
KNS81_CENTRAL_NERVOUS_SYSTEM,0,8,1.2207547837406816,0.4936743703882401,0.02278223756126588,False
KNS81_CENTRAL_NERVOUS_SYSTEM,0,9,1.8162804539938626,-0.05431713072157923,0.022171650152042307,False
KNS81_CENTRAL_NERVOUS_SYSTEM,0,10,4.314941605758766,2.7280519274291137,0.021498362504201927,False
KNS81_CENTRAL_NERVOUS_SYSTEM,0,11,-1.0141019158543894,-0.7216884564959894,0.021005602085431934,False
KNS81_CENTRAL_NERVOUS_SYSTEM,0,12,4.224315762110042,1.1646768048617626,0.020861858260621872,False
KNS81_CENTRAL_NERVOUS_SYSTEM,0,13,-1.0650817409533038,-0.6362826460736688,0.020018410335138008,False
KNS81_CENTRAL_NERVOUS_SYSTEM,0,14,0.5218427354825181,-0.9517082621431875,0.019644318307884757,False
KNS81_CENTRAL_NERVOUS_SYSTEM,0,15,2.4463268668949123,0.5283075846780921,0.019137768275404216,False
KNS81_CENTRAL_NERVOUS_SYSTEM,0,16,1.854684258780193,1.5905371199507587,0.01840862265956599,False
KNS81_CENTRAL_NERVOUS_SYSTEM,0,17,0.01100605308564595,0.6498310373519591,0.016926046455329198,False
KNS81_CENTRAL_NERVOUS_SYSTEM,0,18,-0.5096334851730813,-0.700750092529441,0.016361539588049298,False
KNS81_CENTRAL_NERVOUS_SYSTEM,0,19,-0.46649319676989176,-1.1261033306507,0.01607243223060492,False
KNS81_CENTRAL_NERVOUS_SYSTEM,0,20,1.5429765217077231,2.3646546065048817,0.015388815828567983,False
LOVO_LARGE_INTESTINE,0,1,-6.865902168112223,-0.7180460434694402,0.05553688946113453,False
LOVO_LARGE_INTESTINE,0,2,2.857170173843796,1.1463036370017767,0.03903005911200724,False
LOVO_LARGE_INTESTINE,0,3,1.190643055714533,-0.015734426310017785,0.03578663602466285,False
LOVO_LARGE_INTESTINE,0,4,-5.935623602461147,1.1589598357217739,0.03214305828721827,False
LOVO_LARGE_INTESTINE,0,5,1.4456590902251432,0.6007751996458508,0.02958947463965877,False
LOVO_LARGE_INTESTINE,0,6,2.8785529342383906,-1.279332714771749,0.02933470580615556,False
LOVO_LARGE_INTESTINE,0,7,-4.493539659673848,-3.3669268237612386,0.023540764245296095,False
LOVO_LARGE_INTESTINE,0,8,0.6437317101871847,-0.7494530553798411,0.02278223756126588,False
LOVO_LARGE_INTESTINE,0,9,-3.4021665271036423,-3.7334961768442962,0.022171650152042307,False
LOVO_LARGE_INTESTINE,0,10,-3.004724672266236,-2.9768584940910574,0.021498362504201927,False
LOVO_LARGE_INTESTINE,0,11,-1.3448288508684976,-1.7394684334382184,0.021005602085431934,False
LOVO_LARGE_INTESTINE,0,12,1.186050670346471,1.1586263985051908,0.020861858260621872,False
LOVO_LARGE_INTESTINE,0,13,-0.5803746391218887,-0.7862953873179209,0.020018410335138008,False
LOVO_LARGE_INTESTINE,0,14,3.6721741413865567,0.26032129403969245,0.019644318307884757,False
LOVO_LARGE_INTESTINE,0,15,-2.5989879820722956,-2.13912504361489,0.019137768275404216,False
LOVO_LARGE_INTESTINE,0,16,0.5342388475291306,-0.010519824348006687,0.01840862265956599,False
LOVO_LARGE_INTESTINE,0,17,-3.9529132613409868,-2.530332776519218,0.016926046455329198,False
LOVO_LARGE_INTESTINE,0,18,-0.11506412598803273,1.3251775032430524,0.016361539588049298,False
LOVO_LARGE_INTESTINE,0,19,-5.088327086889097,-2.4808260943962805,0.01607243223060492,False
LOVO_LARGE_INTESTINE,0,20,-2.3286755575257487,-1.1463495826672572,0.015388815828567983,False
MALME3M_SKIN,0,1,-18.304604042794487,-5.152546828525375,0.05553688946113453,False
MALME3M_SKIN,0,2,-5.821386040114261,-5.309827682975144,0.03903005911200724,False
MALME3M_SKIN,0,3,2.560671706280815,-4.014177247104571,0.03578663602466285,False
MALME3M_SKIN,0,4,-3.447654770297545,-4.721170609472349,0.03214305828721827,False
MALME3M_SKIN,0,5,6.986874029745958,0.18878902042585882,0.02958947463965877,False
MALME3M_SKIN,0,6,7.167466382560596,2.20666019337329,0.02933470580615556,False
MALME3M_SKIN,0,7,-0.9480718436938694,-2.95674324480542,0.023540764245296095,False
MALME3M_SKIN,0,8,-1.4374867544341516,-1.1147142492668793,0.02278223756126588,False
MALME3M_SKIN,0,9,-0.18037118507887537,-1.624214801246783,0.022171650152042307,False
MALME3M_SKIN,0,10,7.092309437257003,2.3917577970485118,0.021498362504201927,False
MALME3M_SKIN,0,11,-6.360888422529062,-3.7271664655558543,0.021005602085431934,False
MALME3M_SKIN,0,12,-9.665398906621713,-5.363486282783307,0.020861858260621872,False
MALME3M_SKIN,0,13,2.596885005696574,2.038352412439891,0.020018410335138008,False
MALME3M_SKIN,0,14,-1.7249809812463754,-2.083674089520982,0.019644318307884757,False
MALME3M_SKIN,0,15,-2.7737414680962518,-0.3446267969550435,0.019137768275404216,False
MALME3M_SKIN,0,16,-0.8059906726896238,-0.46511992939075764,0.01840862265956599,False
MALME3M_SKIN,0,17,1.4693702626689753,0.7738724793519642,0.016926046455329198,False
MALME3M_SKIN,0,18,2.6970799803982706,1.360104535263397,0.016361539588049298,False
MALME3M_SKIN,0,19,0.18982104907206798,0.07479257575991188,0.01607243223060492,False
MALME3M_SKIN,0,20,-1.9034966441135095,0.9763800751883348,0.015388815828567983,False
MDAMB468_BREAST,0,1,6.0665431450444345,1.9762159214242245,0.05553688946113453,False
MDAMB468_BREAST,0,2,1.7606872271120777,1.2332272421904804,0.03903005911200724,False
MDAMB468_BREAST,0,3,-1.2666894278026184,-0.1325178154233053,0.03578663602466285,False
MDAMB468_BREAST,0,4,-4.0175531505106274,-0.7704141296178396,0.03214305828721827,False
MDAMB468_BREAST,0,5,0.32180771140782316,-0.030082559713652403,0.02958947463965877,False
MDAMB468_BREAST,0,6,-3.110799137954227,-0.49952387654505626,0.02933470580615556,False
MDAMB468_BREAST,0,7,-2.3043596782240625,-0.22550005393423794,0.023540764245296095,False
MDAMB468_BREAST,0,8,-1.3853897753910318,-1.2175245173576408,0.02278223756126588,False
MDAMB468_BREAST,0,9,1.6762827593211025,0.09976232065792111,0.022171650152042307,False
MDAMB468_BREAST,0,10,-0.5958968078235387,-1.2789449712314676,0.021498362504201927,False
MDAMB468_BREAST,0,11,2.060769894693247,1.6942357677013302,0.021005602085431934,False
MDAMB468_BREAST,0,12,2.3479058341799637,-1.5584047939165302,0.020861858260621872,False
MDAMB468_BREAST,0,13,-0.48637890984058063,1.517538667039593,0.020018410335138008,False
MDAMB468_BREAST,0,14,-0.18508371041265237,-2.555797117281462,0.019644318307884757,False
MDAMB468_BREAST,0,15,-1.3085270403102733,-2.1737409109705994,0.019137768275404216,False
MDAMB468_BREAST,0,16,-4.201674787989535,0.08127720497404467,0.01840862265956599,False
MDAMB468_BREAST,0,17,-2.5305153609840687,1.0269310122862771,0.016926046455329198,False
MDAMB468_BREAST,0,18,-2.0429959895087197,-0.33704670891680044,0.016361539588049298,False
MDAMB468_BREAST,0,19,-0.9320707860835004,0.013590873404039633,0.01607243223060492,False
MDAMB468_BREAST,0,20,-0.9441190565825937,-0.9133020333563714,0.015388815828567983,False
MIAPACA2_PANCREAS,0,1,-6.11912232645456,-0.0128176105086419,0.05553688946113453,False
MIAPACA2_PANCREAS,0,2,1.2600717267017691,-1.2064725103313052,0.03903005911200724,False
MIAPACA2_PANCREAS,0,3,2.749416691440736,2.354226439538462,0.03578663602466285,False
MIAPACA2_PANCREAS,0,4,-9.575749734370154,-0.005851804497425537,0.03214305828721827,False
MIAPACA2_PANCREAS,0,5,-0.14445512611500727,-0.7460549184496476,0.02958947463965877,False
MIAPACA2_PANCREAS,0,6,2.0972773095681214,-3.2940043954968643,0.02933470580615556,False
MIAPACA2_PANCREAS,0,7,-0.04748114591599625,-0.7267922689374509,0.023540764245296095,False
MIAPACA2_PANCREAS,0,8,1.0732726988656855,2.334002680229671,0.02278223756126588,False
MIAPACA2_PANCREAS,0,9,-0.6832147709418687,-0.22981438668310294,0.022171650152042307,False
MIAPACA2_PANCREAS,0,10,1.0191609908348551,-0.5334195505493281,0.021498362504201927,False
MIAPACA2_PANCREAS,0,11,-2.36969202462455,-0.8064741160571709,0.021005602085431934,False
MIAPACA2_PANCREAS,0,12,-0.13240770221268827,0.7154509039209727,0.020861858260621872,False
MIAPACA2_PANCREAS,0,13,-0.39158593113883655,-0.41146861714137484,0.020018410335138008,False
MIAPACA2_PANCREAS,0,14,1.9607044590063527,-0.9506438646091142,0.019644318307884757,False
MIAPACA2_PANCREAS,0,15,-0.9899384691354971,1.2750465759271838,0.019137768275404216,False
MIAPACA2_PANCREAS,0,16,-0.8920372718292795,-1.4984962252623866,0.01840862265956599,False
MIAPACA2_PANCREAS,0,17,-2.0079611265649433,-0.2709160235583008,0.016926046455329198,False
MIAPACA2_PANCREAS,0,18,-3.0742015287012325,0.4996802628765322,0.016361539588049298,False
MIAPACA2_PANCREAS,0,19,-2.2168071294683216,-1.764289423133082,0.01607243223060492,False
MIAPACA2_PANCREAS,0,20,-2.1045178698031464,-2.0347107256118404,0.015388815828567983,False
NCIH2347_LUNG,0,1,-12.184423740272324,-0.9025878692829858,0.05553688946113453,False
NCIH2347_LUNG,0,2,2.4303086799335425,0.6713193822351691,0.03903005911200724,False
NCIH2347_LUNG,0,3,2.925659975359901,-0.32050465803157446,0.03578663602466285,False
NCIH2347_LUNG,0,4,-8.401595072835947,-3.3121998388051317,0.03214305828721827,False
NCIH2347_LUNG,0,5,0.7455908486606357,0.9275564184376206,0.02958947463965877,False
NCIH2347_LUNG,0,6,5.556282185112012,2.861804660521473,0.02933470580615556,False
NCIH2347_LUNG,0,7,-1.2297126830772245,1.0887514670517182,0.023540764245296095,False
NCIH2347_LUNG,0,8,-1.993475448939334,-1.8144088962074216,0.02278223756126588,False
NCIH2347_LUNG,0,9,-1.661679479852534,0.34876967406161985,0.022171650152042307,False
NCIH2347_LUNG,0,10,-3.482969628079217,-3.045006599448328,0.021498362504201927,False
NCIH2347_LUNG,0,11,0.5981540248532071,1.0214938308223473,0.021005602085431934,False
NCIH2347_LUNG,0,12,-1.1694296722401907,0.9217177147064127,0.020861858260621872,False
NCIH2347_LUNG,0,13,-0.4942507240668233,0.41601176277724694,0.020018410335138008,False
NCIH2347_LUNG,0,14,2.6473868037562487,0.9309279077677598,0.019644318307884757,False
NCIH2347_LUNG,0,15,-2.0066765998491727,-1.8339497345792322,0.019137768275404216,False
NCIH2347_LUNG,0,16,3.261781003999046,2.470849160124039,0.01840862265956599,False
NCIH2347_LUNG,0,17,0.3206784546157272,1.6970881069688382,0.016926046455329198,False
NCIH2347_LUNG,0,18,-1.6961778896507724,0.47531076638383696,0.016361539588049298,False
NCIH2347_LUNG,0,19,-1.456765010207241,-0.03529471590105819,0.01607243223060492,False
NCIH2347_LUNG,0,20,-0.0811383086938069,0.701701192531178,0.015388815828567983,False
NCIH23_LUNG,0,1,6.560685086907473,2.7462031551921107,0.05553688946113453,False
NCIH23_LUNG,0,2,-0.17408041083757952,-1.0111071208350986,0.03903005911200724,False
NCIH23_LUNG,0,3,-0.42409777032687457,-0.12116551770780849,0.03578663602466285,False
NCIH23_LUNG,0,4,-0.3628646594349352,0.5420076292463935,0.03214305828721827,False
NCIH23_LUNG,0,5,-0.09737363172825952,-0.13309858233946853,0.02958947463965877,False
NCIH23_LUNG,0,6,-2.4478991485514814,-1.137464211353713,0.02933470580615556,False
NCIH23_LUNG,0,7,-3.544215460757957,-0.6289582188356374,0.023540764245296095,False
NCIH23_LUNG,0,8,-0.2529290071211717,1.5226157737365458,0.02278223756126588,False
NCIH23_LUNG,0,9,2.400360700337258,-0.014714707412685471,0.022171650152042307,False
NCIH23_LUNG,0,10,1.4446313525650043,1.5114892577396772,0.021498362504201927,False
NCIH23_LUNG,0,11,0.20203842269701267,0.32306616365785645,0.021005602085431934,False
NCIH23_LUNG,0,12,0.191545125006939,0.7057200375950082,0.020861858260621872,False
NCIH23_LUNG,0,13,-0.45770551320116976,-0.14486842257180338,0.020018410335138008,False
NCIH23_LUNG,0,14,-0.3370794201058799,0.9746503092018106,0.019644318307884757,False
NCIH23_LUNG,0,15,-1.2138804926184636,0.2518274687643789,0.019137768275404216,False
NCIH23_LUNG,0,16,-3.2315255921799144,-1.862877604273972,0.01840862265956599,False
NCIH23_LUNG,0,17,-1.9189843499019368,-0.7989620985174152,0.016926046455329198,False
NCIH23_LUNG,0,18,-1.9766638027686756,0.33017679097729413,0.016361539588049298,False
NCIH23_LUNG,0,19,-0.7505090757103976,1.080047172989894,0.01607243223060492,False
NCIH23_LUNG,0,20,-1.6521142993195703,-1.8435996526948806,0.015388815828567983,False
RCC10RGB_KIDNEY,0,1,0.4096085317696687,3.3522499501019736,0.05553688946113453,False
RCC10RGB_KIDNEY,0,2,1.9940744358905276,0.7825559852113662,0.03903005911200724,False
RCC10RGB_KIDNEY,0,3,1.4807923570440007,-0.5460495457481552,0.03578663602466285,False
RCC10RGB_KIDNEY,0,4,-7.395575937254236,-0.5829311527603024,0.03214305828721827,False
RCC10RGB_KIDNEY,0,5,-0.4654870065792444,-0.568943882497803,0.02958947463965877,False
RCC10RGB_KIDNEY,0,6,0.755763060302038,-1.1904043659927204,0.02933470580615556,False
RCC10RGB_KIDNEY,0,7,2.7589588014743436,1.336123387579715,0.023540764245296095,False
RCC10RGB_KIDNEY,0,8,2.449393083285008,2.1765851686978164,0.02278223756126588,False
RCC10RGB_KIDNEY,0,9,0.10182820647248528,-0.827949568747254,0.022171650152042307,False
RCC10RGB_KIDNEY,0,10,-0.5351554355830475,1.590934205479617,0.021498362504201927,False
RCC10RGB_KIDNEY,0,11,0.3143465786183035,1.3405651338670677,0.021005602085431934,False
RCC10RGB_KIDNEY,0,12,1.9619103978933956,1.3846863106179796,0.020861858260621872,False
RCC10RGB_KIDNEY,0,13,-0.37763610340839604,-0.5338734531039588,0.020018410335138008,False
RCC10RGB_KIDNEY,0,14,1.9318847939772334,0.287804615157933,0.019644318307884757,False
RCC10RGB_KIDNEY,0,15,0.7980992086203482,0.37305065413712274,0.019137768275404216,False
RCC10RGB_KIDNEY,0,16,0.47178128134435493,-0.5487234159383216,0.01840862265956599,False
RCC10RGB_KIDNEY,0,17,1.2874962185425183,2.00834181943692,0.016926046455329198,False
RCC10RGB_KIDNEY,0,18,-0.47951517805992827,-1.0048112773499582,0.016361539588049298,False
RCC10RGB_KIDNEY,0,19,-1.906333726183179,-2.174191939879425,0.01607243223060492,False
RCC10RGB_KIDNEY,0,20,1.0715057299910427,1.015067685240887,0.015388815828567983,False
SNU685_ENDOMETRIUM,0,1,9.879055868905716,2.646337993974615,0.05553688946113453,False
SNU685_ENDOMETRIUM,0,2,0.32410932455860614,-0.7060005810555566,0.03903005911200724,False
SNU685_ENDOMETRIUM,0,3,-0.2663787433052909,0.05854102361352459,0.03578663602466285,False
SNU685_ENDOMETRIUM,0,4,1.4614788351189971,-1.0540325704608775,0.03214305828721827,False
SNU685_ENDOMETRIUM,0,5,-0.19268172697366642,-0.6582764148940635,0.02958947463965877,False
SNU685_ENDOMETRIUM,0,6,-2.0729448480237727,1.2800921712834923,0.02933470580615556,False
SNU685_ENDOMETRIUM,0,7,2.485163513462811,2.5597482599744725,0.023540764245296095,False
SNU685_ENDOMETRIUM,0,8,1.1624118544960014,1.362582499484007,0.02278223756126588,False
SNU685_ENDOMETRIUM,0,9,0.8071601695366866,1.2031918452210137,0.022171650152042307,False
SNU685_ENDOMETRIUM,0,10,0.7862767387956004,0.9590124361648114,0.021498362504201927,False
SNU685_ENDOMETRIUM,0,11,0.902129620758946,-0.5925178423383908,0.021005602085431934,False
SNU685_ENDOMETRIUM,0,12,1.153730471611008,0.9633280770231106,0.020861858260621872,False
SNU685_ENDOMETRIUM,0,13,-0.8421021112326159,-0.3797914909777105,0.020018410335138008,False
SNU685_ENDOMETRIUM,0,14,-0.9847489201605073,-0.21456717705415046,0.019644318307884757,False
SNU685_ENDOMETRIUM,0,15,1.007805630026958,2.4767037733876385,0.019137768275404216,False
SNU685_ENDOMETRIUM,0,16,0.2482132050152588,0.7025902228639493,0.01840862265956599,False
SNU685_ENDOMETRIUM,0,17,1.6327179602462112,0.01268819214749325,0.016926046455329198,False
SNU685_ENDOMETRIUM,0,18,1.8849294455701728,-0.4602198861893723,0.016361539588049298,False
SNU685_ENDOMETRIUM,0,19,-0.4701627113075628,-0.061846542448902045,0.01607243223060492,False
SNU685_ENDOMETRIUM,0,20,2.4921724955493034,-0.0019074190023671642,0.015388815828567983,False
TE6_OESOPHAGUS,0,1,3.214214874354729,-0.004859163819883958,0.05553688946113453,False
TE6_OESOPHAGUS,0,2,1.4574370184303806,4.263544319734654,0.03903005911200724,False
TE6_OESOPHAGUS,0,3,-0.9242311597113332,-2.621180868579446,0.03578663602466285,False
TE6_OESOPHAGUS,0,4,-0.8476781221478724,0.9676545382348392,0.03214305828721827,False
TE6_OESOPHAGUS,0,5,0.8078925220539614,0.6385304820188178,0.02958947463965877,False
TE6_OESOPHAGUS,0,6,-1.8447462525111566,-0.45728370970996063,0.02933470580615556,False
TE6_OESOPHAGUS,0,7,-1.6059349111933878,0.07221353980538861,0.023540764245296095,False
TE6_OESOPHAGUS,0,8,-2.004529473682118,-2.50079571657544,0.02278223756126588,False
TE6_OESOPHAGUS,0,9,2.5664653153488572,2.121562355604593,0.022171650152042307,False
TE6_OESOPHAGUS,0,10,0.036487233002385766,0.2796500417154594,0.021498362504201927,False
TE6_OESOPHAGUS,0,11,0.9717261001959243,0.5041859820494121,0.021005602085431934,False
TE6_OESOPHAGUS,0,12,0.9645929334399735,0.25450646777257213,0.020861858260621872,False
TE6_OESOPHAGUS,0,13,0.918060675562889,-1.4781857189740408,0.020018410335138008,False
TE6_OESOPHAGUS,0,14,-0.6063999380689145,-1.5766267678187933,0.019644318307884757,False
TE6_OESOPHAGUS,0,15,0.2591187568409655,0.44536940512743833,0.019137768275404216,False
TE6_OESOPHAGUS,0,16,-1.7583391179252432,-0.6437590217951913,0.01840862265956599,False
TE6_OESOPHAGUS,0,17,-1.0258879163912005,-0.007194121350414195,0.016926046455329198,False
TE6_OESOPHAGUS,0,18,-0.8136874414939512,-1.1289630034269886,0.016361539588049298,False
TE6_OESOPHAGUS,0,19,-0.23280471015805215,1.2034817777413935,0.01607243223060492,False
TE6_OESOPHAGUS,0,20,-1.372074965994648,-1.022796224356162,0.015388815828567983,False
UACC257_SKIN,0,1,-16.729939671992156,-3.4201810540301816,0.05553688946113453,False
UACC257_SKIN,0,2,-4.734181397120144,-6.431337730252264,0.03903005911200724,False
UACC257_SKIN,0,3,2.9253259959680795,-3.5786402502230468,0.03578663602466285,False
UACC257_SKIN,0,4,-9.152096140452665,-2.94382582303871,0.03214305828721827,False
UACC257_SKIN,0,5,6.1538224336180605,0.4538106390364393,0.02958947463965877,False
UACC257_SKIN,0,6,8.370532412478727,1.3684635036934385,0.02933470580615556,False
UACC257_SKIN,0,7,1.2854037680455421,-2.265768197081767,0.023540764245296095,False
UACC257_SKIN,0,8,2.0971082471352642,-1.1458007700664363,0.02278223756126588,False
UACC257_SKIN,0,9,-3.4614673685802146,-0.021540529030884683,0.022171650152042307,False
UACC257_SKIN,0,10,4.1036757446885845,3.3300936535863856,0.021498362504201927,False
UACC257_SKIN,0,11,-5.487467878470205,-4.26701881935833,0.021005602085431934,False
UACC257_SKIN,0,12,-7.665140545260129,-4.481630769532127,0.020861858260621872,False
UACC257_SKIN,0,13,1.8677322610090692,3.413766988155436,0.020018410335138008,False
UACC257_SKIN,0,14,0.7344791883849318,-0.2724870228758858,0.019644318307884757,False
UACC257_SKIN,0,15,-0.4661834622611454,0.18337118238651,0.019137768275404216,False
UACC257_SKIN,0,16,1.682437501347509,-2.1620370693357227,0.01840862265956599,False
UACC257_SKIN,0,17,1.128933242309524,-0.22370366347233786,0.016926046455329198,False
UACC257_SKIN,0,18,0.8503209153882381,-0.2218467472648476,0.016361539588049298,False
UACC257_SKIN,0,19,-0.3192676260123093,0.08945492732803713,0.01607243223060492,False
UACC257_SKIN,0,20,-0.6905775081964174,-0.5901430869987491,0.015388815828567983,False
22RV1_PROSTATE,1,1,3.5948731074657854,0.7666110400472845,0.057886456019609504,False
22RV1_PROSTATE,1,2,-1.4615969366708672,-1.567728471264188,0.041134004299364056,False
22RV1_PROSTATE,1,3,1.8413282322593023,0.2895472953892269,0.03836189324300644,False
22RV1_PROSTATE,1,4,5.181835123989051,5.667072604047349,0.03375132845726413,False
22RV1_PROSTATE,1,5,-0.054925929813198326,0.8714337040349462,0.030269094552349586,False
22RV1_PROSTATE,1,6,1.6134493557640663,4.424357405381002,0.0298010788931121,False
22RV1_PROSTATE,1,7,-4.454433764482571,-1.7611390159230327,0.02529843031794357,False
22RV1_PROSTATE,1,8,1.4284354181477976,1.6281118218069992,0.023778254499640477,False
22RV1_PROSTATE,1,9,-0.030488295200133186,-1.067980541476761,0.023582512277617103,False
22RV1_PROSTATE,1,10,-0.923283489456656,-2.147557064675563,0.022343873325457377,False
22RV1_PROSTATE,1,11,-1.3978683882329106,-1.3446043297364978,0.02146940512705462,False
22RV1_PROSTATE,1,12,-0.26521924074943726,-0.545975450310099,0.020035703309144556,False
22RV1_PROSTATE,1,13,-1.673536389043004,-0.7735424612475218,0.019550685197386005,False
22RV1_PROSTATE,1,14,-1.237959926921881,-0.06692099707332243,0.01874400445099701,False
22RV1_PROSTATE,1,15,1.6651314287315264,-0.6400555548967934,0.01752084093882982,False
22RV1_PROSTATE,1,16,-1.8416968518413523,0.07149835127287359,0.016983114541716297,False
22RV1_PROSTATE,1,17,-1.6147486363681944,-0.5176494960880389,0.016800570254349962,False
22RV1_PROSTATE,1,18,2.6613635291411954,-0.15026357494874412,0.01614095696653734,False
22RV1_PROSTATE,1,19,0.04841072871912844,-1.3158755320277187,0.01542228241487413,False
22RV1_PROSTATE,1,20,-1.4735350304415802,0.6954124787172737,0.015070020446336502,False
A375_SKIN,1,1,-26.03522682601512,-3.7491714343644817,0.057886456019609504,False
A375_SKIN,1,2,4.908289533235939,-2.4758000800562994,0.041134004299364056,False
A375_SKIN,1,3,-2.152520480615932,3.966708362432593,0.03836189324300644,False
A375_SKIN,1,4,-9.56530026638086,-1.1480338458569619,0.03375132845726413,False
A375_SKIN,1,5,1.2877419238204784,-1.5351594077870236,0.030269094552349586,False
A375_SKIN,1,6,2.682607893993622,-1.2239908309631993,0.0298010788931121,False
A375_SKIN,1,7,9.042134651957454,2.6878078060749844,0.02529843031794357,False
A375_SKIN,1,8,0.9484988874919136,0.7566167764863987,0.023778254499640477,False
A375_SKIN,1,9,-0.5421714709384768,-0.5495038776025517,0.023582512277617103,False
A375_SKIN,1,10,-4.1490392784160965,0.13182173240197143,0.022343873325457377,False
A375_SKIN,1,11,0.2605501740482683,1.3577364551207745,0.02146940512705462,False
A375_SKIN,1,12,-4.801975085045536,-1.9144528356519852,0.020035703309144556,False
A375_SKIN,1,13,-6.649896850784474,0.2903230601183933,0.019550685197386005,False
A375_SKIN,1,14,-7.490868890963623,-1.7376273668872446,0.01874400445099701,False
A375_SKIN,1,15,-4.020743967697193,-1.123301564582554,0.01752084093882982,False
A375_SKIN,1,16,-1.8177871646118744,-0.17731988924062983,0.016983114541716297,False
A375_SKIN,1,17,-1.4172956102216285,0.8640435551035167,0.016800570254349962,False
A375_SKIN,1,18,1.7339170042868866,0.7463055065772725,0.01614095696653734,False
A375_SKIN,1,19,-3.7754966568982455,-0.268589318220509,0.01542228241487413,False
A375_SKIN,1,20,1.7572722226326203,-0.8404557871571208,0.015070020446336502,False
CAL120_BREAST,1,1,7.423972287724848,2.648988223294417,0.057886456019609504,False
CAL120_BREAST,1,2,-2.1656260727307926,2.5836824006218007,0.041134004299364056,False
CAL120_BREAST,1,3,1.3195165753931932,-0.5078366657705603,0.03836189324300644,False
CAL120_BREAST,1,4,2.5232258798723564,-0.42356514256290384,0.03375132845726413,False
CAL120_BREAST,1,5,-2.362901323609814,-1.4082163789684976,0.030269094552349586,False
CAL120_BREAST,1,6,-0.8165497551296053,0.1803189235711411,0.0298010788931121,False
CAL120_BREAST,1,7,-0.710590098058943,2.0682831984082877,0.02529843031794357,False
CAL120_BREAST,1,8,-0.5944334543440426,-0.5177410351594318,0.023778254499640477,False
CAL120_BREAST,1,9,-0.8883189962250096,-0.852370328337163,0.023582512277617103,False
CAL120_BREAST,1,10,1.2725079034950646,1.1872451642931443,0.022343873325457377,False
CAL120_BREAST,1,11,0.47964970442781807,0.8613689636543135,0.02146940512705462,False
CAL120_BREAST,1,12,-0.1399301229367209,-0.23429934232665292,0.020035703309144556,False
CAL120_BREAST,1,13,1.0006366273840883,0.020415873767092783,0.019550685197386005,False
CAL120_BREAST,1,14,-0.7634970519316018,-0.8525369455739006,0.01874400445099701,False
CAL120_BREAST,1,15,0.3778858671988956,-0.3528670360154414,0.01752084093882982,False
CAL120_BREAST,1,16,0.63944324512615,1.1789056074362056,0.016983114541716297,False
CAL120_BREAST,1,17,-0.5977486819128135,-2.6217098890206327,0.016800570254349962,False
CAL120_BREAST,1,18,-0.007804092704725818,-1.2907326774664454,0.01614095696653734,False
CAL120_BREAST,1,19,-0.156573942934926,-1.5463568139941697,0.01542228241487413,False
CAL120_BREAST,1,20,-0.8369272043431728,1.0657310764446875,0.015070020446336502,False
COLO668_LUNG,1,1,5.268535565466959,-0.08681467731364756,0.057886456019609504,False
COLO668_LUNG,1,2,-2.46674688727306,-0.40794612330347124,0.041134004299364056,False
COLO668_LUNG,1,3,3.9599177214122756,2.976979779027961,0.03836189324300644,False
COLO668_LUNG,1,4,8.433206985731104,5.12075612377291,0.03375132845726413,False
COLO668_LUNG,1,5,-1.5119898901445705,3.7268195766526335,0.030269094552349586,False
COLO668_LUNG,1,6,1.6087457805721437,9.863659847674478,0.0298010788931121,False
COLO668_LUNG,1,7,-4.613659990970089,0.8401384920359979,0.02529843031794357,False
COLO668_LUNG,1,8,2.5275942156255407,2.6060057277442885,0.023778254499640477,False
COLO668_LUNG,1,9,2.443519939091074,-0.41797133388500535,0.023582512277617103,False
COLO668_LUNG,1,10,1.0873044585728384,2.8549247830371636,0.022343873325457377,False
COLO668_LUNG,1,11,0.5039821969880047,0.6815117731314079,0.02146940512705462,False
COLO668_LUNG,1,12,0.4426794242032619,0.5102528227608856,0.020035703309144556,False
COLO668_LUNG,1,13,0.9751291117175283,-0.6025353182019434,0.019550685197386005,False
COLO668_LUNG,1,14,-1.8523935225050916,0.45023485332867946,0.01874400445099701,False
COLO668_LUNG,1,15,0.3991093695335557,0.1547896869638613,0.01752084093882982,False
COLO668_LUNG,1,16,-0.5533330097687,0.3667406189121864,0.016983114541716297,False
COLO668_LUNG,1,17,-0.8215798201775659,0.11877334597796867,0.016800570254349962,False
COLO668_LUNG,1,18,2.247383595735546,-0.41503144223961413,0.01614095696653734,False
COLO668_LUNG,1,19,1.025471997417165,0.8787247313845415,0.01542228241487413,False
COLO668_LUNG,1,20,-1.2201196876200697,0.28959238549739286,0.015070020446336502,False
COV434_OVARY,1,1,6.221888819157906,2.1854715030099894,0.057886456019609504,False
COV434_OVARY,1,2,-3.8368526982858566,-0.5845356256856583,0.041134004299364056,False
COV434_OVARY,1,3,1.6925031116664935,1.4567061561871082,0.03836189324300644,False
COV434_OVARY,1,4,6.8016820338896276,3.306561685067363,0.03375132845726413,False
COV434_OVARY,1,5,-0.7295890912269374,-0.515499388199999,0.030269094552349586,False
COV434_OVARY,1,6,1.835987402358123,-0.16299335145879493,0.0298010788931121,False
COV434_OVARY,1,7,-3.9324299226034753,-0.8158444076059559,0.02529843031794357,False
COV434_OVARY,1,8,0.6115144489679027,0.2335586337778738,0.023778254499640477,False
COV434_OVARY,1,9,0.16622984560061138,-1.1542646856881695,0.023582512277617103,False
COV434_OVARY,1,10,0.2284206903696333,-0.8945875655414213,0.022343873325457377,False
COV434_OVARY,1,11,-0.7118510968923918,-1.0270192833060348,0.02146940512705462,False
COV434_OVARY,1,12,-0.02664552675271703,-0.23827957346624193,0.020035703309144556,False
COV434_OVARY,1,13,0.437249098011369,-1.1997354674438545,0.019550685197386005,False
COV434_OVARY,1,14,-0.02030661779742582,-1.1326727400941041,0.01874400445099701,False
COV434_OVARY,1,15,1.4393281258451847,-0.7153169893040642,0.01752084093882982,False
COV434_OVARY,1,16,-2.167125857343049,-0.9233289525696724,0.016983114541716297,False
COV434_OVARY,1,17,-0.9019240924547551,-1.8516797362696928,0.016800570254349962,False
COV434_OVARY,1,18,2.8263469983873977,0.9612410045201157,0.01614095696653734,False
COV434_OVARY,1,19,1.5677869830852376,-1.544469574543821,0.01542228241487413,False
COV434_OVARY,1,20,-1.6900521376606847,0.32204805756377175,0.015070020446336502,False
GCIY_STOMACH,1,1,4.6669183690879965,2.2034438165802257,0.057886456019609504,False
GCIY_STOMACH,1,2,-1.5896785651163285,-0.30476231582390734,0.041134004299364056,False
GCIY_STOMACH,1,3,-0.4862829703606302,-0.14538387717428974,0.03836189324300644,False
GCIY_STOMACH,1,4,0.8521268255994956,-0.10645979738354237,0.03375132845726413,False
GCIY_STOMACH,1,5,-1.7954265329303107,0.8662082185108453,0.030269094552349586,False
GCIY_STOMACH,1,6,-0.06119971530242778,0.42586781974594945,0.0298010788931121,False
GCIY_STOMACH,1,7,-1.7209019912709809,1.0767237288588924,0.02529843031794357,False
GCIY_STOMACH,1,8,2.4190988128854882,0.9309174774145522,0.023778254499640477,False
GCIY_STOMACH,1,9,2.0839553326142624,-0.13485018542787414,0.023582512277617103,False
GCIY_STOMACH,1,10,0.8535481491944286,0.43416901340862185,0.022343873325457377,False
GCIY_STOMACH,1,11,-0.2340451286598879,0.0023714687831488434,0.02146940512705462,False
GCIY_STOMACH,1,12,2.8053769022007375,1.28036227566531,0.020035703309144556,False
GCIY_STOMACH,1,13,-0.576699825520437,0.2604263471559048,0.019550685197386005,False
GCIY_STOMACH,1,14,-1.5048299982566682,-0.17965146470683624,0.01874400445099701,False
GCIY_STOMACH,1,15,-0.744575492869155,-0.3915209120288221,0.01752084093882982,False
GCIY_STOMACH,1,16,-0.6786959416430292,0.7212486334499938,0.016983114541716297,False
GCIY_STOMACH,1,17,-1.2699599403509119,0.11290674834566077,0.016800570254349962,False
GCIY_STOMACH,1,18,1.1652492542146968,0.8280056917542589,0.01614095696653734,False
GCIY_STOMACH,1,19,-0.24180258055899095,-0.49889901887482624,0.01542228241487413,False
GCIY_STOMACH,1,20,0.03955923137550732,-0.28755277830472964,0.015070020446336502,False
GP2D_LARGE_INTESTINE,1,1,6.374888742005261,0.5782736262855466,0.057886456019609504,False
GP2D_LARGE_INTESTINE,1,2,-1.3370378516698054,0.16587922202984026,0.041134004299364056,False
GP2D_LARGE_INTESTINE,1,3,0.9358606380741605,-0.5836923901888265,0.03836189324300644,False
GP2D_LARGE_INTESTINE,1,4,2.798457257280597,-0.21848124191183854,0.03375132845726413,False
GP2D_LARGE_INTESTINE,1,5,-0.6936282686060258,-0.4932913648343285,0.030269094552349586,False
GP2D_LARGE_INTESTINE,1,6,0.9998602955266506,2.778700636911813,0.0298010788931121,False
GP2D_LARGE_INTESTINE,1,7,-2.7300755020410414,-0.34592393515766057,0.02529843031794357,False
GP2D_LARGE_INTESTINE,1,8,2.5565163104837056,5.015187288505182,0.023778254499640477,False
GP2D_LARGE_INTESTINE,1,9,2.377174695806033,-0.42281465926025885,0.023582512277617103,False
GP2D_LARGE_INTESTINE,1,10,-1.1890258033202452,-4.280618666738808,0.022343873325457377,False
GP2D_LARGE_INTESTINE,1,11,-0.5218922376997047,-0.6680537509478734,0.02146940512705462,False
GP2D_LARGE_INTESTINE,1,12,2.7453904468828294,1.7476036103430201,0.020035703309144556,False
GP2D_LARGE_INTESTINE,1,13,-1.2573500215778202,-0.6296071362440248,0.019550685197386005,False
GP2D_LARGE_INTESTINE,1,14,-1.2072807907719958,0.7096113275234649,0.01874400445099701,False
GP2D_LARGE_INTESTINE,1,15,-0.41843807434761304,-0.9325265782158559,0.01752084093882982,False
GP2D_LARGE_INTESTINE,1,16,-2.73253422298843,-3.045325318657083,0.016983114541716297,False
GP2D_LARGE_INTESTINE,1,17,-1.5472491614605741,0.28513330939300674,0.016800570254349962,False
GP2D_LARGE_INTESTINE,1,18,1.3758691496132547,-0.7258554725668991,0.01614095696653734,False
GP2D_LARGE_INTESTINE,1,19,0.7344021245853369,0.5257174743356993,0.01542228241487413,False
GP2D_LARGE_INTESTINE,1,20,-0.9913567821896796,0.6084228520056952,0.015070020446336502,False
LI7_LIVER,1,1,6.01986475677713,-0.7412685246019894,0.057886456019609504,False
LI7_LIVER,1,2,-0.9362155281098099,1.448723155758803,0.041134004299364056,False
LI7_LIVER,1,3,3.0189922412325636,-0.9126959255401225,0.03836189324300644,False
LI7_LIVER,1,4,3.3672476630928765,3.764502370146033,0.03375132845726413,False
LI7_LIVER,1,5,-0.09645931672754449,5.635834621380387,0.030269094552349586,False
LI7_LIVER,1,6,-0.9499919911470005,-3.5206715556656,0.0298010788931121,False
LI7_LIVER,1,7,-1.1224358639491294,0.5165640341470834,0.02529843031794357,False
LI7_LIVER,1,8,-1.5772097505341613,-1.2399590468471653,0.023778254499640477,False
LI7_LIVER,1,9,-1.4188049108682739,-0.6629941819216246,0.023582512277617103,False
LI7_LIVER,1,10,1.4859459424712222,1.0807578142178436,0.022343873325457377,False
LI7_LIVER,1,11,-0.4212816356496534,-0.8665272312214019,0.02146940512705462,False
LI7_LIVER,1,12,1.3181454147324785,1.7332943581062625,0.020035703309144556,False
LI7_LIVER,1,13,0.09047360559756434,-0.3333042779136014,0.019550685197386005,False
LI7_LIVER,1,14,-1.4343600471885152,0.4293261293439055,0.01874400445099701,False
LI7_LIVER,1,15,3.2666426822221757,1.7659937114135154,0.01752084093882982,False
LI7_LIVER,1,16,-0.5498558306672158,-0.8527169775468554,0.016983114541716297,False
LI7_LIVER,1,17,-1.803148625499446,0.7270615159579364,0.016800570254349962,False
LI7_LIVER,1,18,1.1468769902283298,2.0793268383912564,0.01614095696653734,False
LI7_LIVER,1,19,2.0451810808642765,2.2373703968066163,0.01542228241487413,False
LI7_LIVER,1,20,-0.7909791993517701,1.0691942282495601,0.015070020446336502,False
LN229_CENTRAL_NERVOUS_SYSTEM,1,1,-0.3062908687826571,-4.8519639754083475,0.057886456019609504,False
LN229_CENTRAL_NERVOUS_SYSTEM,1,2,-2.3588346735672294,-2.012703974203826,0.041134004299364056,False
LN229_CENTRAL_NERVOUS_SYSTEM,1,3,2.7769799720471195,5.7262198560793465,0.03836189324300644,False
LN229_CENTRAL_NERVOUS_SYSTEM,1,4,-0.8371341902657656,-0.7966075142075588,0.03375132845726413,False
LN229_CENTRAL_NERVOUS_SYSTEM,1,5,-1.9259618502675209,-1.1397195976708387,0.030269094552349586,False
LN229_CENTRAL_NERVOUS_SYSTEM,1,6,-2.3563304164023164,-1.5949928199001062,0.0298010788931121,False
LN229_CENTRAL_NERVOUS_SYSTEM,1,7,3.4272204546923817,1.7702629505905298,0.02529843031794357,False
LN229_CENTRAL_NERVOUS_SYSTEM,1,8,-4.060360113309459,-1.015280639187864,0.023778254499640477,False
LN229_CENTRAL_NERVOUS_SYSTEM,1,9,-1.0535963896250036,-1.6646186142208337,0.023582512277617103,False
LN229_CENTRAL_NERVOUS_SYSTEM,1,10,1.0970217095303954,0.4346723625880163,0.022343873325457377,False
LN229_CENTRAL_NERVOUS_SYSTEM,1,11,1.605519614313748,1.356395269744941,0.02146940512705462,False
LN229_CENTRAL_NERVOUS_SYSTEM,1,12,-3.5579025810598455,-3.3623689073980536,0.020035703309144556,False
LN229_CENTRAL_NERVOUS_SYSTEM,1,13,-0.645279039097435,0.2947235664800985,0.019550685197386005,False
LN229_CENTRAL_NERVOUS_SYSTEM,1,14,-3.562142500933814,-1.1853049405160048,0.01874400445099701,False
LN229_CENTRAL_NERVOUS_SYSTEM,1,15,0.30606732915779844,-0.4134189853087576,0.01752084093882982,False
LN229_CENTRAL_NERVOUS_SYSTEM,1,16,1.0192824275272714,0.0674627261484171,0.016983114541716297,False
LN229_CENTRAL_NERVOUS_SYSTEM,1,17,1.8693082752683012,2.014980208289576,0.016800570254349962,False
LN229_CENTRAL_NERVOUS_SYSTEM,1,18,-0.6078307282638806,0.5256223692875642,0.01614095696653734,False
LN229_CENTRAL_NERVOUS_SYSTEM,1,19,-0.16726156791944824,0.5322585488628387,0.01542228241487413,False
LN229_CENTRAL_NERVOUS_SYSTEM,1,20,-0.4944217643904354,-0.5779705295194638,0.015070020446336502,False
MDAMB435S_SKIN,1,1,2.7085894468886753,-5.27082296244549,0.057886456019609504,False
MDAMB435S_SKIN,1,2,-2.2112334517603887,-3.203773068324231,0.041134004299364056,False
MDAMB435S_SKIN,1,3,1.2712030997463954,4.3827198319750265,0.03836189324300644,False
MDAMB435S_SKIN,1,4,-2.1434292457371535,-1.6158838649330858,0.03375132845726413,False
MDAMB435S_SKIN,1,5,-3.6901231283774134,-1.352660338811893,0.030269094552349586,False
MDAMB435S_SKIN,1,6,-1.769447369608294,-1.4258208594060802,0.0298010788931121,False
MDAMB435S_SKIN,1,7,1.7827331343248227,2.8465961527758417,0.02529843031794357,False
MDAMB435S_SKIN,1,8,-1.061018089687896,0.28352430867922795,0.023778254499640477,False
MDAMB435S_SKIN,1,9,-1.3779745052224,-1.503897026472825,0.023582512277617103,False
MDAMB435S_SKIN,1,10,0.6682743138120152,-0.2566037759444229,0.022343873325457377,False
MDAMB435S_SKIN,1,11,0.6942038062834093,0.547219627226889,0.02146940512705462,False
MDAMB435S_SKIN,1,12,-2.3374107214745967,-2.186003558930609,0.020035703309144556,False
MDAMB435S_SKIN,1,13,-0.2585499536188176,0.47322136354175925,0.019550685197386005,False
MDAMB435S_SKIN,1,14,-4.215296737088514,-2.0128760239445596,0.01874400445099701,False
MDAMB435S_SKIN,1,15,-0.08587474601291811,-0.7200783837249721,0.01752084093882982,False
MDAMB435S_SKIN,1,16,0.08441608432752767,-0.7666422781118916,0.016983114541716297,False
MDAMB435S_SKIN,1,17,-0.8132939481177919,0.8851014059890567,0.016800570254349962,False
MDAMB435S_SKIN,1,18,0.20662497542584934,0.6377461192037166,0.01614095696653734,False
MDAMB435S_SKIN,1,19,-1.1771738533966203,-0.7125954757564926,0.01542228241487413,False
MDAMB435S_SKIN,1,20,-1.270473611429288,-0.5016052350595193,0.015070020446336502,False
NCIH1355_LUNG,1,1,-6.232790291418912,1.2757951381706747,0.057886456019609504,False
NCIH1355_LUNG,1,2,1.8560453610779701,1.405677759868074,0.041134004299364056,False
NCIH1355_LUNG,1,3,-0.9211578161881322,-0.08016274782147348,0.03836189324300644,False
NCIH1355_LUNG,1,4,1.2328435040907229,1.5871007641162678,0.03375132845726413,False
NCIH1355_LUNG,1,5,0.40181309530616494,-1.7006430148828213,0.030269094552349586,False
NCIH1355_LUNG,1,6,1.9680826365840747,-2.932090181919717,0.0298010788931121,False
NCIH1355_LUNG,1,7,2.249531012994054,-1.8973651959818647,0.02529843031794357,False
NCIH1355_LUNG,1,8,-3.756395155452206,-1.8043831624565225,0.023778254499640477,False
NCIH1355_LUNG,1,9,-4.377555769555372,-1.2373457855768122,0.023582512277617103,False
NCIH1355_LUNG,1,10,-1.5575506181382532,0.35971511260719086,0.022343873325457377,False
NCIH1355_LUNG,1,11,-1.1373600968258528,-0.7679901447954397,0.02146940512705462,False
NCIH1355_LUNG,1,12,-0.5457519819754634,2.5664094639399946,0.020035703309144556,False
NCIH1355_LUNG,1,13,-0.6321557856770808,0.007187566534779158,0.019550685197386005,False
NCIH1355_LUNG,1,14,0.9637230764477123,-1.1210153504871736,0.01874400445099701,False
NCIH1355_LUNG,1,15,3.495630126930271,-0.00039657108332645036,0.01752084093882982,False
NCIH1355_LUNG,1,16,1.071009550110471,-1.115070324433863,0.016983114541716297,False
NCIH1355_LUNG,1,17,1.6877845100752018,2.790390058107884,0.016800570254349962,False
NCIH1355_LUNG,1,18,2.165694272810333,1.5856465734429577,0.01614095696653734,False
NCIH1355_LUNG,1,19,-1.1490874182113169,-0.9004156159738699,0.01542228241487413,False
NCIH1355_LUNG,1,20,-0.27031789977978926,-0.2573520950019897,0.015070020446336502,False
NCIH2126_LUNG,1,1,8.795486948457103,0.9450726102857597,0.057886456019609504,False
NCIH2126_LUNG,1,2,-1.5324763876404894,0.5772831849797454,0.041134004299364056,False
NCIH2126_LUNG,1,3,1.2464652786990653,-0.7959210599952676,0.03836189324300644,False
NCIH2126_LUNG,1,4,3.1785704614871273,0.599943135519556,0.03375132845726413,False
NCIH2126_LUNG,1,5,-1.617195149760289,-0.9387386582391543,0.030269094552349586,False
NCIH2126_LUNG,1,6,-0.37336164604015243,1.4167381601985265,0.0298010788931121,False
NCIH2126_LUNG,1,7,-3.942329143314879,-1.1504282183593877,0.02529843031794357,False
NCIH2126_LUNG,1,8,0.31105565543595637,-0.7120577470624306,0.023778254499640477,False
NCIH2126_LUNG,1,9,2.2269252743318857,1.034175443643891,0.023582512277617103,False
NCIH2126_LUNG,1,10,-0.25853399554824263,-0.9258288619024276,0.022343873325457377,False
NCIH2126_LUNG,1,11,-0.7975290600283703,-4.102410315393631,0.02146940512705462,False
NCIH2126_LUNG,1,12,3.546364768471155,3.2086997537491837,0.020035703309144556,False
NCIH2126_LUNG,1,13,0.5023210719668265,0.6294215066058736,0.019550685197386005,False
NCIH2126_LUNG,1,14,0.36774862130924624,-0.5648556483641636,0.01874400445099701,False
NCIH2126_LUNG,1,15,1.0994939073868288,-1.0950370314758702,0.01752084093882982,False
NCIH2126_LUNG,1,16,0.2914830934788959,-1.1570039456059262,0.016983114541716297,False
NCIH2126_LUNG,1,17,0.23518313161656135,2.272630329646873,0.016800570254349962,False
NCIH2126_LUNG,1,18,-0.7969953583158347,-1.6027994320628867,0.01614095696653734,False
NCIH2126_LUNG,1,19,2.4275117539747932,-1.6171744104653727,0.01542228241487413,False
NCIH2126_LUNG,1,20,-0.554392577893464,0.08238540890428168,0.015070020446336502,False
NCIH522_LUNG,1,1,9.301534255862869,3.465712270758002,0.057886456019609504,False
NCIH522_LUNG,1,2,-3.7548271222835723,-1.846327197358926,0.041134004299364056,False
NCIH522_LUNG,1,3,4.131822116889721,0.1608336403474852,0.03836189324300644,False
NCIH522_LUNG,1,4,7.153034866649996,2.0407468876820003,0.03375132845726413,False
NCIH522_LUNG,1,5,-2.6553684135830364,-0.2210399274666447,0.030269094552349586,False
NCIH522_LUNG,1,6,0.5858142423655338,-0.3730077386275965,0.0298010788931121,False
NCIH522_LUNG,1,7,-4.183952848410995,-1.0154811371030985,0.02529843031794357,False
NCIH522_LUNG,1,8,1.5496789937741053,1.37133220411342,0.023778254499640477,False
NCIH522_LUNG,1,9,1.9802686582535234,-0.6457989897809742,0.023582512277617103,False
NCIH522_LUNG,1,10,1.1674984027964668,0.41169823653268706,0.022343873325457377,False
NCIH522_LUNG,1,11,-0.457212633672857,-0.8299265837559566,0.02146940512705462,False
NCIH522_LUNG,1,12,0.26512477439955934,0.22380588055294628,0.020035703309144556,False
NCIH522_LUNG,1,13,0.8962974893403308,-1.2318432819065221,0.019550685197386005,False
NCIH522_LUNG,1,14,-1.1483235317920863,-0.1949584468209515,0.01874400445099701,False
NCIH522_LUNG,1,15,0.0975085803449387,-0.8125555892544812,0.01752084093882982,False
NCIH522_LUNG,1,16,-1.6052190917281193,0.1715163269992211,0.016983114541716297,False
NCIH522_LUNG,1,17,-1.0830557825962341,-1.5728316928956387,0.016800570254349962,False
NCIH522_LUNG,1,18,0.7832689095816574,1.455477363249011,0.01614095696653734,False
NCIH522_LUNG,1,19,-0.3110340911266345,-1.5475724891149525,0.01542228241487413,False
NCIH522_LUNG,1,20,-1.4019404526304726,-0.7298598464732318,0.015070020446336502,False
NCIH841_LUNG,1,1,7.199793073589955,3.2510353033457493,0.057886456019609504,False
NCIH841_LUNG,1,2,-3.345150747553894,-2.4676210658769424,0.041134004299364056,False
NCIH841_LUNG,1,3,1.9117475279376448,0.1639443971417943,0.03836189324300644,False
NCIH841_LUNG,1,4,3.5867783267265674,1.5269138241039406,0.03375132845726413,False
NCIH841_LUNG,1,5,-1.9675750827964082,-0.9562267306465204,0.030269094552349586,False
NCIH841_LUNG,1,6,-0.14026920766305345,-0.17390680965464142,0.0298010788931121,False
NCIH841_LUNG,1,7,-1.8445268998282884,-1.1218462601094719,0.02529843031794357,False
NCIH841_LUNG,1,8,1.3785342523833197,2.3763813146762347,0.023778254499640477,False
NCIH841_LUNG,1,9,-0.20265645382506162,-0.508914096881527,0.023582512277617103,False
NCIH841_LUNG,1,10,0.866304853445881,0.9398858866136625,0.022343873325457377,False
NCIH841_LUNG,1,11,-0.5445117543968218,0.7670074627679353,0.02146940512705462,False
NCIH841_LUNG,1,12,0.8465471648122632,0.835715816395205,0.020035703309144556,False
NCIH841_LUNG,1,13,-0.6722397079608484,-2.142130179335981,0.019550685197386005,False
NCIH841_LUNG,1,14,-1.261118733617855,-0.2732439060234659,0.01874400445099701,False
NCIH841_LUNG,1,15,-1.2531970899321858,-0.24750673502944998,0.01752084093882982,False
NCIH841_LUNG,1,16,-1.706949651722326,0.7346019269394587,0.016983114541716297,False
NCIH841_LUNG,1,17,-2.6198513526468763,-0.7115219686179746,0.016800570254349962,False
NCIH841_LUNG,1,18,1.8924835813214624,2.4829623283041964,0.01614095696653734,False
NCIH841_LUNG,1,19,-0.662477478557836,-2.2919135922644145,0.01542228241487413,False
NCIH841_LUNG,1,20,-1.2547181719402523,-0.9273415829194168,0.015070020446336502,False
PANC0403_PANCREAS,1,1,-9.57955884457892,-6.412405171642235,0.057886456019609504,False
PANC0403_PANCREAS,1,2,6.524598531132202,3.954738868168805,0.041134004299364056,False
PANC0403_PANCREAS,1,3,-5.876379863117334,-3.9401308922666773,0.03836189324300644,False
PANC0403_PANCREAS,1,4,-3.7340488187193808,-2.242444687837516,0.03375132845726413,False
PANC0403_PANCREAS,1,5,3.1395655555010453,0.32085622572603517,0.030269094552349586,False
PANC0403_PANCREAS,1,6,3.126293237046851,0.80828363495076,0.0298010788931121,False
PANC0403_PANCREAS,1,7,2.688647355450005,-0.9507063484011727,0.02529843031794357,False
PANC0403_PANCREAS,1,8,0.20360709544604416,1.9671002242394748,0.023778254499640477,False
PANC0403_PANCREAS,1,9,0.7849558823815365,1.710208135279551,0.023582512277617103,False
PANC0403_PANCREAS,1,10,-4.380766341621574,-2.619452298844494,0.022343873325457377,False
PANC0403_PANCREAS,1,11,-2.687109386521234,-1.6419129657951688,0.02146940512705462,False
PANC0403_PANCREAS,1,12,3.25640689908401,2.7806520778379715,0.020035703309144556,False
PANC0403_PANCREAS,1,13,-1.4402274791607694,0.6207270003823004,0.019550685197386005,False
PANC0403_PANCREAS,1,14,1.3581786217109453,0.9164884839559618,0.01874400445099701,False
PANC0403_PANCREAS,1,15,-0.10294766277408707,0.4102922948717366,0.01752084093882982,False
PANC0403_PANCREAS,1,16,-1.8478814379600936,-0.9302819040425562,0.016983114541716297,False
PANC0403_PANCREAS,1,17,1.5245250609187702,1.2085318418171351,0.016800570254349962,False
PANC0403_PANCREAS,1,18,0.29930732950813166,-0.992476746584018,0.01614095696653734,False
PANC0403_PANCREAS,1,19,0.12864727068041337,-0.10281736574727973,0.01542228241487413,False
PANC0403_PANCREAS,1,20,1.0432806952746443,0.46400343979218034,0.015070020446336502,False
SKUT1_SOFT_TISSUE,1,1,7.994177982296744,0.893536048261459,0.057886456019609504,False
SKUT1_SOFT_TISSUE,1,2,-3.2313398419194095,0.23057053249160162,0.041134004299364056,False
SKUT1_SOFT_TISSUE,1,3,-0.08584012896754478,-1.277962972049677,0.03836189324300644,False
SKUT1_SOFT_TISSUE,1,4,0.7032808201801899,0.8887992092588819,0.03375132845726413,False
SKUT1_SOFT_TISSUE,1,5,-3.002666768104694,-1.702206513001282,0.030269094552349586,False
SKUT1_SOFT_TISSUE,1,6,-2.172121892680668,-1.1512970671480667,0.0298010788931121,False
SKUT1_SOFT_TISSUE,1,7,-2.181868520007606,0.454421629350005,0.02529843031794357,False
SKUT1_SOFT_TISSUE,1,8,1.4553434311907611,2.1231065867822396,0.023778254499640477,False
SKUT1_SOFT_TISSUE,1,9,0.8041836000977031,-1.77246292696188,0.023582512277617103,False
SKUT1_SOFT_TISSUE,1,10,0.7680481819968427,0.22036209209816554,0.022343873325457377,False
SKUT1_SOFT_TISSUE,1,11,1.49730837763031,0.6379592451953279,0.02146940512705462,False
SKUT1_SOFT_TISSUE,1,12,0.05810198810046252,-0.8178039981898163,0.020035703309144556,False
SKUT1_SOFT_TISSUE,1,13,-1.052568219494856,0.6572420798646177,0.019550685197386005,False
SKUT1_SOFT_TISSUE,1,14,-0.7573078841745122,0.19089731399208673,0.01874400445099701,False
SKUT1_SOFT_TISSUE,1,15,-1.6258871192735014,-0.8005994707562515,0.01752084093882982,False
SKUT1_SOFT_TISSUE,1,16,-0.41002747866505584,-0.6166341406369804,0.016983114541716297,False
SKUT1_SOFT_TISSUE,1,17,-2.658138692875987,-2.443508070402582,0.016800570254349962,False
SKUT1_SOFT_TISSUE,1,18,0.2838073712629625,0.4006472372625553,0.01614095696653734,False
SKUT1_SOFT_TISSUE,1,19,-1.3240140318152722,-0.8131401943335369,0.01542228241487413,False
SKUT1_SOFT_TISSUE,1,20,-0.7251481491627223,-0.4082205861981735,0.015070020446336502,False
SNU1214_UPPER_AERODIGESTIVE_TRACT,1,1,-11.344575927801628,-1.6375767412919047,0.057886456019609504,False
SNU1214_UPPER_AERODIGESTIVE_TRACT,1,2,8.17947653830227,2.2239424569184623,0.041134004299364056,False
SNU1214_UPPER_AERODIGESTIVE_TRACT,1,3,-3.9557449505692723,-2.221842173749344,0.03836189324300644,False
SNU1214_UPPER_AERODIGESTIVE_TRACT,1,4,-2.135810835010102,-0.1373679594608345,0.03375132845726413,False
SNU1214_UPPER_AERODIGESTIVE_TRACT,1,5,1.1977152713682901,-3.130590828869078,0.030269094552349586,False
SNU1214_UPPER_AERODIGESTIVE_TRACT,1,6,1.9920532539943485,-1.0236842022308015,0.0298010788931121,False
SNU1214_UPPER_AERODIGESTIVE_TRACT,1,7,2.0585054498915767,-0.05937468264825118,0.02529843031794357,False
SNU1214_UPPER_AERODIGESTIVE_TRACT,1,8,-3.313127054006725,-1.6788780162479713,0.023778254499640477,False
SNU1214_UPPER_AERODIGESTIVE_TRACT,1,9,5.5572552329860745,7.010845031501598,0.023582512277617103,False
SNU1214_UPPER_AERODIGESTIVE_TRACT,1,10,-1.8409175866495857,0.13093038795340994,0.022343873325457377,False
SNU1214_UPPER_AERODIGESTIVE_TRACT,1,11,0.4281154803590903,0.2592005426302805,0.02146940512705462,False
SNU1214_UPPER_AERODIGESTIVE_TRACT,1,12,2.7325649057760804,0.5462148017138262,0.020035703309144556,False
SNU1214_UPPER_AERODIGESTIVE_TRACT,1,13,-2.6909925311982374,0.4742563596234387,0.019550685197386005,False
SNU1214_UPPER_AERODIGESTIVE_TRACT,1,14,2.6720402271432233,0.5646538708653083,0.01874400445099701,False
SNU1214_UPPER_AERODIGESTIVE_TRACT,1,15,-1.4517228919566998,-0.32475569136843946,0.01752084093882982,False
SNU1214_UPPER_AERODIGESTIVE_TRACT,1,16,-1.1145844606920525,1.081768062289746,0.016983114541716297,False
SNU1214_UPPER_AERODIGESTIVE_TRACT,1,17,-1.12502873528241,0.5380919337379696,0.016800570254349962,False
SNU1214_UPPER_AERODIGESTIVE_TRACT,1,18,-2.8367392689351605,-1.0027458543832912,0.01614095696653734,False
SNU1214_UPPER_AERODIGESTIVE_TRACT,1,19,0.595909479183925,1.984036422818283,0.01542228241487413,False
SNU1214_UPPER_AERODIGESTIVE_TRACT,1,20,1.755763023512896,-0.8235077575283846,0.015070020446336502,False
TEN_ENDOMETRIUM,1,1,7.026788497116331,3.5411895775061124,0.057886456019609504,False
TEN_ENDOMETRIUM,1,2,-0.3034879814178124,-0.6005809302754134,0.041134004299364056,False
TEN_ENDOMETRIUM,1,3,-0.2581017547530422,-1.1353953185062196,0.03836189324300644,False
TEN_ENDOMETRIUM,1,4,1.8929960362015512,-1.4466811677939306,0.03375132845726413,False
TEN_ENDOMETRIUM,1,5,-1.8333644797977957,1.686185967681269,0.030269094552349586,False
TEN_ENDOMETRIUM,1,6,-0.498396575098478,0.8474048483778832,0.0298010788931121,False
TEN_ENDOMETRIUM,1,7,-2.3337503416409975,-0.4631250487771395,0.02529843031794357,False
TEN_ENDOMETRIUM,1,8,2.138931342155221,-0.3773086680854324,0.023778254499640477,False
TEN_ENDOMETRIUM,1,9,1.4188033601214962,0.7216772819834965,0.023582512277617103,False
TEN_ENDOMETRIUM,1,10,0.5650716230034926,-0.6422048747929158,0.022343873325457377,False
TEN_ENDOMETRIUM,1,11,0.2799693581763838,-0.2986055358788579,0.02146940512705462,False
TEN_ENDOMETRIUM,1,12,1.8715577782213022,1.869775470354772,0.020035703309144556,False
TEN_ENDOMETRIUM,1,13,0.5794159226369455,-0.7091683529379502,0.019550685197386005,False
TEN_ENDOMETRIUM,1,14,-0.7186702779689755,-0.3603444669616578,0.01874400445099701,False
TEN_ENDOMETRIUM,1,15,0.6482897942127837,0.0846598281516208,0.01752084093882982,False
TEN_ENDOMETRIUM,1,16,0.6600464639033969,0.6755110359911077,0.016983114541716297,False
TEN_ENDOMETRIUM,1,17,-1.800245405071114,-0.3369598434213153,0.016800570254349962,False
TEN_ENDOMETRIUM,1,18,0.26204657525954755,-0.6602156753841276,0.01614095696653734,False
TEN_ENDOMETRIUM,1,19,1.3458690978648133,-0.2816519974529016,0.01542228241487413,False
TEN_ENDOMETRIUM,1,20,0.09519768809937057,0.4619025702578239,0.015070020446336502,False
TUHR4TKB_KIDNEY,1,1,6.430214099823598,1.1202833488512058,0.057886456019609504,False
TUHR4TKB_KIDNEY,1,2,-2.192324447600133,-2.1356760148583214,0.041134004299364056,False
TUHR4TKB_KIDNEY,1,3,-0.042232164059462285,-0.1360226023435147,0.03836189324300644,False
TUHR4TKB_KIDNEY,1,4,0.16818796725537588,-1.490192476395492,0.03375132845726413,False
TUHR4TKB_KIDNEY,1,5,-2.033759711083279,-0.2656101256862715,0.030269094552349586,False
TUHR4TKB_KIDNEY,1,6,-1.7190576026877928,0.1060708129583955,0.0298010788931121,False
TUHR4TKB_KIDNEY,1,7,0.654181045926375,0.23654796334187653,0.02529843031794357,False
TUHR4TKB_KIDNEY,1,8,-1.46776840041538,-2.4528712052244903,0.023778254499640477,False
TUHR4TKB_KIDNEY,1,9,-2.419809518677992,-2.5764016171782376,0.023582512277617103,False
TUHR4TKB_KIDNEY,1,10,1.3373763951871802,0.14735953930694262,0.022343873325457377,False
TUHR4TKB_KIDNEY,1,11,1.1792081106835353,0.7000215649384429,0.02146940512705462,False
TUHR4TKB_KIDNEY,1,12,-0.8714681105524865,-0.5870764065256818,0.020035703309144556,False
TUHR4TKB_KIDNEY,1,13,1.234874704834966,0.14607480513464619,0.019550685197386005,False
TUHR4TKB_KIDNEY,1,14,-1.0177935905518667,-0.012141511646618785,0.01874400445099701,False
TUHR4TKB_KIDNEY,1,15,2.3231283050124554,2.100768783425063,0.01752084093882982,False
TUHR4TKB_KIDNEY,1,16,1.14482681736399,1.3319002483509488,0.016983114541716297,False
TUHR4TKB_KIDNEY,1,17,-0.6529890786840504,-0.18109160652438888,0.016800570254349962,False
TUHR4TKB_KIDNEY,1,18,1.8666932321109622,1.3583323342960083,0.01614095696653734,False
TUHR4TKB_KIDNEY,1,19,0.6706667797931278,0.7763463516065033,0.01542228241487413,False
TUHR4TKB_KIDNEY,1,20,-0.12575360629280308,0.8238330910747542,0.015070020446336502,False
42MGBA_CENTRAL_NERVOUS_SYSTEM,2,1,7.879042828119694,-0.10891032362729382,0.05777488503084776,False
42MGBA_CENTRAL_NERVOUS_SYSTEM,2,2,2.1145504620249027,0.47779666599378917,0.04120841377346551,False
42MGBA_CENTRAL_NERVOUS_SYSTEM,2,3,0.0826253701791817,2.067446351063896,0.037796951418664494,False
42MGBA_CENTRAL_NERVOUS_SYSTEM,2,4,1.5711722395490701,-0.4022721704459926,0.0347374008436251,False
42MGBA_CENTRAL_NERVOUS_SYSTEM,2,5,3.202101433067513,2.2932521973701103,0.030373673023777963,False
42MGBA_CENTRAL_NERVOUS_SYSTEM,2,6,-0.017302656744746958,0.2688671642164754,0.02920709216542977,False
42MGBA_CENTRAL_NERVOUS_SYSTEM,2,7,1.5397252185263586,1.5603513905929374,0.025866078062590017,False
42MGBA_CENTRAL_NERVOUS_SYSTEM,2,8,2.002687570364813,1.8002105879509296,0.023275621923846315,False
42MGBA_CENTRAL_NERVOUS_SYSTEM,2,9,1.102308808009584,-0.44570235768223077,0.02281038379402894,False
42MGBA_CENTRAL_NERVOUS_SYSTEM,2,10,-0.9755661156207414,-1.4310560195438644,0.021475097441035356,False
42MGBA_CENTRAL_NERVOUS_SYSTEM,2,11,2.594661563059491,2.1187510910506724,0.020697253462445706,False
42MGBA_CENTRAL_NERVOUS_SYSTEM,2,12,1.9925763144548014,1.705643249173768,0.020337653601742504,False
42MGBA_CENTRAL_NERVOUS_SYSTEM,2,13,-0.2060221766415209,-0.31295812956648367,0.020101040472085784,False
42MGBA_CENTRAL_NERVOUS_SYSTEM,2,14,-1.7063803572779863,-1.8164335925290958,0.019636352701348087,False
42MGBA_CENTRAL_NERVOUS_SYSTEM,2,15,1.4741990605366482,1.2679709408309678,0.018932014046282118,False
42MGBA_CENTRAL_NERVOUS_SYSTEM,2,16,-1.0045164580189914,-1.4974957706002894,0.01784084832246017,False
42MGBA_CENTRAL_NERVOUS_SYSTEM,2,17,-0.19125031646474921,-0.02031925644872032,0.016791747566558088,False
42MGBA_CENTRAL_NERVOUS_SYSTEM,2,18,-0.8230926429250952,-0.7311817928866253,0.016000892736002775,False
42MGBA_CENTRAL_NERVOUS_SYSTEM,2,19,-0.57434627983419,-1.4991783409717947,0.01569327229429144,False
42MGBA_CENTRAL_NERVOUS_SYSTEM,2,20,-0.1431040490022593,0.0518461848487517,0.015136957416106635,False
786O_KIDNEY,2,1,10.213778129602364,2.175535977341216,0.05777488503084776,False
786O_KIDNEY,2,2,1.531923606658462,-0.6351898084489741,0.04120841377346551,False
786O_KIDNEY,2,3,-1.5493747718280217,0.3341614442882999,0.037796951418664494,False
786O_KIDNEY,2,4,0.13987600905479614,-1.936832592320695,0.0347374008436251,False
786O_KIDNEY,2,5,3.212561387925383,1.4122339565499646,0.030373673023777963,False
786O_KIDNEY,2,6,0.4502836979398004,-0.9521096628063163,0.02920709216542977,False
786O_KIDNEY,2,7,1.3310001658029416,1.0401239675928584,0.025866078062590017,False
786O_KIDNEY,2,8,1.7826661697327688,1.5168907814277361,0.023275621923846315,False
786O_KIDNEY,2,9,2.0293121578812383,1.0500171076228506,0.02281038379402894,False
786O_KIDNEY,2,10,-1.1817483914669682,-2.4106240932237353,0.021475097441035356,False
786O_KIDNEY,2,11,0.5733806840100049,2.003606494603642,0.020697253462445706,False
786O_KIDNEY,2,12,2.4249847541294125,0.9209458991673358,0.020337653601742504,False
786O_KIDNEY,2,13,-0.23689967494363873,0.5971600670532279,0.020101040472085784,False
786O_KIDNEY,2,14,1.0981863729775183,0.5281844911404204,0.019636352701348087,False
786O_KIDNEY,2,15,2.332314362484563,1.9095024242759877,0.018932014046282118,False
786O_KIDNEY,2,16,-2.0813336209648763,-2.2251338046480225,0.01784084832246017,False
786O_KIDNEY,2,17,-1.7816804449473818,-0.8130746363295982,0.016791747566558088,False
786O_KIDNEY,2,18,0.6030645625771656,1.1454594781630767,0.016000892736002775,False
786O_KIDNEY,2,19,-1.173380609544655,-1.650186274660749,0.01569327229429144,False
786O_KIDNEY,2,20,0.4542410944269999,0.12100502369571056,0.015136957416106635,False
CAOV3_OVARY,2,1,5.3241595540260835,-2.288636399930187,0.05777488503084776,False
CAOV3_OVARY,2,2,0.2029703051904148,-0.7671536003444828,0.04120841377346551,False
CAOV3_OVARY,2,3,-0.7772252656485259,-1.6074738620554014,0.037796951418664494,False
CAOV3_OVARY,2,4,0.3832261529202263,-1.2540684768749133,0.0347374008436251,False
CAOV3_OVARY,2,5,3.5575927789170807,1.0850769814529864,0.030373673023777963,False
CAOV3_OVARY,2,6,-1.8648493919919207,-0.421250941684206,0.02920709216542977,False
CAOV3_OVARY,2,7,-0.5150673496795912,-1.7209730113605985,0.025866078062590017,False
CAOV3_OVARY,2,8,-2.2630478880425704,-2.50705662335764,0.023275621923846315,False
CAOV3_OVARY,2,9,-1.0644328993649677,-0.049823899582362816,0.02281038379402894,False
CAOV3_OVARY,2,10,-0.1571966601143553,0.7845921901413364,0.021475097441035356,False
CAOV3_OVARY,2,11,0.593707586029325,-0.40145364041524934,0.020697253462445706,False
CAOV3_OVARY,2,12,1.2535458756856244,0.6543807779237607,0.020337653601742504,False
CAOV3_OVARY,2,13,0.04619675848621663,-0.4861726164803809,0.020101040472085784,False
CAOV3_OVARY,2,14,0.6508185232514971,0.9063365774387848,0.019636352701348087,False
CAOV3_OVARY,2,15,-0.5819455925210724,-1.2153151295688314,0.018932014046282118,False
CAOV3_OVARY,2,16,3.368453429597585,-0.08123507322145208,0.01784084832246017,False
CAOV3_OVARY,2,17,0.2856416784233804,0.02859158525393492,0.016791747566558088,False
CAOV3_OVARY,2,18,-0.26131431929032733,0.6359506656098872,0.016000892736002775,False
CAOV3_OVARY,2,19,0.7241376364982819,-0.3586084185515587,0.01569327229429144,False
CAOV3_OVARY,2,20,1.6687140469932467,0.26519211376350615,0.015136957416106635,False
COLO680N_OESOPHAGUS,2,1,5.558800332975693,-2.8689496075048324,0.05777488503084776,False
COLO680N_OESOPHAGUS,2,2,-2.6169678592308436,-4.610476437528164,0.04120841377346551,False
COLO680N_OESOPHAGUS,2,3,-0.8630281493923868,-1.4707887438335954,0.037796951418664494,False
COLO680N_OESOPHAGUS,2,4,-1.227961419944271,-1.3621537948310394,0.0347374008436251,False
COLO680N_OESOPHAGUS,2,5,4.342263254634561,2.5490432002484775,0.030373673023777963,False
COLO680N_OESOPHAGUS,2,6,-1.239707206143129,-0.3709978163510628,0.02920709216542977,False
COLO680N_OESOPHAGUS,2,7,1.049547039366598,-1.22559631627589,0.025866078062590017,False
COLO680N_OESOPHAGUS,2,8,-1.7536773548091231,-0.9540207675929098,0.023275621923846315,False
COLO680N_OESOPHAGUS,2,9,-1.4565522835250964,-1.962983661661248,0.02281038379402894,False
COLO680N_OESOPHAGUS,2,10,-0.8009167914748514,0.2589923592689839,0.021475097441035356,False
COLO680N_OESOPHAGUS,2,11,-0.6797209205805934,-1.7135013302413815,0.020697253462445706,False
COLO680N_OESOPHAGUS,2,12,3.2965000712568657,1.8837919979031228,0.020337653601742504,False
COLO680N_OESOPHAGUS,2,13,-0.6414018763033016,-0.9796140877782803,0.020101040472085784,False
COLO680N_OESOPHAGUS,2,14,2.7671438665134147,1.0025357950839031,0.019636352701348087,False
COLO680N_OESOPHAGUS,2,15,1.0969216067487846,-0.931698474608515,0.018932014046282118,False
COLO680N_OESOPHAGUS,2,16,1.772381900143919,0.4643163718160596,0.01784084832246017,False
COLO680N_OESOPHAGUS,2,17,-0.31468991622562337,1.152463447561397,0.016791747566558088,False
COLO680N_OESOPHAGUS,2,18,0.7285801018483382,0.9500524130881743,0.016000892736002775,False
COLO680N_OESOPHAGUS,2,19,-0.9245002177930852,-0.47212032194199227,0.01569327229429144,False
COLO680N_OESOPHAGUS,2,20,2.085537694148539,0.49879150522535004,0.015136957416106635,False
G401_SOFT_TISSUE,2,1,2.4771434371360765,2.226249525932978,0.05777488503084776,False
G401_SOFT_TISSUE,2,2,1.1920270399258128,2.906700816178941,0.04120841377346551,False
G401_SOFT_TISSUE,2,3,-0.11785519685734436,-1.0334517643032923,0.037796951418664494,False
G401_SOFT_TISSUE,2,4,1.013017259033698,1.1453786777131403,0.0347374008436251,False
G401_SOFT_TISSUE,2,5,0.09338858221958835,1.0313924456066617,0.030373673023777963,False
G401_SOFT_TISSUE,2,6,-0.7836404817316559,1.298623202344743,0.02920709216542977,False
G401_SOFT_TISSUE,2,7,0.7441578734718433,0.20304353091336408,0.025866078062590017,False
G401_SOFT_TISSUE,2,8,1.2047041549729451,-0.8650288912346737,0.023275621923846315,False
G401_SOFT_TISSUE,2,9,1.9232717049536707,1.240501465190921,0.02281038379402894,False
G401_SOFT_TISSUE,2,10,1.4186851296968839,1.512477627462028,0.021475097441035356,False
G401_SOFT_TISSUE,2,11,1.5068158899095472,0.6634521215890079,0.020697253462445706,False
G401_SOFT_TISSUE,2,12,-1.1772815813913453,-0.502972561890395,0.020337653601742504,False
G401_SOFT_TISSUE,2,13,0.09207861681076401,-1.7948423507072753,0.020101040472085784,False
G401_SOFT_TISSUE,2,14,0.011173151500929498,-0.7440071762878239,0.019636352701348087,False
G401_SOFT_TISSUE,2,15,0.28819979511957383,-0.553971861150138,0.018932014046282118,False
G401_SOFT_TISSUE,2,16,0.33995858905899423,1.0795650848631633,0.01784084832246017,False
G401_SOFT_TISSUE,2,17,-1.5468362660511106,-2.1322273855164453,0.016791747566558088,False
G401_SOFT_TISSUE,2,18,-0.761160143289628,-0.9850857943987116,0.016000892736002775,False
G401_SOFT_TISSUE,2,19,1.9795606019745287,2.040215573907062,0.01569327229429144,False
G401_SOFT_TISSUE,2,20,-1.5322861845058637,-1.6137334344641716,0.015136957416106635,False
HCC1143_BREAST,2,1,6.691117186987903,-1.5795610944188416,0.05777488503084776,False
HCC1143_BREAST,2,2,-0.5212566030802179,-2.8559477727186904,0.04120841377346551,False
HCC1143_BREAST,2,3,-0.7530283645013016,-0.7507498535930291,0.037796951418664494,False
HCC1143_BREAST,2,4,-1.9885291121332829,-0.7845000867569056,0.0347374008436251,False
HCC1143_BREAST,2,5,4.298334254345528,1.9453353961409379,0.030373673023777963,False
HCC1143_BREAST,2,6,-0.3619286276378444,-0.8641860767266464,0.02920709216542977,False
HCC1143_BREAST,2,7,1.5635717974226573,-0.8561276802909229,0.025866078062590017,False
HCC1143_BREAST,2,8,1.466234406320538,0.2068678526876455,0.023275621923846315,False
HCC1143_BREAST,2,9,0.3180587375027072,-1.2514586973371138,0.02281038379402894,False
HCC1143_BREAST,2,10,-0.7590704494880292,0.7962052325322502,0.021475097441035356,False
HCC1143_BREAST,2,11,0.8855743256704496,-1.2854577787720374,0.020697253462445706,False
HCC1143_BREAST,2,12,2.0802620574753172,1.5262639458641443,0.020337653601742504,False
HCC1143_BREAST,2,13,-0.9594398263324605,-0.7972767122153999,0.020101040472085784,False
HCC1143_BREAST,2,14,1.529660734418347,0.2606776955886794,0.019636352701348087,False
HCC1143_BREAST,2,15,1.2033194680302464,-0.29014680230544687,0.018932014046282118,False
HCC1143_BREAST,2,16,0.0823265558026316,0.46253805159727496,0.01784084832246017,False
HCC1143_BREAST,2,17,-0.07140847124223759,0.9768876955864602,0.016791747566558088,False
HCC1143_BREAST,2,18,2.1312901038081007,0.7977015403107112,0.016000892736002775,False
HCC1143_BREAST,2,19,-1.9481521718777832,-0.30059485874753006,0.01569327229429144,False
HCC1143_BREAST,2,20,1.6500839390903808,0.20095026286414136,0.015136957416106635,False
HS766T_PANCREAS,2,1,-22.251523125508445,-1.4311364537968003,0.05777488503084776,False
HS766T_PANCREAS,2,2,-7.942012112419196,-3.087056192383289,0.04120841377346551,False
HS766T_PANCREAS,2,3,2.9254073888753256,0.1377965059904855,0.037796951418664494,False
HS766T_PANCREAS,2,4,-4.14160361264544,-0.921817195915561,0.0347374008436251,False
HS766T_PANCREAS,2,5,-7.341439699424329,2.3144570499674977,0.030373673023777963,False
HS766T_PANCREAS,2,6,-2.745510589091472,1.172068529011549,0.02920709216542977,False
HS766T_PANCREAS,2,7,3.0662144311398345,1.320189576573487,0.025866078062590017,False
HS766T_PANCREAS,2,8,3.22466640309049,1.2408217516619533,0.023275621923846315,False
HS766T_PANCREAS,2,9,-3.9396277288700574,-1.3269365320344075,0.02281038379402894,False
HS766T_PANCREAS,2,10,1.5850959926126982,-0.937414719104018,0.021475097441035356,False
HS766T_PANCREAS,2,11,-1.3140682381235909,-0.8125644124162673,0.020697253462445706,False
HS766T_PANCREAS,2,12,-2.8627082763358,1.0400737875021553,0.020337653601742504,False
HS766T_PANCREAS,2,13,2.875916591916192,-0.7766884833530646,0.020101040472085784,False
HS766T_PANCREAS,2,14,1.9137988956242087,0.08987305187248706,0.019636352701348087,False
HS766T_PANCREAS,2,15,-0.9811725640377973,0.0890406596825321,0.018932014046282118,False
HS766T_PANCREAS,2,16,-3.7154446843499715,0.27997915973883764,0.01784084832246017,False
HS766T_PANCREAS,2,17,2.6305786237750293,0.33939807402584976,0.016791747566558088,False
HS766T_PANCREAS,2,18,0.1498204852992946,-0.5106961617760694,0.016000892736002775,False
HS766T_PANCREAS,2,19,-0.9552914757338604,-0.5388743467842739,0.01569327229429144,False
HS766T_PANCREAS,2,20,-2.540691931672008,0.19914514955083504,0.015136957416106635,False
IGR1_SKIN,2,1,-7.0701416527836045,-9.088064520880712,0.05777488503084776,False
IGR1_SKIN,2,2,4.645811118933815,5.960495059611947,0.04120841377346551,False
IGR1_SKIN,2,3,-0.975811832485372,2.5600635536341,0.037796951418664494,False
IGR1_SKIN,2,4,-2.2495454757627016,0.1831119088383908,0.0347374008436251,False
IGR1_SKIN,2,5,1.8895458035923514,2.411885760716323,0.030373673023777963,False
IGR1_SKIN,2,6,-0.630203362991627,0.6743464884181642,0.02920709216542977,False
IGR1_SKIN,2,7,3.1358305295458644,2.281957998038102,0.025866078062590017,False
IGR1_SKIN,2,8,0.5187165576000707,0.6234552563455973,0.023275621923846315,False
IGR1_SKIN,2,9,0.2432578716919005,0.5977498353884664,0.02281038379402894,False
IGR1_SKIN,2,10,1.5059959495912787,0.2641115214921027,0.021475097441035356,False
IGR1_SKIN,2,11,3.972060771784901,1.5617354530285028,0.020697253462445706,False
IGR1_SKIN,2,12,-3.1383406030266174,-1.140290830802373,0.020337653601742504,False
IGR1_SKIN,2,13,-0.1725409560529476,0.10900824941334222,0.020101040472085784,False
IGR1_SKIN,2,14,-3.7537450860920965,-2.188451910298585,0.019636352701348087,False
IGR1_SKIN,2,15,-0.6179753032756912,0.5824781240885862,0.018932014046282118,False
IGR1_SKIN,2,16,1.9586892612769602,1.195661947813277,0.01784084832246017,False
IGR1_SKIN,2,17,-1.1432406737647796,0.7846839999157403,0.016791747566558088,False
IGR1_SKIN,2,18,0.18720698075619802,-0.3742413786763526,0.016000892736002775,False
IGR1_SKIN,2,19,2.8570911434153308,0.5086244891028657,0.01569327229429144,False
IGR1_SKIN,2,20,-1.1136524656983484,-0.6774885275159833,0.015136957416106635,False
LUDLU1_LUNG,2,1,6.634453719512111,-0.02302009440755982,0.05777488503084776,False
LUDLU1_LUNG,2,2,-1.1936996153781765,-5.574501032988136,0.04120841377346551,False
LUDLU1_LUNG,2,3,-0.34074088007724257,-0.0696188939734862,0.037796951418664494,False
LUDLU1_LUNG,2,4,1.3496527167056165,3.34699339457374,0.0347374008436251,False
LUDLU1_LUNG,2,5,1.6451713424433152,-0.5754069776444952,0.030373673023777963,False
LUDLU1_LUNG,2,6,-0.4918872667842278,-1.1024528240722518,0.02920709216542977,False
LUDLU1_LUNG,2,7,-1.2683362522152712,-0.5029021567449048,0.025866078062590017,False
LUDLU1_LUNG,2,8,-0.00011495277803144632,0.05246623050185123,0.023275621923846315,False
LUDLU1_LUNG,2,9,-2.2666139520575967,-3.6350455888927935,0.02281038379402894,False
LUDLU1_LUNG,2,10,-1.0578049372656044,-0.18233860125079512,0.021475097441035356,False
LUDLU1_LUNG,2,11,-1.4311156317557436,-1.9700543861119815,0.020697253462445706,False
LUDLU1_LUNG,2,12,1.147343595570209,0.23709250470523038,0.020337653601742504,False
LUDLU1_LUNG,2,13,0.5952345696386326,-0.20089876423154335,0.020101040472085784,False
LUDLU1_LUNG,2,14,1.1792784954575697,0.2281571344149521,0.019636352701348087,False
LUDLU1_LUNG,2,15,0.5360570633158024,-0.3003111912516456,0.018932014046282118,False
LUDLU1_LUNG,2,16,2.633018950563483,1.3822732808420592,0.01784084832246017,False
LUDLU1_LUNG,2,17,0.9793525556756333,1.5189136536888455,0.016791747566558088,False
LUDLU1_LUNG,2,18,0.1367176406168873,0.7431868069352437,0.016000892736002775,False
LUDLU1_LUNG,2,19,-0.8646391702721736,1.1442129940828785,0.01569327229429144,False
LUDLU1_LUNG,2,20,1.736739158658296,0.44595567920345036,0.015136957416106635,False
MSTO211H_PLEURA,2,1,-2.092546610199168,4.927845627097084,0.05777488503084776,False
MSTO211H_PLEURA,2,2,-0.9813828058944134,-1.1471522711699451,0.04120841377346551,False
MSTO211H_PLEURA,2,3,0.16292798528708707,1.0433492433273426,0.037796951418664494,False
MSTO211H_PLEURA,2,4,-2.528870522257299,-0.08158182948843509,0.0347374008436251,False
MSTO211H_PLEURA,2,5,0.13520567325015764,1.860562785115966,0.030373673023777963,False
MSTO211H_PLEURA,2,6,-0.6940204553743112,-0.9580720394096264,0.02920709216542977,False
MSTO211H_PLEURA,2,7,3.5288593291439962,2.2605889768144185,0.025866078062590017,False
MSTO211H_PLEURA,2,8,2.918246519535793,0.8673095945446035,0.023275621923846315,False
MSTO211H_PLEURA,2,9,-0.4176525390232413,-0.46276730285660933,0.02281038379402894,False
MSTO211H_PLEURA,2,10,-0.6971333470394128,-1.3224264815241362,0.021475097441035356,False
MSTO211H_PLEURA,2,11,3.574893847834188,1.8163483282541342,0.020697253462445706,False
MSTO211H_PLEURA,2,12,2.1905027662438687,0.6885302759683664,0.020337653601742504,False
MSTO211H_PLEURA,2,13,0.5355530184678575,-0.2782000811131452,0.020101040472085784,False
MSTO211H_PLEURA,2,14,-0.17671937244449837,-0.5754890244678691,0.019636352701348087,False
MSTO211H_PLEURA,2,15,1.7748716079369773,2.1094297606998023,0.018932014046282118,False
MSTO211H_PLEURA,2,16,-2.1132127386853043,-0.4199141435161638,0.01784084832246017,False
MSTO211H_PLEURA,2,17,-0.37136664134336295,-1.0963417048859525,0.016791747566558088,False
MSTO211H_PLEURA,2,18,-0.033248367930940326,-0.6131630206744277,0.016000892736002775,False
MSTO211H_PLEURA,2,19,0.010632536825704308,0.0049644151348681624,0.01569327229429144,False
MSTO211H_PLEURA,2,20,-0.7280538519006773,-0.329896587803068,0.015136957416106635,False
NCIH1581_LUNG,2,1,5.065596139980968,2.7550082869814214,0.05777488503084776,False
NCIH1581_LUNG,2,2,2.301402149207811,2.987092228539253,0.04120841377346551,False
NCIH1581_LUNG,2,3,-0.2107038516626506,-0.6744967469346419,0.037796951418664494,False
NCIH1581_LUNG,2,4,2.0765830640391845,2.490768243631932,0.0347374008436251,False
NCIH1581_LUNG,2,5,0.3815487866137912,-0.5966100108186906,0.030373673023777963,False
NCIH1581_LUNG,2,6,-1.7690776641352062,-0.05778923519389093,0.02920709216542977,False
NCIH1581_LUNG,2,7,-0.5522448644971703,-0.9454428865139007,0.025866078062590017,False
NCIH1581_LUNG,2,8,-0.654460258897019,-2.4545500867062575,0.023275621923846315,False
NCIH1581_LUNG,2,9,0.9694631334498216,0.5621630550840291,0.02281038379402894,False
NCIH1581_LUNG,2,10,0.9831684896225676,0.7279748526109124,0.021475097441035356,False
NCIH1581_LUNG,2,11,1.1015019851525902,1.7079259899345551,0.020697253462445706,False
NCIH1581_LUNG,2,12,-0.6351016340974456,-0.6314121563218382,0.020337653601742504,False
NCIH1581_LUNG,2,13,-0.38503289310733835,-0.7762512817451956,0.020101040472085784,False
NCIH1581_LUNG,2,14,-0.04219011720069708,-0.6922433255171423,0.019636352701348087,False
NCIH1581_LUNG,2,15,0.029809099180438947,-0.40655318564019544,0.018932014046282118,False
NCIH1581_LUNG,2,16,0.9899715306930043,0.38223163532787763,0.01784084832246017,False
NCIH1581_LUNG,2,17,-1.3475160334115288,-1.5645710508118922,0.016791747566558088,False
NCIH1581_LUNG,2,18,-1.7793838337213619,-0.0003483332184910869,0.016000892736002775,False
NCIH1581_LUNG,2,19,2.4021364528383655,2.1774847294794912,0.01569327229429144,False
NCIH1581_LUNG,2,20,-0.7492317409076318,-1.2644181638202963,0.015136957416106635,False
NCIH1793_LUNG,2,1,5.433310949941681,1.6044338687240232,0.05777488503084776,False
NCIH1793_LUNG,2,2,1.0028947333731613,-0.47203000319653204,0.04120841377346551,False
NCIH1793_LUNG,2,3,-0.7697917496718811,1.1041021162490408,0.037796951418664494,False
NCIH1793_LUNG,2,4,-0.25454859479546155,0.06808847650483517,0.0347374008436251,False
NCIH1793_LUNG,2,5,1.590236106221706,-0.4093882357243981,0.030373673023777963,False
NCIH1793_LUNG,2,6,-0.30699762028291233,1.2042951593213134,0.02920709216542977,False
NCIH1793_LUNG,2,7,1.3301996260484872,0.6262017193062993,0.025866078062590017,False
NCIH1793_LUNG,2,8,2.426883203356106,2.6094807065471195,0.023275621923846315,False
NCIH1793_LUNG,2,9,0.7311542213338341,-0.7349044227071327,0.02281038379402894,False
NCIH1793_LUNG,2,10,-0.17546538760055475,-2.38473558995257,0.021475097441035356,False
NCIH1793_LUNG,2,11,0.7020052713184313,0.4773371196678254,0.020697253462445706,False
NCIH1793_LUNG,2,12,2.078125966451244,0.9890135439679519,0.020337653601742504,False
NCIH1793_LUNG,2,13,-0.9513394749000255,0.519691149818516,0.020101040472085784,False
NCIH1793_LUNG,2,14,0.8400383506139747,-0.3386285053119247,0.019636352701348087,False
NCIH1793_LUNG,2,15,1.6767963898475797,1.2371341556145963,0.018932014046282118,False
NCIH1793_LUNG,2,16,-2.3485004511724465,-0.2817827982167062,0.01784084832246017,False
NCIH1793_LUNG,2,17,-0.2777896197054215,1.2670037527405327,0.016791747566558088,False
NCIH1793_LUNG,2,18,1.0123058752343512,1.1074382956573277,0.016000892736002775,False
NCIH1793_LUNG,2,19,-0.027310005090428247,0.8505161436072678,0.01569327229429144,False
NCIH1793_LUNG,2,20,-0.30439311226762755,-0.5941654835618468,0.015136957416106635,False
NCIH1915_LUNG,2,1,-2.553024266115351,2.0941352551476906,0.05777488503084776,False
NCIH1915_LUNG,2,2,-2.6936972655677707,-0.7406167281388303,0.04120841377346551,False
NCIH1915_LUNG,2,3,-0.5541049584112608,-0.12701316601372875,0.037796951418664494,False
NCIH1915_LUNG,2,4,-5.365510068387293,-2.310166891431644,0.0347374008436251,False
NCIH1915_LUNG,2,5,2.1703596680407187,1.4285732657765688,0.030373673023777963,False
NCIH1915_LUNG,2,6,-1.4438555542604983,-0.3451797051756324,0.02920709216542977,False
NCIH1915_LUNG,2,7,3.193593597170821,1.1907588834124851,0.025866078062590017,False
NCIH1915_LUNG,2,8,0.004027071730896212,-0.5365244949817386,0.023275621923846315,False
NCIH1915_LUNG,2,9,-0.8493923508862948,0.08690210576660512,0.02281038379402894,False
NCIH1915_LUNG,2,10,-2.108642545554023,-2.0488491557992528,0.021475097441035356,False
NCIH1915_LUNG,2,11,3.9576990115935198,1.1911946700183367,0.020697253462445706,False
NCIH1915_LUNG,2,12,1.0749156087588336,0.43697151419781793,0.020337653601742504,False
NCIH1915_LUNG,2,13,0.883241798353617,0.5223174116387187,0.020101040472085784,False
NCIH1915_LUNG,2,14,-1.018826108965579,1.1046233909105763,0.019636352701348087,False
NCIH1915_LUNG,2,15,1.7760801907204258,1.550815098399507,0.018932014046282118,False
NCIH1915_LUNG,2,16,-0.22074901866316177,-0.11779751839400347,0.01784084832246017,False
NCIH1915_LUNG,2,17,-1.4972071940807146,-0.10709518873017775,0.016791747566558088,False
NCIH1915_LUNG,2,18,1.930924855862541,0.9179848947470713,0.016000892736002775,False
NCIH1915_LUNG,2,19,-0.5764468433130745,0.4993821366114535,0.01569327229429144,False
NCIH1915_LUNG,2,20,0.07873492550004244,-0.3157359181714654,0.015136957416106635,False
NCIH2444_LUNG,2,1,-8.004414036879524,-2.24666148277025,0.05777488503084776,False
NCIH2444_LUNG,2,2,-7.007188588154884,-2.3508844938845495,0.04120841377346551,False
NCIH2444_LUNG,2,3,-1.684386831506171,-1.195663705127257,0.037796951418664494,False
NCIH2444_LUNG,2,4,-11.046724301140411,-2.6757790959146446,0.0347374008436251,False
NCIH2444_LUNG,2,5,3.0979519869410366,0.8065911269638368,0.030373673023777963,False
NCIH2444_LUNG,2,6,0.7294817954153898,-0.17740421865344255,0.02920709216542977,False
NCIH2444_LUNG,2,7,3.026888699680848,-2.385765003939664,0.025866078062590017,False
NCIH2444_LUNG,2,8,1.0216805640399582,-0.8741904339172337,0.023275621923846315,False
NCIH2444_LUNG,2,9,-1.4361984077471786,-0.31733801457450167,0.02281038379402894,False
NCIH2444_LUNG,2,10,-0.8080696508384531,-0.539271512542299,0.021475097441035356,False
NCIH2444_LUNG,2,11,-0.3571770977793315,-0.46676875424756903,0.020697253462445706,False
NCIH2444_LUNG,2,12,1.4801448096120435,2.2073000025292355,0.020337653601742504,False
NCIH2444_LUNG,2,13,-1.190563297449848,0.11309226402700762,0.020101040472085784,False
NCIH2444_LUNG,2,14,3.297321506522308,1.061154647725152,0.019636352701348087,False
NCIH2444_LUNG,2,15,-0.4341741607760192,-0.9624822618089051,0.018932014046282118,False
NCIH2444_LUNG,2,16,-1.424353686162208,-1.673492997802485,0.01784084832246017,False
NCIH2444_LUNG,2,17,-1.3130305361994274,1.1623248237768975,0.016791747566558088,False
NCIH2444_LUNG,2,18,2.2064709158392466,1.3565696822243474,0.016000892736002775,False
NCIH2444_LUNG,2,19,-3.014063077279612,-2.0156174874319226,0.01569327229429144,False
NCIH2444_LUNG,2,20,2.8508626330165834,0.9288724523967755,0.015136957416106635,False
PC3_PROSTATE,2,1,12.599639915478038,0.2621883255169348,0.05777488503084776,False
PC3_PROSTATE,2,2,4.842786297811713,-0.13693217788582449,0.04120841377346551,False
PC3_PROSTATE,2,3,0.22788947726370157,-0.1141272289731969,0.037796951418664494,False
PC3_PROSTATE,2,4,6.362525907875298,-1.866109490463711,0.0347374008436251,False
PC3_PROSTATE,2,5,1.0105095053870197,1.1541214224544918,0.030373673023777963,False
PC3_PROSTATE,2,6,-1.5498515936725996,-0.40889023804470986,0.02920709216542977,False
PC3_PROSTATE,2,7,-3.1812561458735558,-0.07332364511488719,0.025866078062590017,False
PC3_PROSTATE,2,8,0.25373454531300593,-0.08690779073621795,0.023275621923846315,False
PC3_PROSTATE,2,9,0.7042640502421973,0.2900128918694363,0.02281038379402894,False
PC3_PROSTATE,2,10,0.9279226528635629,-0.6552063834567697,0.021475097441035356,False
PC3_PROSTATE,2,11,-0.2940058522138693,0.6687908268314743,0.020697253462445706,False
PC3_PROSTATE,2,12,0.7825070212460632,0.9736533932372281,0.020337653601742504,False
PC3_PROSTATE,2,13,-0.7999770444803664,0.13837822393887222,0.020101040472085784,False
PC3_PROSTATE,2,14,-0.875052799180559,0.3345839912283064,0.019636352701348087,False
PC3_PROSTATE,2,15,1.3332920146935627,0.5864801531992443,0.018932014046282118,False
PC3_PROSTATE,2,16,0.7057068670997775,-0.6407665079052763,0.01784084832246017,False
PC3_PROSTATE,2,17,0.1805970308013678,0.19367602419966726,0.016791747566558088,False
PC3_PROSTATE,2,18,-2.198988280662774,0.6542432275877065,0.016000892736002775,False
PC3_PROSTATE,2,19,0.2779084092296974,-0.5361492148228011,0.01569327229429144,False
PC3_PROSTATE,2,20,-0.9015122278788115,0.019841651246677725,0.015136957416106635,False
SNU1041_UPPER_AERODIGESTIVE_TRACT,2,1,-4.493524077367738,-1.0463909441667896,0.05777488503084776,False
SNU1041_UPPER_AERODIGESTIVE_TRACT,2,2,-6.199528672443078,-7.118411813069091,0.04120841377346551,False
SNU1041_UPPER_AERODIGESTIVE_TRACT,2,3,-1.4211169790464409,-0.7214146607334292,0.037796951418664494,False
SNU1041_UPPER_AERODIGESTIVE_TRACT,2,4,-4.075051760312194,1.6039261547449444,0.0347374008436251,False
SNU1041_UPPER_AERODIGESTIVE_TRACT,2,5,1.4725714541908208,1.5220829550785488,0.030373673023777963,False
SNU1041_UPPER_AERODIGESTIVE_TRACT,2,6,0.652941614109575,-0.4717462217545559,0.02920709216542977,False
SNU1041_UPPER_AERODIGESTIVE_TRACT,2,7,1.8980202241711366,-0.5793677453203082,0.025866078062590017,False
SNU1041_UPPER_AERODIGESTIVE_TRACT,2,8,1.1552887994366392,-0.21283232294368276,0.023275621923846315,False
SNU1041_UPPER_AERODIGESTIVE_TRACT,2,9,-1.453209743225395,-3.6535930087390582,0.02281038379402894,False
SNU1041_UPPER_AERODIGESTIVE_TRACT,2,10,-1.3490739440456545,-0.7512737477244126,0.021475097441035356,False
SNU1041_UPPER_AERODIGESTIVE_TRACT,2,11,-0.8403073471141609,-1.7538077166868162,0.020697253462445706,False
SNU1041_UPPER_AERODIGESTIVE_TRACT,2,12,2.773421560693947,1.5593637729954202,0.020337653601742504,False
SNU1041_UPPER_AERODIGESTIVE_TRACT,2,13,-0.02734923244985188,-0.9215977573685604,0.020101040472085784,False
SNU1041_UPPER_AERODIGESTIVE_TRACT,2,14,2.7891735020597754,0.5680532833207796,0.019636352701348087,False
SNU1041_UPPER_AERODIGESTIVE_TRACT,2,15,0.5226122278885541,-0.6800458308850206,0.018932014046282118,False
SNU1041_UPPER_AERODIGESTIVE_TRACT,2,16,-0.0033171502289810473,0.3787099546898392,0.01784084832246017,False
SNU1041_UPPER_AERODIGESTIVE_TRACT,2,17,-0.2708960907246267,1.0641703644722444,0.016791747566558088,False
SNU1041_UPPER_AERODIGESTIVE_TRACT,2,18,1.4223320921447442,0.5749720910013107,0.016000892736002775,False
SNU1041_UPPER_AERODIGESTIVE_TRACT,2,19,-1.1380034472605438,-0.24256488535989565,0.01569327229429144,False
SNU1041_UPPER_AERODIGESTIVE_TRACT,2,20,2.244589158386947,0.7545940396382319,0.015136957416106635,False
SNU1105_CENTRAL_NERVOUS_SYSTEM,2,1,3.315433725851568,1.502502242534539,0.05777488503084776,False
SNU1105_CENTRAL_NERVOUS_SYSTEM,2,2,0.9271244995295072,0.7496823010504743,0.04120841377346551,False
SNU1105_CENTRAL_NERVOUS_SYSTEM,2,3,0.10681330762532026,2.723341184506789,0.037796951418664494,False
SNU1105_CENTRAL_NERVOUS_SYSTEM,2,4,-1.6341891717108812,1.102231965387093,0.0347374008436251,False
SNU1105_CENTRAL_NERVOUS_SYSTEM,2,5,1.0495590303929245,0.7241738277788885,0.030373673023777963,False
SNU1105_CENTRAL_NERVOUS_SYSTEM,2,6,0.9701279747396221,0.3536603431188176,0.02920709216542977,False
SNU1105_CENTRAL_NERVOUS_SYSTEM,2,7,1.5247547641833794,0.8513065576769702,0.025866078062590017,False
SNU1105_CENTRAL_NERVOUS_SYSTEM,2,8,2.8161365637448954,3.207477504578834,0.023275621923846315,False
SNU1105_CENTRAL_NERVOUS_SYSTEM,2,9,1.5303768752196834,-0.42393862785029196,0.02281038379402894,False
SNU1105_CENTRAL_NERVOUS_SYSTEM,2,10,-1.8229993449737056,-2.116011394709812,0.021475097441035356,False
SNU1105_CENTRAL_NERVOUS_SYSTEM,2,11,3.9990501664468185,2.7490059509255826,0.020697253462445706,False
SNU1105_CENTRAL_NERVOUS_SYSTEM,2,12,1.939916619761584,2.131347681061549,0.020337653601742504,False
SNU1105_CENTRAL_NERVOUS_SYSTEM,2,13,0.1842866399016182,0.02654943302631963,0.020101040472085784,False
SNU1105_CENTRAL_NERVOUS_SYSTEM,2,14,-2.1066841498293467,-2.537180669789501,0.019636352701348087,False
SNU1105_CENTRAL_NERVOUS_SYSTEM,2,15,2.955258338418843,1.4158393265482418,0.018932014046282118,False
SNU1105_CENTRAL_NERVOUS_SYSTEM,2,16,-4.108747539826114,-2.78915116456126,0.01784084832246017,False
SNU1105_CENTRAL_NERVOUS_SYSTEM,2,17,-0.5386177981481179,0.11631533599371499,0.016791747566558088,False
SNU1105_CENTRAL_NERVOUS_SYSTEM,2,18,0.2415706118403116,-0.37073659884987087,0.016000892736002775,False
SNU1105_CENTRAL_NERVOUS_SYSTEM,2,19,-2.614618721311297,-2.0037059078476656,0.01569327229429144,False
SNU1105_CENTRAL_NERVOUS_SYSTEM,2,20,-1.8290150560263025,0.10160078389288836,0.015136957416106635,False
SW48_LARGE_INTESTINE,2,1,1.4978549535982992,-2.4072378540362043,0.05777488503084776,False
SW48_LARGE_INTESTINE,2,2,0.6301778476262512,-1.0832650409530231,0.04120841377346551,False
SW48_LARGE_INTESTINE,2,3,1.142173845207953,-1.893531005467561,0.037796951418664494,False
SW48_LARGE_INTESTINE,2,4,1.1950512837846388,-1.6608489983635382,0.0347374008436251,False
SW48_LARGE_INTESTINE,2,5,-3.0868209674871556,0.8778816714911071,0.030373673023777963,False
SW48_LARGE_INTESTINE,2,6,-3.578217364919618,-1.0594771687511644,0.02920709216542977,False
SW48_LARGE_INTESTINE,2,7,-1.5449677279893317,0.2633351825333972,0.025866078062590017,False
SW48_LARGE_INTESTINE,2,8,-1.8576886500528165,-4.358118364582908,0.023275621923846315,False
SW48_LARGE_INTESTINE,2,9,-0.18526490343617774,0.547880034198238,0.02281038379402894,False
SW48_LARGE_INTESTINE,2,10,2.996249222497657,1.9682232795603891,0.021475097441035356,False
SW48_LARGE_INTESTINE,2,11,0.08159925387007738,-1.230593086642249,0.020697253462445706,False
SW48_LARGE_INTESTINE,2,12,-1.5336926007941514,-1.9186948969374487,0.020337653601742504,False
SW48_LARGE_INTESTINE,2,13,0.6847496454563472,-0.17737573890560912,0.020101040472085784,False
SW48_LARGE_INTESTINE,2,14,2.4453155384684324,1.896623973104789,0.019636352701348087,False
SW48_LARGE_INTESTINE,2,15,-1.6194907224261805,-1.3899039920798557,0.018932014046282118,False
SW48_LARGE_INTESTINE,2,16,1.3629616911840965,1.1335689124557802,0.01784084832246017,False
SW48_LARGE_INTESTINE,2,17,-1.2164016471750991,-1.4819564656997832,0.016791747566558088,False
SW48_LARGE_INTESTINE,2,18,-1.816676069959232,-1.4733104015759233,0.016000892736002775,False
SW48_LARGE_INTESTINE,2,19,0.25360913074425184,-0.7103823369652114,0.01569327229429144,False
SW48_LARGE_INTESTINE,2,20,-0.2661064113177575,1.0306241893728403,0.015136957416106635,False
SW579_THYROID,2,1,3.4308785818637855,-0.23712813122053386,0.05777488503084776,False
SW579_THYROID,2,2,-2.2086428999436736,0.13365481037880872,0.04120841377346551,False
SW579_THYROID,2,3,0.10809949858499857,2.1722238535249945,0.037796951418664494,False
SW579_THYROID,2,4,-3.298103587014161,-0.12563342696625207,0.0347374008436251,False
SW579_THYROID,2,5,3.017315967088712,2.447202529302285,0.030373673023777963,False
SW579_THYROID,2,6,2.3452825226336445,-0.15358543365971422,0.02920709216542977,False
SW579_THYROID,2,7,2.863403773546496,2.0153819491035723,0.025866078062590017,False
SW579_THYROID,2,8,3.2056112631197418,1.4148210621410549,0.023275621923846315,False
SW579_THYROID,2,9,0.7574141820909029,-0.8629603139604481,0.02281038379402894,False
SW579_THYROID,2,10,-0.37800887727676424,-2.182380271529103,0.021475097441035356,False
SW579_THYROID,2,11,3.082584053453565,2.433223003948224,0.020697253462445706,False
SW579_THYROID,2,12,4.267311934616211,1.34463675622863,0.020337653601742504,False
SW579_THYROID,2,13,-0.5204692514053957,0.017613209381110315,0.020101040472085784,False
SW579_THYROID,2,14,0.6099858185830744,-1.4785930380457941,0.019636352701348087,False
SW579_THYROID,2,15,2.067462623057507,1.7957908566629426,0.018932014046282118,False
SW579_THYROID,2,16,-3.4290525822439766,-1.1248293367858897,0.01784084832246017,False
SW579_THYROID,2,17,-1.7030608090824404,0.1450135109638428,0.016791747566558088,False
SW579_THYROID,2,18,0.679686407175867,-0.12919257801441167,0.016000892736002775,False
SW579_THYROID,2,19,-3.0290463136271164,-0.8226562859930656,0.01569327229429144,False
SW579_THYROID,2,20,-1.3977999014739568,-0.09949590126211239,0.015136957416106635,False
769P_KIDNEY,3,1,4.998519883752017,2.2697232073726683,0.0590276386301397,False
769P_KIDNEY,3,2,-1.5646018881096655,1.3308761108018448,0.0417603896438152,False
769P_KIDNEY,3,3,-0.6500911778661442,0.24160011144829172,0.037422503540721914,False
769P_KIDNEY,3,4,1.6277234122234578,2.000351857591738,0.03492548939051973,False
769P_KIDNEY,3,5,1.0152198753191604,0.09892884514368493,0.03177268591544571,False
769P_KIDNEY,3,6,-1.423043604818861,0.12973632404070304,0.028643208818180745,False
769P_KIDNEY,3,7,2.10143623758194,0.5581162130514734,0.024996911660265367,False
769P_KIDNEY,3,8,2.533936406046898,-0.07822431364531725,0.022439399435821027,False
769P_KIDNEY,3,9,-0.8081302796654546,2.0216865304209213,0.020934939035257887,False
769P_KIDNEY,3,10,0.7761216662263158,-0.6196293263709809,0.02029533744993712,False
769P_KIDNEY,3,11,-0.610700769135752,-1.139490749204196,0.020016374477857084,False
769P_KIDNEY,3,12,0.29924702703228157,1.0933229745014947,0.019737154057565005,False
769P_KIDNEY,3,13,1.0151072103094425,0.7368450484446122,0.018750098020814482,False
769P_KIDNEY,3,14,1.2294142059965143,0.547856459605327,0.017867451558620476,False
769P_KIDNEY,3,15,-1.7186417897742303,-0.23015956436103902,0.01687397508059227,False
769P_KIDNEY,3,16,-1.9206174049033782,-0.4363529432631434,0.01596846878863414,False
769P_KIDNEY,3,17,-0.641418366819975,2.224370653600546,0.015582624195052694,False
769P_KIDNEY,3,18,1.7700511204878555,1.9348979223243346,0.015413317872479277,False
769P_KIDNEY,3,19,0.744134751634197,2.1950446031950754,0.014863572181784284,False
769P_KIDNEY,3,20,1.3679846133111324,-0.3132663537262013,0.014118789459241995,False
ACCMESO1_PLEURA,3,1,8.343185646386178,2.3471831836872084,0.0590276386301397,False
ACCMESO1_PLEURA,3,2,-1.8591103443046915,1.9074657087418883,0.0417603896438152,False
ACCMESO1_PLEURA,3,3,-0.37347303589213154,-0.13846325032878787,0.037422503540721914,False
ACCMESO1_PLEURA,3,4,0.013402018917116232,0.516085500941326,0.03492548939051973,False
ACCMESO1_PLEURA,3,5,-0.7619498397399562,1.8405574845427244,0.03177268591544571,False
ACCMESO1_PLEURA,3,6,-2.5664316665410247,-2.6568403504812235,0.028643208818180745,False
ACCMESO1_PLEURA,3,7,0.8309589541755487,1.2924012091398969,0.024996911660265367,False
ACCMESO1_PLEURA,3,8,1.091238779169061,1.4964011391844223,0.022439399435821027,False
ACCMESO1_PLEURA,3,9,-1.2060246175387446,-0.7719061671346615,0.020934939035257887,False
ACCMESO1_PLEURA,3,10,0.012044774350662535,0.1975011632136953,0.02029533744993712,False
ACCMESO1_PLEURA,3,11,-1.1450048135594337,-1.6919069931450084,0.020016374477857084,False
ACCMESO1_PLEURA,3,12,-0.333247382312982,0.09934303572144014,0.019737154057565005,False
ACCMESO1_PLEURA,3,13,0.5354006178928126,0.17093676187487195,0.018750098020814482,False
ACCMESO1_PLEURA,3,14,-0.8479025414430598,-1.0472641942778373,0.017867451558620476,False
ACCMESO1_PLEURA,3,15,-0.9564881574668262,-0.46403983579276076,0.01687397508059227,False
ACCMESO1_PLEURA,3,16,-0.5326082262602432,-0.265709327391905,0.01596846878863414,False
ACCMESO1_PLEURA,3,17,0.0025452768084403,0.24225152272957015,0.015582624195052694,False
ACCMESO1_PLEURA,3,18,0.8806058343821497,0.4226028575891915,0.015413317872479277,False
ACCMESO1_PLEURA,3,19,0.07637501002281066,0.48681952186557276,0.014863572181784284,False
ACCMESO1_PLEURA,3,20,-0.8710441805317957,-0.6923526452178547,0.014118789459241995,False
CAL62_THYROID,3,1,-3.1755644705813104,1.897988846154749,0.0590276386301397,False
CAL62_THYROID,3,2,2.0823770427573036,1.0328036022155478,0.0417603896438152,False
CAL62_THYROID,3,3,-0.7457770919433041,-0.33082883773499666,0.037422503540721914,False
CAL62_THYROID,3,4,2.746152903527446,0.7479892487805785,0.03492548939051973,False
CAL62_THYROID,3,5,8.873064475934246,0.6954835827923241,0.03177268591544571,False
CAL62_THYROID,3,6,-0.7351703107925888,-1.3012209468752418,0.028643208818180745,False
CAL62_THYROID,3,7,7.519676157099717,0.5821824544954829,0.024996911660265367,False
CAL62_THYROID,3,8,0.9468692321956748,-0.223718056159,0.022439399435821027,False
CAL62_THYROID,3,9,0.5928837185239058,0.35380849958363714,0.020934939035257887,False
CAL62_THYROID,3,10,0.7661711341009145,0.2996274315063864,0.02029533744993712,False
CAL62_THYROID,3,11,-0.8072946291916229,-0.7356322035041734,0.020016374477857084,False
CAL62_THYROID,3,12,1.6121028322166535,-0.28165679081076656,0.019737154057565005,False
CAL62_THYROID,3,13,0.40674184784073153,-0.09674307967270517,0.018750098020814482,False
CAL62_THYROID,3,14,-0.9500140777666944,-0.772602583200947,0.017867451558620476,False
CAL62_THYROID,3,15,0.7830420432988294,-0.5660247288857223,0.01687397508059227,False
CAL62_THYROID,3,16,-1.7247834732043141,0.6729505295351397,0.01596846878863414,False
CAL62_THYROID,3,17,1.5326630270387704,0.4335874251859124,0.015582624195052694,False
CAL62_THYROID,3,18,-0.4687054738603855,0.5762792917275745,0.015413317872479277,False
CAL62_THYROID,3,19,1.3708687686278702,0.7527150838936473,0.014863572181784284,False
CAL62_THYROID,3,20,-1.375639849497984,-0.9359378585109569,0.014118789459241995,False
CJM_SKIN,3,1,-12.09941322714024,-2.4969554811647505,0.0590276386301397,False
CJM_SKIN,3,2,5.104774288305369,3.46522329161002,0.0417603896438152,False
CJM_SKIN,3,3,-0.42168829913386485,-1.4535860525687705,0.037422503540721914,False
CJM_SKIN,3,4,0.9596238107051487,-0.7118294338212583,0.03492548939051973,False
CJM_SKIN,3,5,1.9735525904063023,2.3308532394885217,0.03177268591544571,False
CJM_SKIN,3,6,2.08671846090263,-1.7372099975247295,0.028643208818180745,False
CJM_SKIN,3,7,0.3775991360761517,-0.4090329503448784,0.024996911660265367,False
CJM_SKIN,3,8,-0.6610421923337475,0.17341794119809967,0.022439399435821027,False
CJM_SKIN,3,9,-1.444143090554547,-0.9483546474305349,0.020934939035257887,False
CJM_SKIN,3,10,-1.6591143963624808,-1.3575483970424025,0.02029533744993712,False
CJM_SKIN,3,11,3.3445618084721453,0.6937232042941335,0.020016374477857084,False
CJM_SKIN,3,12,-2.2790881180502147,-3.4512633502994725,0.019737154057565005,False
CJM_SKIN,3,13,-0.17186939033737114,-0.06821680563939701,0.018750098020814482,False
CJM_SKIN,3,14,-0.22765473523659796,0.6068657918560983,0.017867451558620476,False
CJM_SKIN,3,15,2.845793846253032,1.0549246131197239,0.01687397508059227,False
CJM_SKIN,3,16,0.08036038389290368,-0.9608183056264608,0.01596846878863414,False
CJM_SKIN,3,17,1.376395457984506,-0.5142987237987169,0.015582624195052694,False
CJM_SKIN,3,18,-2.43117910681317,-1.7799936729357588,0.015413317872479277,False
CJM_SKIN,3,19,-1.3537420140256886,-1.386498319117902,0.014863572181784284,False
CJM_SKIN,3,20,2.657871939827263,0.8208154355331236,0.014118789459241995,False
HCC1419_BREAST,3,1,-2.7998428563303115,-0.9298567112204571,0.0590276386301397,False
HCC1419_BREAST,3,2,-1.5087510070582253,-0.2382940915202845,0.0417603896438152,False
HCC1419_BREAST,3,3,0.7902496575056529,-0.6469878936002056,0.037422503540721914,False
HCC1419_BREAST,3,4,2.119371956327506,-0.04564936143455043,0.03492548939051973,False
HCC1419_BREAST,3,5,-2.7977535553024966,-1.9312699129586537,0.03177268591544571,False
HCC1419_BREAST,3,6,3.9842628658828305,2.951970901114968,0.028643208818180745,False
HCC1419_BREAST,3,7,-0.20940324485972406,-1.9629164099121308,0.024996911660265367,False
HCC1419_BREAST,3,8,0.01273246210318374,-1.7903915764777996,0.022439399435821027,False
HCC1419_BREAST,3,9,1.4263017697290439,0.6747363222384051,0.020934939035257887,False
HCC1419_BREAST,3,10,1.8309748007575672,-0.5149582962686038,0.02029533744993712,False
HCC1419_BREAST,3,11,-0.14977576511952734,2.3975198689292,0.020016374477857084,False
HCC1419_BREAST,3,12,-1.406793713058692,-1.4288316102085539,0.019737154057565005,False
HCC1419_BREAST,3,13,1.0890857185441125,-0.2785495045798158,0.018750098020814482,False
HCC1419_BREAST,3,14,3.8151911603315893,1.06012984475576,0.017867451558620476,False
HCC1419_BREAST,3,15,-4.267532622558504,0.7295859523674852,0.01687397508059227,False
HCC1419_BREAST,3,16,0.48670145903926887,0.590410755573365,0.01596846878863414,False
HCC1419_BREAST,3,17,-0.5842200285497529,-0.43486011854791723,0.015582624195052694,False
HCC1419_BREAST,3,18,-0.4848635361080107,-0.8556067029386777,0.015413317872479277,False
HCC1419_BREAST,3,19,-1.570473930863774,-0.25675306778160895,0.014863572181784284,False
HCC1419_BREAST,3,20,0.3222991223741588,0.41125934292729677,0.014118789459241995,False
HEP3B217_LIVER,3,1,4.736873869100192,2.1514212332008684,0.0590276386301397,False
HEP3B217_LIVER,3,2,-0.0005283707046097597,-0.3687869587344844,0.0417603896438152,False
HEP3B217_LIVER,3,3,-0.28266399935004993,0.17690662353380343,0.037422503540721914,False
HEP3B217_LIVER,3,4,0.6774979351328951,1.2494910937432084,0.03492548939051973,False
HEP3B217_LIVER,3,5,-1.6560346979981806,-2.1188613161699665,0.03177268591544571,False
HEP3B217_LIVER,3,6,0.6850989504787663,2.7146243129176666,0.028643208818180745,False
HEP3B217_LIVER,3,7,-1.667696097533275,-0.9688366594070673,0.024996911660265367,False
HEP3B217_LIVER,3,8,2.403104333034257,-0.7815797353931858,0.022439399435821027,False
HEP3B217_LIVER,3,9,0.17415121507650821,1.3434482407541075,0.020934939035257887,False
HEP3B217_LIVER,3,10,1.3766813603138268,-0.17864706110132716,0.02029533744993712,False
HEP3B217_LIVER,3,11,-0.9634663036706754,0.7987138617989169,0.020016374477857084,False
HEP3B217_LIVER,3,12,0.4748415868706197,0.8597695463865163,0.019737154057565005,False
HEP3B217_LIVER,3,13,0.3650074550528676,0.2530184914964898,0.018750098020814482,False
HEP3B217_LIVER,3,14,4.420044707785089,0.6812408871254196,0.017867451558620476,False
HEP3B217_LIVER,3,15,0.4501665430283386,0.0971081855772467,0.01687397508059227,False
HEP3B217_LIVER,3,16,-1.2337405901169027,0.3639990164987896,0.01596846878863414,False
HEP3B217_LIVER,3,17,1.0366180408370191,0.770292521952998,0.015582624195052694,False
HEP3B217_LIVER,3,18,1.9108856209681075,0.8692579688273677,0.015413317872479277,False
HEP3B217_LIVER,3,19,1.815443654582081,1.4141668086767378,0.014863572181784284,False
HEP3B217_LIVER,3,20,-1.0654580033898782,-0.16756843022597903,0.014118789459241995,False
HUCCT1_BILIARY_TRACT,3,1,-15.314285069238231,-0.566650472506994,0.0590276386301397,False
HUCCT1_BILIARY_TRACT,3,2,6.951745681286902,3.1441138010339618,0.0417603896438152,False
HUCCT1_BILIARY_TRACT,3,3,-1.937264417530752,-0.8627714138113692,0.037422503540721914,False
HUCCT1_BILIARY_TRACT,3,4,4.380589829389427,0.6903289274263765,0.03492548939051973,False
HUCCT1_BILIARY_TRACT,3,5,11.635838746498795,1.5915651758488538,0.03177268591544571,False
HUCCT1_BILIARY_TRACT,3,6,2.2444544696633724,-0.9611071458912518,0.028643208818180745,False
HUCCT1_BILIARY_TRACT,3,7,7.891306174153945,-0.03258528990757547,0.024996911660265367,False
HUCCT1_BILIARY_TRACT,3,8,0.039627907534928564,-0.015233491956284793,0.022439399435821027,False
HUCCT1_BILIARY_TRACT,3,9,2.585379662486935,0.6322069958615624,0.020934939035257887,False
HUCCT1_BILIARY_TRACT,3,10,-0.92527991942587,-1.3724647198551363,0.02029533744993712,False
HUCCT1_BILIARY_TRACT,3,11,-1.6638707696224218,-0.0992182745502621,0.020016374477857084,False
HUCCT1_BILIARY_TRACT,3,12,-0.8402242429635838,-1.766592630797556,0.019737154057565005,False
HUCCT1_BILIARY_TRACT,3,13,1.3831023490877246,0.40428747991044867,0.018750098020814482,False
HUCCT1_BILIARY_TRACT,3,14,4.773615063360054,0.859902626068044,0.017867451558620476,False
HUCCT1_BILIARY_TRACT,3,15,1.1999401640911613,0.6481550542684879,0.01687397508059227,False
HUCCT1_BILIARY_TRACT,3,16,-4.615753256130532,-0.9582834465074307,0.01596846878863414,False
HUCCT1_BILIARY_TRACT,3,17,3.482698441145845,1.001955223217671,0.015582624195052694,False
HUCCT1_BILIARY_TRACT,3,18,-0.19871619994620682,-0.09471897998479736,0.015413317872479277,False
HUCCT1_BILIARY_TRACT,3,19,2.700724935479575,0.33482200325917877,0.014863572181784284,False
HUCCT1_BILIARY_TRACT,3,20,2.4108322639308337,0.45673435116576605,0.014118789459241995,False
KNS42_CENTRAL_NERVOUS_SYSTEM,3,1,9.35105251133026,1.4172965845010144,0.0590276386301397,False
KNS42_CENTRAL_NERVOUS_SYSTEM,3,2,-1.7176527568787365,-2.10679814808116,0.0417603896438152,False
KNS42_CENTRAL_NERVOUS_SYSTEM,3,3,0.007181639703050635,1.5248578954107517,0.037422503540721914,False
KNS42_CENTRAL_NERVOUS_SYSTEM,3,4,-1.8194083692438419,-0.2166696526929202,0.03492548939051973,False
KNS42_CENTRAL_NERVOUS_SYSTEM,3,5,-4.767828235198371,-0.8414150232974515,0.03177268591544571,False
KNS42_CENTRAL_NERVOUS_SYSTEM,3,6,-2.888142602648356,0.53892791909416,0.028643208818180745,False
KNS42_CENTRAL_NERVOUS_SYSTEM,3,7,-0.014783559712117977,0.7558225848407722,0.024996911660265367,False
KNS42_CENTRAL_NERVOUS_SYSTEM,3,8,1.5763154701990711,2.231167966823707,0.022439399435821027,False
KNS42_CENTRAL_NERVOUS_SYSTEM,3,9,-1.700125034305549,-1.0028505909076588,0.020934939035257887,False
KNS42_CENTRAL_NERVOUS_SYSTEM,3,10,-0.104396788216923,0.6992856435272454,0.02029533744993712,False
KNS42_CENTRAL_NERVOUS_SYSTEM,3,11,-1.2228507517994833,-1.1862244406510356,0.020016374477857084,False
KNS42_CENTRAL_NERVOUS_SYSTEM,3,12,0.123367417144014,3.2384432291392704,0.019737154057565005,False
KNS42_CENTRAL_NERVOUS_SYSTEM,3,13,0.2516392026135429,0.4488016485543318,0.018750098020814482,False
KNS42_CENTRAL_NERVOUS_SYSTEM,3,14,-1.521644867820661,-0.3106329848085014,0.017867451558620476,False
KNS42_CENTRAL_NERVOUS_SYSTEM,3,15,-2.7593944342815755,-0.2729002469515598,0.01687397508059227,False
KNS42_CENTRAL_NERVOUS_SYSTEM,3,16,-0.30235777095614047,-0.8849396226479541,0.01596846878863414,False
KNS42_CENTRAL_NERVOUS_SYSTEM,3,17,0.12366591669296234,-0.19349300484431162,0.015582624195052694,False
KNS42_CENTRAL_NERVOUS_SYSTEM,3,18,0.4348443577616381,0.731112617034545,0.015413317872479277,False
KNS42_CENTRAL_NERVOUS_SYSTEM,3,19,-0.6674914170260281,0.23585155658614163,0.014863572181784284,False
KNS42_CENTRAL_NERVOUS_SYSTEM,3,20,-0.2538535936897526,0.2818552224636672,0.014118789459241995,False
KYSE270_OESOPHAGUS,3,1,5.338213089541025,-0.7183373514078012,0.0590276386301397,False
KYSE270_OESOPHAGUS,3,2,0.8276342059944843,0.6574915275507754,0.0417603896438152,False
KYSE270_OESOPHAGUS,3,3,-0.9042762567565528,-0.6573487354540121,0.037422503540721914,False
KYSE270_OESOPHAGUS,3,4,0.7450068671981245,-0.9357896143853839,0.03492548939051973,False
KYSE270_OESOPHAGUS,3,5,1.206253173832022,0.013487080210121296,0.03177268591544571,False
KYSE270_OESOPHAGUS,3,6,-1.388469190192209,0.22561281292848107,0.028643208818180745,False
KYSE270_OESOPHAGUS,3,7,0.06726751042087908,-0.8582176388717327,0.024996911660265367,False
KYSE270_OESOPHAGUS,3,8,-1.5244010366987744,0.2065880746345433,0.022439399435821027,False
KYSE270_OESOPHAGUS,3,9,-1.3244071438524074,-1.4191124066441152,0.020934939035257887,False
KYSE270_OESOPHAGUS,3,10,-0.8840142564648129,-0.14204957727774456,0.02029533744993712,False
KYSE270_OESOPHAGUS,3,11,2.0755374404339704,1.1876202908715214,0.020016374477857084,False
KYSE270_OESOPHAGUS,3,12,-1.2493209746427039,-1.5845781822872471,0.019737154057565005,False
KYSE270_OESOPHAGUS,3,13,-0.4383545010154577,-0.36017245069968146,0.018750098020814482,False
KYSE270_OESOPHAGUS,3,14,-2.2675554300568956,-0.01471181862003451,0.017867451558620476,False
KYSE270_OESOPHAGUS,3,15,1.7192144374685285,0.5777226785055275,0.01687397508059227,False
KYSE270_OESOPHAGUS,3,16,1.2142975815997277,0.007700821021673236,0.01596846878863414,False
KYSE270_OESOPHAGUS,3,17,0.11206857662174019,-1.4195627162801434,0.015582624195052694,False
KYSE270_OESOPHAGUS,3,18,-0.31489407956950544,-1.5810706265351913,0.015413317872479277,False
KYSE270_OESOPHAGUS,3,19,0.14930977224925246,-1.2603403269716873,0.014863572181784284,False
KYSE270_OESOPHAGUS,3,20,0.023529100785428136,0.3370387376403701,0.014118789459241995,False
LK2_LUNG,3,1,8.250339054728352,1.7551171849889409,0.0590276386301397,False
LK2_LUNG,3,2,-1.5216845688598357,-1.41803895305751,0.0417603896438152,False
LK2_LUNG,3,3,-0.23911380168517848,0.27984430437038005,0.037422503540721914,False
LK2_LUNG,3,4,0.5084085730014134,0.564440767637478,0.03492548939051973,False
LK2_LUNG,3,5,-5.215047888826653,-2.91354362133371,0.03177268591544571,False
LK2_LUNG,3,6,-0.6203042352331035,3.546626849546857,0.028643208818180745,False
LK2_LUNG,3,7,-1.2032986839720459,-1.4724565395020777,0.024996911660265367,False
LK2_LUNG,3,8,1.112399845772147,-0.7364425455745405,0.022439399435821027,False
LK2_LUNG,3,9,0.02539795587433369,0.6017969300234703,0.020934939035257887,False
LK2_LUNG,3,10,0.6757976759239088,0.15958130466087372,0.02029533744993712,False
LK2_LUNG,3,11,-1.9623538699837213,1.5054365375659744,0.020016374477857084,False
LK2_LUNG,3,12,-1.2715506012538453,0.919294544409476,0.019737154057565005,False
LK2_LUNG,3,13,0.4062153048431968,0.0007629753909198934,0.018750098020814482,False
LK2_LUNG,3,14,1.9033014125125198,0.5830639925805884,0.017867451558620476,False
LK2_LUNG,3,15,-2.029750550950257,0.22073238703596706,0.01687397508059227,False
LK2_LUNG,3,16,-0.0059374730493229055,0.5943685935368127,0.01596846878863414,False
LK2_LUNG,3,17,-0.09874218042106031,-0.16435279709583508,0.015582624195052694,False
LK2_LUNG,3,18,0.49232774708576166,0.2128098552765945,0.015413317872479277,False
LK2_LUNG,3,19,-0.6747335955022783,0.7293641903214397,0.014863572181784284,False
LK2_LUNG,3,20,-0.5900040373404363,-0.013565023804802736,0.014118789459241995,False
LMSU_STOMACH,3,1,4.79722214469445,0.27130864356978346,0.0590276386301397,False
LMSU_STOMACH,3,2,-0.6491686152316078,0.01318527935534056,0.0417603896438152,False
LMSU_STOMACH,3,3,-0.7012033552135192,0.7752447071377186,0.037422503540721914,False
LMSU_STOMACH,3,4,0.30636386582435904,-0.022423164057357965,0.03492548939051973,False
LMSU_STOMACH,3,5,0.8684456076087121,1.7495005173284006,0.03177268591544571,False
LMSU_STOMACH,3,6,-2.661299285845533,-2.504714053745117,0.028643208818180745,False
LMSU_STOMACH,3,7,4.082907459924549,1.8216501571601704,0.024996911660265367,False
LMSU_STOMACH,3,8,3.536060722675537,1.7707563390855692,0.022439399435821027,False
LMSU_STOMACH,3,9,-1.7612896647651382,-0.5002938440211203,0.020934939035257887,False
LMSU_STOMACH,3,10,1.1396819218129417,0.29917348488162687,0.02029533744993712,False
LMSU_STOMACH,3,11,-4.1069142243973396,-2.2478749720885154,0.020016374477857084,False
LMSU_STOMACH,3,12,2.4458383063580684,1.5815186745511935,0.019737154057565005,False
LMSU_STOMACH,3,13,2.243346553316683,0.39264470303629945,0.018750098020814482,False
LMSU_STOMACH,3,14,0.536091726609373,-0.6737099933673764,0.017867451558620476,False
LMSU_STOMACH,3,15,-1.9192413863804432,-0.540199148629784,0.01687397508059227,False
LMSU_STOMACH,3,16,-2.357740480723561,-0.8905395496650937,0.01596846878863414,False
LMSU_STOMACH,3,17,0.2775752356548882,0.5716879071254908,0.015582624195052694,False
LMSU_STOMACH,3,18,-0.9688542471366848,0.8605248279271372,0.015413317872479277,False
LMSU_STOMACH,3,19,-0.2175111853270013,0.20139583922610937,0.014863572181784284,False
LMSU_STOMACH,3,20,0.007070143102480331,-0.07672822944942868,0.014118789459241995,False
NCIH1299_LUNG,3,1,5.60101453913629,3.5004469126744224,0.0590276386301397,False
NCIH1299_LUNG,3,2,-1.1252552173111567,-0.14537393613228952,0.0417603896438152,False
NCIH1299_LUNG,3,3,-0.6174025375300498,0.147307408666625,0.037422503540721914,False
NCIH1299_LUNG,3,4,0.864471531569144,0.3447742696774826,0.03492548939051973,False
NCIH1299_LUNG,3,5,1.6637585351071573,-0.47420465365884346,0.03177268591544571,False
NCIH1299_LUNG,3,6,-1.9002383977138857,-0.3277301467111825,0.028643208818180745,False
NCIH1299_LUNG,3,7,2.0736665033840507,0.2969637057197342,0.024996911660265367,False
NCIH1299_LUNG,3,8,1.7106765383425722,0.8521174378098867,0.022439399435821027,False
NCIH1299_LUNG,3,9,-0.3707081153281899,-0.934797598172102,0.020934939035257887,False
NCIH1299_LUNG,3,10,0.6228504961027321,0.9757590517468925,0.02029533744993712,False
NCIH1299_LUNG,3,11,-0.47170710623994566,-0.4997195235414925,0.020016374477857084,False
NCIH1299_LUNG,3,12,0.7891737460100576,0.8509251776585728,0.019737154057565005,False
NCIH1299_LUNG,3,13,0.6372436631859482,-0.1952502483074788,0.018750098020814482,False
NCIH1299_LUNG,3,14,-0.860371195288771,-1.2581245018808997,0.017867451558620476,False
NCIH1299_LUNG,3,15,-0.8563382200245471,-0.6147454686314728,0.01687397508059227,False
NCIH1299_LUNG,3,16,-0.6376295832536907,0.7773249442589274,0.01596846878863414,False
NCIH1299_LUNG,3,17,-0.25649010349434953,-0.6379390072014939,0.015582624195052694,False
NCIH1299_LUNG,3,18,1.209342885369411,0.23666446300148014,0.015413317872479277,False
NCIH1299_LUNG,3,19,0.07264577671824446,0.48500077308475126,0.014863572181784284,False
NCIH1299_LUNG,3,20,-1.4232591787572337,-1.0177170334831458,0.014118789459241995,False
NCIH1693_LUNG,3,1,-0.8743964267407875,2.556870946840364,0.0590276386301397,False
NCIH1693_LUNG,3,2,-0.5072656382410643,1.7718560733009947,0.0417603896438152,False
NCIH1693_LUNG,3,3,-0.18726176280661902,-0.4720720583047623,0.037422503540721914,False
NCIH1693_LUNG,3,4,0.6090771749493138,-0.24548493663081625,0.03492548939051973,False
NCIH1693_LUNG,3,5,2.5066040461132024,-0.12889562614020217,0.03177268591544571,False
NCIH1693_LUNG,3,6,1.2705065020346815,0.2666534705781712,0.028643208818180745,False
NCIH1693_LUNG,3,7,1.850738909120802,-0.6954446774826308,0.024996911660265367,False
NCIH1693_LUNG,3,8,-0.5401560121196192,1.916199214723069,0.022439399435821027,False
NCIH1693_LUNG,3,9,-0.19847467845540767,-2.252224101121219,0.020934939035257887,False
NCIH1693_LUNG,3,10,-0.7496572889280252,-0.11319831515719606,0.02029533744993712,False
NCIH1693_LUNG,3,11,2.396276694669454,0.5887838916893262,0.020016374477857084,False
NCIH1693_LUNG,3,12,-0.4655065633089861,-0.6796311981507982,0.019737154057565005,False
NCIH1693_LUNG,3,13,-1.2381905154676842,0.0001416513495872081,0.018750098020814482,False
NCIH1693_LUNG,3,14,-1.6753334838642082,-0.33755492994914416,0.017867451558620476,False
NCIH1693_LUNG,3,15,-1.324107599994793,0.6153830236742037,0.01687397508059227,False
NCIH1693_LUNG,3,16,0.0782221435642978,-0.5085837696227635,0.01596846878863414,False
NCIH1693_LUNG,3,17,-1.4839285002528984,-1.4553013531563457,0.015582624195052694,False
NCIH1693_LUNG,3,18,-0.3254155387327109,-1.2798475664485387,0.015413317872479277,False
NCIH1693_LUNG,3,19,-0.06453931503680121,-0.5229824921996961,0.014863572181784284,False
NCIH1693_LUNG,3,20,-0.5567329649822692,0.11531616732978374,0.014118789459241995,False
OAW42_OVARY,3,1,3.533034938867212,1.7976125613492246,0.0590276386301397,False
OAW42_OVARY,3,2,-1.3285169830062271,0.45181536961071145,0.0417603896438152,False
OAW42_OVARY,3,3,-0.6084160002031741,-0.4037930505574823,0.037422503540721914,False
OAW42_OVARY,3,4,0.7874351739647412,1.2260658178803632,0.03492548939051973,False
OAW42_OVARY,3,5,-0.8692363661234657,-0.31809590555725337,0.03177268591544571,False
OAW42_OVARY,3,6,0.3450590959309068,-0.008451287697274231,0.028643208818180745,False
OAW42_OVARY,3,7,-0.4304201265877645,0.03251301988388466,0.024996911660265367,False
OAW42_OVARY,3,8,-0.07232301743063035,-1.5920060090036994,0.022439399435821027,False
OAW42_OVARY,3,9,1.0748058913923189,1.5812194386429081,0.020934939035257887,False
OAW42_OVARY,3,10,0.956923324936083,0.24351993007757372,0.02029533744993712,False
OAW42_OVARY,3,11,0.21414184812850345,-0.07891965606460603,0.020016374477857084,False
OAW42_OVARY,3,12,-0.5522568482222825,-0.3457860112193246,0.019737154057565005,False
OAW42_OVARY,3,13,0.04246633132148103,-0.16829123625020692,0.018750098020814482,False
OAW42_OVARY,3,14,0.4104791931919911,-0.3709437398053846,0.017867451558620476,False
OAW42_OVARY,3,15,-1.3674202405163198,-0.6275757855646538,0.01687397508059227,False
OAW42_OVARY,3,16,0.7331547414144695,1.2846871205299224,0.01596846878863414,False
OAW42_OVARY,3,17,0.5091453071400379,0.9346484142369677,0.015582624195052694,False
OAW42_OVARY,3,18,1.790104816294162,0.9890345998242036,0.015413317872479277,False
OAW42_OVARY,3,19,0.777292109767227,1.2946235351925262,0.014863572181784284,False
OAW42_OVARY,3,20,-0.37334508936757893,-1.0937891955210792,0.014118789459241995,False
PATU8988S_PANCREAS,3,1,1.3834193375325654,-2.3486332467083404,0.0590276386301397,False
PATU8988S_PANCREAS,3,2,3.19035026163138,0.974602285780296,0.0417603896438152,False
PATU8988S_PANCREAS,3,3,-3.6485803614907484,-0.9768890021186032,0.037422503540721914,False
PATU8988S_PANCREAS,3,4,0.9974628912228656,0.6613708662540858,0.03492548939051973,False
PATU8988S_PANCREAS,3,5,5.911992232837214,-0.6303664228061102,0.03177268591544571,False
PATU8988S_PANCREAS,3,6,0.460275590313445,1.8164256071362315,0.028643208818180745,False
PATU8988S_PANCREAS,3,7,1.361303866241148,-1.4090958803343345,0.024996911660265367,False
PATU8988S_PANCREAS,3,8,-3.8857524357572197,-2.8545977438725387,0.022439399435821027,False
PATU8988S_PANCREAS,3,9,2.477729785437507,2.3694260504677924,0.020934939035257887,False
PATU8988S_PANCREAS,3,10,-1.859868984978319,-1.2443849202778832,0.02029533744993712,False
PATU8988S_PANCREAS,3,11,4.745700231018169,1.7791488891584208,0.020016374477857084,False
PATU8988S_PANCREAS,3,12,-4.350003575791856,-2.190692175252853,0.019737154057565005,False
PATU8988S_PANCREAS,3,13,-1.5871631958762646,-0.03653530793624782,0.018750098020814482,False
PATU8988S_PANCREAS,3,14,2.489581603010407,1.6021145344376384,0.017867451558620476,False
PATU8988S_PANCREAS,3,15,2.8602721013244365,0.6613007115643676,0.01687397508059227,False
PATU8988S_PANCREAS,3,16,3.5894008713493006,0.3784319717218866,0.01596846878863414,False
PATU8988S_PANCREAS,3,17,2.8837601535852695,1.1033179043276684,0.015582624195052694,False
PATU8988S_PANCREAS,3,18,2.4865175053972646,-0.07105562693975247,0.015413317872479277,False
PATU8988S_PANCREAS,3,19,2.0831612043437113,0.38569648796052974,0.014863572181784284,False
PATU8988S_PANCREAS,3,20,-1.448244003498449,0.4421365767443735,0.014118789459241995,False
SKMEL24_SKIN,3,1,-13.95527113663574,-8.82494717859694,0.0590276386301397,False
SKMEL24_SKIN,3,2,-3.8695054590954117,-5.3884908139597005,0.0417603896438152,False
SKMEL24_SKIN,3,3,2.185758795281621,1.972118024979389,0.037422503540721914,False
SKMEL24_SKIN,3,4,-0.361071731412684,-2.7357992485517233,0.03492548939051973,False
SKMEL24_SKIN,3,5,7.029624734358309,1.7065256107758406,0.03177268591544571,False
SKMEL24_SKIN,3,6,-1.3691585766672572,-2.310393581642725,0.028643208818180745,False
SKMEL24_SKIN,3,7,6.694177435767875,2.2438987893792213,0.024996911660265367,False
SKMEL24_SKIN,3,8,-1.333282737737069,-0.19500431340128194,0.022439399435821027,False
SKMEL24_SKIN,3,9,1.9942061173239856,0.33391458037872396,0.020934939035257887,False
SKMEL24_SKIN,3,10,1.4808270864237731,0.7042197406243682,0.02029533744993712,False
SKMEL24_SKIN,3,11,1.8236110518180104,-1.8523450567952457,0.020016374477857084,False
SKMEL24_SKIN,3,12,4.225214455452832,2.3831762286207825,0.019737154057565005,False
SKMEL24_SKIN,3,13,-2.717399836579264,-0.05417729859232877,0.018750098020814482,False
SKMEL24_SKIN,3,14,-2.646296547081521,0.1902032820199871,0.017867451558620476,False
SKMEL24_SKIN,3,15,-1.9018324945953322,-0.6391984182764371,0.01687397508059227,False
SKMEL24_SKIN,3,16,-0.9837320112734738,-1.006771056181837,0.01596846878863414,False
SKMEL24_SKIN,3,17,-0.4194133578994025,0.26390771371202254,0.015582624195052694,False
SKMEL24_SKIN,3,18,-2.078954066830005,0.3911504522441559,0.015413317872479277,False
SKMEL24_SKIN,3,19,-3.661856005296152,-2.2230546018645345,0.014863572181784284,False
SKMEL24_SKIN,3,20,1.7828878077293577,1.3994309123168858,0.014118789459241995,False
SW480_LARGE_INTESTINE,3,1,0.9565627351662709,-2.3205447359014193,0.0590276386301397,False
SW480_LARGE_INTESTINE,3,2,-0.043498173082629155,-0.3225685206913168,0.0417603896438152,False
SW480_LARGE_INTESTINE,3,3,-2.9406288086378516,-0.5617631331306557,0.037422503540721914,False
SW480_LARGE_INTESTINE,3,4,1.8143010529985915,-0.19278548369772214,0.03492548939051973,False
SW480_LARGE_INTESTINE,3,5,8.278417541373042,0.18541669224427051,0.03177268591544571,False
SW480_LARGE_INTESTINE,3,6,-1.2687722131742547,-0.13867907302966337,0.028643208818180745,False
SW480_LARGE_INTESTINE,3,7,2.951255132311051,-0.28289727453989955,0.024996911660265367,False
SW480_LARGE_INTESTINE,3,8,-2.27206744828643,-2.1631031563155507,0.022439399435821027,False
SW480_LARGE_INTESTINE,3,9,-0.15183716826084825,1.207006445497531,0.020934939035257887,False
SW480_LARGE_INTESTINE,3,10,-1.2795833485903167,-0.08456196865033391,0.02029533744993712,False
SW480_LARGE_INTESTINE,3,11,3.2587025964839933,0.699232487957831,0.020016374477857084,False
SW480_LARGE_INTESTINE,3,12,-1.026971101677225,-1.4539168385656547,0.019737154057565005,False
SW480_LARGE_INTESTINE,3,13,-1.649424564874333,-0.42376554075938166,0.018750098020814482,False
SW480_LARGE_INTESTINE,3,14,-1.9377782627803866,0.1958224794639325,0.017867451558620476,False
SW480_LARGE_INTESTINE,3,15,0.6965955915350963,-0.13442031616733588,0.01687397508059227,False
SW480_LARGE_INTESTINE,3,16,1.722531523302414,0.9214968159753005,0.01596846878863414,False
SW480_LARGE_INTESTINE,3,17,0.9524332359622574,0.26443736946384233,0.015582624195052694,False
SW480_LARGE_INTESTINE,3,18,1.8775157902210333,-0.1551127415599561,0.015413317872479277,False
SW480_LARGE_INTESTINE,3,19,-0.41203532101335727,-0.30596953996724896,0.014863572181784284,False
SW480_LARGE_INTESTINE,3,20,1.0642488783857895,-0.1748572265344016,0.014118789459241995,False
SW900_LUNG,3,1,-13.027030059620358,-0.38545717931103907,0.0590276386301397,False
SW900_LUNG,3,2,2.813166828838032,1.448133222315208,0.0417603896438152,False
SW900_LUNG,3,3,-0.8653400372196164,-0.15277866942075594,0.037422503540721914,False
SW900_LUNG,3,4,3.7163593460852136,-0.4181222701587308,0.03492548939051973,False
SW900_LUNG,3,5,7.377966527629701,0.2812034965938877,0.03177268591544571,False
SW900_LUNG,3,6,2.6248763535803334,0.5110277529044465,0.028643208818180745,False
SW900_LUNG,3,7,4.1201327109862085,-0.5722463403433595,0.024996911660265367,False
SW900_LUNG,3,8,0.7329629240033215,1.6191496495667588,0.022439399435821027,False
SW900_LUNG,3,9,2.4146257534296174,-1.2905673627957512,0.020934939035257887,False
SW900_LUNG,3,10,-0.1673355990712163,-0.9166716862255878,0.02029533744993712,False
SW900_LUNG,3,11,1.2565029459414012,0.479308976765035,0.020016374477857084,False
SW900_LUNG,3,12,-1.7754835950700503,-0.48504610869282955,0.019737154057565005,False
SW900_LUNG,3,13,1.1037105008785049,0.39041611653659886,0.018750098020814482,False
SW900_LUNG,3,14,3.636888123447,0.8178219281322605,0.017867451558620476,False
SW900_LUNG,3,15,-0.18841352667300315,1.039849564561882,0.01687397508059227,False
SW900_LUNG,3,16,-3.2396832483494116,-1.532442782941797,0.01596846878863414,False
SW900_LUNG,3,17,0.45040125629645145,-0.5413333326160826,0.015582624195052694,False
SW900_LUNG,3,18,-0.5515238840812753,-1.0077644442243716,0.015413317872479277,False
SW900_LUNG,3,19,0.8206817787699177,-0.6732515152060704,0.014863572181784284,False
SW900_LUNG,3,20,1.3920246784270969,1.1101297052184969,0.014118789459241995,False
EFM192A_BREAST,4,1,4.338478658193251,1.716209622882728,0.06162397086811559,False
EFM192A_BREAST,4,2,-0.7732271940873359,-1.127020537119033,0.04379411615718036,False
EFM192A_BREAST,4,3,1.0186059364982207,-0.714918616178387,0.03711579416455177,False
EFM192A_BREAST,4,4,-4.294744567005831,-1.8320090561947457,0.03461965614621904,False
EFM192A_BREAST,4,5,-0.9545016663997643,0.3038693690778446,0.03027385548609058,False
EFM192A_BREAST,4,6,-1.861732858316181,-3.5348969145864912,0.02710364954450581,False
EFM192A_BREAST,4,7,3.4805375813622685,4.0723418039978725,0.024433154043672297,False
EFM192A_BREAST,4,8,1.377372266418829,1.05897816149712,0.02386183277034201,False
EFM192A_BREAST,4,9,1.4713949565255544,2.4284389841134124,0.02326810101109254,False
EFM192A_BREAST,4,10,-1.0946008542156196,-1.8526149738136832,0.021837312669596712,False
EFM192A_BREAST,4,11,2.3557530941959324,5.05309495072209,0.02147813746514201,False
EFM192A_BREAST,4,12,1.8710340359760875,4.738388352271181,0.02129322522442904,False
EFM192A_BREAST,4,13,-0.43713707684554093,-1.9251538067552811,0.020619682022173555,False
EFM192A_BREAST,4,14,-1.0043607641699577,0.7820421121866846,0.019619415249490558,False
EFM192A_BREAST,4,15,-0.1303626130476374,2.0181635181915825,0.018954584679123535,False
EFM192A_BREAST,4,16,-1.899540068824846,1.3088296064058509,0.017317768617426812,False
EFM192A_BREAST,4,17,-0.12712815598883892,1.5573432951725918,0.016570387755434443,False
EFM192A_BREAST,4,18,-2.604575362768415,2.0611792488636094,0.0159624783932047,False
EFM192A_BREAST,4,19,-0.8901966816613018,-0.23505045798871052,0.015596100867483451,False
EFM192A_BREAST,4,20,-0.23275037672690746,-0.7760908450149526,0.014553103999559046,False
HEC1B_ENDOMETRIUM,4,1,7.549325695979798,1.6305544595154335,0.06162397086811559,False
HEC1B_ENDOMETRIUM,4,2,-2.6243445226013264,0.3469840695094539,0.04379411615718036,False
HEC1B_ENDOMETRIUM,4,3,0.13197545099675878,-1.5926899930418381,0.03711579416455177,False
HEC1B_ENDOMETRIUM,4,4,-0.954012515146414,0.3078877769620966,0.03461965614621904,False
HEC1B_ENDOMETRIUM,4,5,-2.0549118346796553,-0.5561612396188012,0.03027385548609058,False
HEC1B_ENDOMETRIUM,4,6,-0.8489207883707226,0.6721811267542213,0.02710364954450581,False
HEC1B_ENDOMETRIUM,4,7,-1.9178156562932067,-0.839013408818764,0.024433154043672297,False
HEC1B_ENDOMETRIUM,4,8,-1.6299154874640247,-1.4893580431215798,0.02386183277034201,False
HEC1B_ENDOMETRIUM,4,9,-0.06863407647080666,0.7807538865610876,0.02326810101109254,False
HEC1B_ENDOMETRIUM,4,10,0.31928193945104477,-1.4996133723602574,0.021837312669596712,False
HEC1B_ENDOMETRIUM,4,11,-0.5233113535514324,0.24416667461557656,0.02147813746514201,False
HEC1B_ENDOMETRIUM,4,12,0.14504805093120887,-1.199889045744611,0.02129322522442904,False
HEC1B_ENDOMETRIUM,4,13,1.3662904224385573,1.6373613153243205,0.020619682022173555,False
HEC1B_ENDOMETRIUM,4,14,-0.15191693472600143,0.27212031941823883,0.019619415249490558,False
HEC1B_ENDOMETRIUM,4,15,3.0676261454821305,0.8249418177757203,0.018954584679123535,False
HEC1B_ENDOMETRIUM,4,16,0.08458482602627848,-1.1279811319115687,0.017317768617426812,False
HEC1B_ENDOMETRIUM,4,17,-0.3625632179258413,-0.6404549535323423,0.016570387755434443,False
HEC1B_ENDOMETRIUM,4,18,-0.23266693138485595,-0.35288202075901126,0.0159624783932047,False
HEC1B_ENDOMETRIUM,4,19,0.9950170533829217,1.9891175286001352,0.015596100867483451,False
HEC1B_ENDOMETRIUM,4,20,1.2738429965225266,1.5418038515363746,0.014553103999559046,False
HS852T_SKIN,4,1,-10.44634814249493,-5.954039221821856,0.06162397086811559,False
HS852T_SKIN,4,2,-1.5774073158361115,-5.166300819555585,0.04379411615718036,False
HS852T_SKIN,4,3,-2.275041487612753,0.4228833395131592,0.03711579416455177,False
HS852T_SKIN,4,4,-2.299311416683529,-0.20707316258033837,0.03461965614621904,False
HS852T_SKIN,4,5,-1.52918306108156,-0.8976060242865107,0.03027385548609058,False
HS852T_SKIN,4,6,2.6723792329539724,3.4999781599050865,0.02710364954450581,False
HS852T_SKIN,4,7,6.553458551492638,1.8385798172578094,0.024433154043672297,False
HS852T_SKIN,4,8,-2.1895996318503905,0.5755572397290759,0.02386183277034201,False
HS852T_SKIN,4,9,-1.343310271448489,-0.06265968900365135,0.02326810101109254,False
HS852T_SKIN,4,10,-4.6369383493991165,-0.8286865018154559,0.021837312669596712,False
HS852T_SKIN,4,11,-5.596226234569539,-3.411429510802237,0.02147813746514201,False
HS852T_SKIN,4,12,-1.3102755474581702,0.6455771503259654,0.02129322522442904,False
HS852T_SKIN,4,13,-1.3977659744352857,-0.2863281343126798,0.020619682022173555,False
HS852T_SKIN,4,14,-4.112904240065948,-1.9149496471399416,0.019619415249490558,False
HS852T_SKIN,4,15,-1.1922725108074537,-1.4460877322949213,0.018954584679123535,False
HS852T_SKIN,4,16,0.15195734359790558,-0.3896247846592962,0.017317768617426812,False
HS852T_SKIN,4,17,0.8031822264262041,1.7485123802826348,0.016570387755434443,False
HS852T_SKIN,4,18,0.15209592653529658,-1.3531799703885332,0.0159624783932047,False
HS852T_SKIN,4,19,-2.7346336907072146,-1.0755093252650705,0.015596100867483451,False
HS852T_SKIN,4,20,-0.5742894083466347,-1.1133654323283564,0.014553103999559046,False
IGROV1_OVARY,4,1,5.236626278061259,1.9845571611747015,0.06162397086811559,False
IGROV1_OVARY,4,2,-0.18979432483731928,0.2292026492873728,0.04379411615718036,False
IGROV1_OVARY,4,3,0.15078643009123915,-0.3029083127222252,0.03711579416455177,False
IGROV1_OVARY,4,4,0.4209201128174085,-0.6262714320165825,0.03461965614621904,False
IGROV1_OVARY,4,5,0.4126230935707369,0.7663836960723067,0.03027385548609058,False
IGROV1_OVARY,4,6,-0.8255371779263068,-0.5167408016098128,0.02710364954450581,False
IGROV1_OVARY,4,7,-0.011227991894168565,-1.0089079646439911,0.024433154043672297,False
IGROV1_OVARY,4,8,0.1356736849562863,-0.16503019427874832,0.02386183277034201,False
IGROV1_OVARY,4,9,2.82701668149359,0.5750822774342329,0.02326810101109254,False
IGROV1_OVARY,4,10,0.17103381920838684,-1.2760974702764611,0.021837312669596712,False
IGROV1_OVARY,4,11,1.2858179301329504,0.5219231232662671,0.02147813746514201,False
IGROV1_OVARY,4,12,0.10450535577515407,-1.3774656317352036,0.02129322522442904,False
IGROV1_OVARY,4,13,0.8411119760993927,0.838893785708072,0.020619682022173555,False
IGROV1_OVARY,4,14,1.732364029538037,0.37956522111568913,0.019619415249490558,False
IGROV1_OVARY,4,15,0.6551469936686611,1.9216451751276467,0.018954584679123535,False
IGROV1_OVARY,4,16,-1.450906244342531,-0.5022634712068444,0.017317768617426812,False
IGROV1_OVARY,4,17,-1.8594977862146993,-1.5304472710971984,0.016570387755434443,False
IGROV1_OVARY,4,18,-0.6367615381907508,-0.29281623122487743,0.0159624783932047,False
IGROV1_OVARY,4,19,1.2344263278064695,1.658430699486928,0.015596100867483451,False
IGROV1_OVARY,4,20,-0.7332565083093602,1.0156812499661574,0.014553103999559046,False
JHH5_LIVER,4,1,-7.480078406360004,1.4702457129393776,0.06162397086811559,False
JHH5_LIVER,4,2,2.6166350599808634,0.19905038419502216,0.04379411615718036,False
JHH5_LIVER,4,3,-2.21730536684218,-0.6549024099191326,0.03711579416455177,False
JHH5_LIVER,4,4,0.06518610016158455,-4.877811392195514,0.03461965614621904,False
JHH5_LIVER,4,5,4.293277507500247,10.751140930349885,0.03027385548609058,False
JHH5_LIVER,4,6,0.1256795004392921,1.5894234437345558,0.02710364954450581,False
JHH5_LIVER,4,7,3.5695533670797985,-1.087213340880345,0.024433154043672297,False
JHH5_LIVER,4,8,0.586893186356559,1.5413760346238663,0.02386183277034201,False
JHH5_LIVER,4,9,1.7116949840492661,0.17213001206564862,0.02326810101109254,False
JHH5_LIVER,4,10,-0.3194443768760904,-3.7545832382843947,0.021837312669596712,False
JHH5_LIVER,4,11,2.9836037063077727,1.1639511221842964,0.02147813746514201,False
JHH5_LIVER,4,12,-1.2594965326110032,-5.948972646430564,0.02129322522442904,False
JHH5_LIVER,4,13,0.22871521611288226,0.05433175594710582,0.020619682022173555,False
JHH5_LIVER,4,14,3.883152824984977,0.78630002480845,0.019619415249490558,False
JHH5_LIVER,4,15,0.02256753680658985,-0.08650492274017114,0.018954584679123535,False
JHH5_LIVER,4,16,-0.44997010701842144,0.683770041239835,0.017317768617426812,False
JHH5_LIVER,4,17,-1.8329028378357521,0.511211241449202,0.016570387755434443,False
JHH5_LIVER,4,18,-1.485094383505562,-0.09152931175762695,0.0159624783932047,False
JHH5_LIVER,4,19,-0.43712701534892007,-1.3227378432805643,0.015596100867483451,False
JHH5_LIVER,4,20,-0.34252366535952894,-0.7000892232672629,0.014553103999559046,False
KNS60_CENTRAL_NERVOUS_SYSTEM,4,1,9.95601280263831,2.361290803492927,0.06162397086811559,False
KNS60_CENTRAL_NERVOUS_SYSTEM,4,2,-1.8356013258150248,0.5780742950559816,0.04379411615718036,False
KNS60_CENTRAL_NERVOUS_SYSTEM,4,3,0.32264143871845086,-0.6302744039852687,0.03711579416455177,False
KNS60_CENTRAL_NERVOUS_SYSTEM,4,4,-0.8480855382234802,2.1772082606937113,0.03461965614621904,False
KNS60_CENTRAL_NERVOUS_SYSTEM,4,5,-1.5063130192212495,-2.168482019528552,0.03027385548609058,False
KNS60_CENTRAL_NERVOUS_SYSTEM,4,6,1.1261439911429645,3.5297340821900614,0.02710364954450581,False
KNS60_CENTRAL_NERVOUS_SYSTEM,4,7,-1.2785167918201898,-0.45754996350069993,0.024433154043672297,False
KNS60_CENTRAL_NERVOUS_SYSTEM,4,8,3.3705973417439807,1.4234682107669292,0.02386183277034201,False
KNS60_CENTRAL_NERVOUS_SYSTEM,4,9,-0.20713178784769704,0.5808838246982881,0.02326810101109254,False
KNS60_CENTRAL_NERVOUS_SYSTEM,4,10,2.9385694466728163,1.3180519682182366,0.021837312669596712,False
KNS60_CENTRAL_NERVOUS_SYSTEM,4,11,-0.049336747172275874,-1.6290838216658359,0.02147813746514201,False
KNS60_CENTRAL_NERVOUS_SYSTEM,4,12,1.5508032599179615,0.19016617412900558,0.02129322522442904,False
KNS60_CENTRAL_NERVOUS_SYSTEM,4,13,-0.3236747748936861,-0.5689171728488231,0.020619682022173555,False
KNS60_CENTRAL_NERVOUS_SYSTEM,4,14,-0.969108031409273,-0.5036445473424958,0.019619415249490558,False
KNS60_CENTRAL_NERVOUS_SYSTEM,4,15,-1.8725689742129976,-2.615924595642732,0.018954584679123535,False
KNS60_CENTRAL_NERVOUS_SYSTEM,4,16,-2.508023021716785,-0.29441035579266434,0.017317768617426812,False
KNS60_CENTRAL_NERVOUS_SYSTEM,4,17,0.9470445701272171,0.6747673110155573,0.016570387755434443,False
KNS60_CENTRAL_NERVOUS_SYSTEM,4,18,-0.31564154028712954,0.7489640899540027,0.0159624783932047,False
KNS60_CENTRAL_NERVOUS_SYSTEM,4,19,1.060627069781376,1.3269103301350298,0.015596100867483451,False
KNS60_CENTRAL_NERVOUS_SYSTEM,4,20,-0.8855318371934162,0.03508950983915364,0.014553103999559046,False
LNCAPCLONEFGC_PROSTATE,4,1,10.285154607029247,3.47563195444309,0.06162397086811559,False
LNCAPCLONEFGC_PROSTATE,4,2,-3.1565008799763143,-2.7488497609591627,0.04379411615718036,False
LNCAPCLONEFGC_PROSTATE,4,3,1.4403820853197957,-0.2774290228651782,0.03711579416455177,False
LNCAPCLONEFGC_PROSTATE,4,4,-5.800348093960696,-2.896929739455222,0.03461965614621904,False
LNCAPCLONEFGC_PROSTATE,4,5,-1.2692405959676283,0.19357994477761348,0.03027385548609058,False
LNCAPCLONEFGC_PROSTATE,4,6,-2.913525250786408,-3.540123001661453,0.02710364954450581,False
LNCAPCLONEFGC_PROSTATE,4,7,0.6330055427687722,5.195478519021387,0.024433154043672297,False
LNCAPCLONEFGC_PROSTATE,4,8,-0.6559861399778624,-2.8985024924574128,0.02386183277034201,False
LNCAPCLONEFGC_PROSTATE,4,9,0.3699932647649343,3.459530852565165,0.02326810101109254,False
LNCAPCLONEFGC_PROSTATE,4,10,0.3874060856612272,-2.1654082150565253,0.021837312669596712,False
LNCAPCLONEFGC_PROSTATE,4,11,0.6133880544535906,1.927096398145076,0.02147813746514201,False
LNCAPCLONEFGC_PROSTATE,4,12,1.394132740227108,4.925486406454961,0.02129322522442904,False
LNCAPCLONEFGC_PROSTATE,4,13,0.7620038689677022,2.827784766324664,0.020619682022173555,False
LNCAPCLONEFGC_PROSTATE,4,14,-0.6560205844301925,0.4780921740481678,0.019619415249490558,False
LNCAPCLONEFGC_PROSTATE,4,15,0.9608575640733643,0.3796303302705309,0.018954584679123535,False
LNCAPCLONEFGC_PROSTATE,4,16,-1.45071969583082,1.4790558596484813,0.017317768617426812,False
LNCAPCLONEFGC_PROSTATE,4,17,-0.4326375201885435,0.6842844700750331,0.016570387755434443,False
LNCAPCLONEFGC_PROSTATE,4,18,-2.351752353272327,2.04757817968226,0.0159624783932047,False
LNCAPCLONEFGC_PROSTATE,4,19,-1.1235930800524025,0.31350386500772603,0.015596100867483451,False
LNCAPCLONEFGC_PROSTATE,4,20,-0.3043766168310995,0.20607171692674917,0.014553103999559046,False
NCIH1048_LUNG,4,1,6.95799381242891,2.8564017525152816,0.06162397086811559,False
NCIH1048_LUNG,4,2,-2.801173890977282,-1.8382255906102163,0.04379411615718036,False
NCIH1048_LUNG,4,3,2.7166672573928414,2.3555182882121026,0.03711579416455177,False
NCIH1048_LUNG,4,4,-5.5477824378875225,-1.0848425021775487,0.03461965614621904,False
NCIH1048_LUNG,4,5,0.18279634885472662,1.9717063229356466,0.03027385548609058,False
NCIH1048_LUNG,4,6,-3.646839495546435,-1.4257769248404855,0.02710364954450581,False
NCIH1048_LUNG,4,7,-0.12019726914937712,-0.44837434240296414,0.024433154043672297,False
NCIH1048_LUNG,4,8,-1.688080994673268,-0.6975511667633376,0.02386183277034201,False
NCIH1048_LUNG,4,9,-0.4407696715778655,0.6681328266946208,0.02326810101109254,False
NCIH1048_LUNG,4,10,0.46478548918157603,-0.1009064041281139,0.021837312669596712,False
NCIH1048_LUNG,4,11,-2.090169930687648,0.020210080629644894,0.02147813746514201,False
NCIH1048_LUNG,4,12,1.3826291836695268,0.743630491222825,0.02129322522442904,False
NCIH1048_LUNG,4,13,1.5471699787606212,-0.32001789713431883,0.020619682022173555,False
NCIH1048_LUNG,4,14,-2.1557846615676395,-0.0027137465737915767,0.019619415249490558,False
NCIH1048_LUNG,4,15,0.7117574772012817,0.09287626986922902,0.018954584679123535,False
NCIH1048_LUNG,4,16,0.35374203412302485,-0.3823924325808179,0.017317768617426812,False
NCIH1048_LUNG,4,17,-0.5376232124232908,1.0516794710953998,0.016570387755434443,False
NCIH1048_LUNG,4,18,-1.0622196635251397,1.195530347726184,0.0159624783932047,False
NCIH1048_LUNG,4,19,-0.9416699084692314,-1.840544682361068,0.015596100867483451,False
NCIH1048_LUNG,4,20,-0.10358137805595691,-0.6880533238551165,0.014553103999559046,False
NCIH1573_LUNG,4,1,3.695390775272056,1.6821022190925303,0.06162397086811559,False
NCIH1573_LUNG,4,2,0.8188053621241957,1.4509783320825682,0.04379411615718036,False
NCIH1573_LUNG,4,3,-0.8227467308197673,-0.33319462267084876,0.03711579416455177,False
NCIH1573_LUNG,4,4,-1.7793224339297362,0.4012209478792397,0.03461965614621904,False
NCIH1573_LUNG,4,5,-0.9744690826096918,-2.8561552594489057,0.03027385548609058,False
NCIH1573_LUNG,4,6,-1.5355751024898314,-3.115617773768456,0.02710364954450581,False
NCIH1573_LUNG,4,7,0.05192426950248985,2.4471684684025856,0.024433154043672297,False
NCIH1573_LUNG,4,8,-1.3977367467202217,-0.7056747975867849,0.02386183277034201,False
NCIH1573_LUNG,4,9,-1.011108444139922,0.09708467356802579,0.02326810101109254,False
NCIH1573_LUNG,4,10,1.1573940307553547,-1.1637616650406224,0.021837312669596712,False
NCIH1573_LUNG,4,11,1.6843820388904494,1.9577642790520156,0.02147813746514201,False
NCIH1573_LUNG,4,12,1.4597922371028775,0.6049602839895009,0.02129322522442904,False
NCIH1573_LUNG,4,13,-0.24117473426723135,1.0282940368298064,0.020619682022173555,False
NCIH1573_LUNG,4,14,1.3953388910043159,1.4348449557933243,0.019619415249490558,False
NCIH1573_LUNG,4,15,2.704483715685279,1.0122090091973042,0.018954584679123535,False
NCIH1573_LUNG,4,16,-0.8863669509562746,0.06641183370928992,0.017317768617426812,False
NCIH1573_LUNG,4,17,2.1123589183440954,2.1844460735551756,0.016570387755434443,False
NCIH1573_LUNG,4,18,-1.026077241841814,-0.30963245769309455,0.0159624783932047,False
NCIH1573_LUNG,4,19,-1.2259805646268902,-1.3468330338713546,0.015596100867483451,False
NCIH1573_LUNG,4,20,-0.3301635902903879,-0.4627202704031904,0.014553103999559046,False
NCIH1650_LUNG,4,1,5.218818410349494,1.5198977108759941,0.06162397086811559,False
NCIH1650_LUNG,4,2,-0.34418075766742273,2.1815381597436296,0.04379411615718036,False
NCIH1650_LUNG,4,3,0.39605577056515173,0.681984974321526,0.03711579416455177,False
NCIH1650_LUNG,4,4,-1.306148222884326,1.8197009877384132,0.03461965614621904,False
NCIH1650_LUNG,4,5,-1.6291860051003246,-2.2634959075627683,0.03027385548609058,False
NCIH1650_LUNG,4,6,0.9547893651204604,0.5175864160164306,0.02710364954450581,False
NCIH1650_LUNG,4,7,-0.6167147625496325,-0.3535304019537308,0.024433154043672297,False
NCIH1650_LUNG,4,8,3.006300256122813,1.8616820924419153,0.02386183277034201,False
NCIH1650_LUNG,4,9,-0.7172199830562698,-1.1569624791284754,0.02326810101109254,False
NCIH1650_LUNG,4,10,1.0735244875356182,-0.014260548568560596,0.021837312669596712,False
NCIH1650_LUNG,4,11,0.7927976820240917,1.766191565490585,0.02147813746514201,False
NCIH1650_LUNG,4,12,1.383815376126296,1.7925116769917497,0.02129322522442904,False
NCIH1650_LUNG,4,13,-0.7931963808236369,-1.0226164242718192,0.020619682022173555,False
NCIH1650_LUNG,4,14,-0.6704196952411857,0.1713851823012514,0.019619415249490558,False
NCIH1650_LUNG,4,15,-0.043106718327772686,1.513317495033054,0.018954584679123535,False
NCIH1650_LUNG,4,16,-1.2086821486855288,-1.0479883801190268,0.017317768617426812,False
NCIH1650_LUNG,4,17,0.20541582552339094,0.7841806600980047,0.016570387755434443,False
NCIH1650_LUNG,4,18,-1.3452781233145672,0.6886821895104691,0.0159624783932047,False
NCIH1650_LUNG,4,19,0.3328994481349876,-0.3878827656594712,0.015596100867483451,False
NCIH1650_LUNG,4,20,-0.9774597863191341,-0.28702665520378495,0.014553103999559046,False
NCIH322_LUNG,4,1,3.8007235203200977,2.115954960461317,0.06162397086811559,False
NCIH322_LUNG,4,2,-0.9576957474328434,1.5015620992231646,0.04379411615718036,False
NCIH322_LUNG,4,3,0.23639413596611192,-0.21391781245231098,0.03711579416455177,False
NCIH322_LUNG,4,4,-0.7627698694035079,1.6895493437661873,0.03461965614621904,False
NCIH322_LUNG,4,5,-0.780554587455403,-1.4177101465149093,0.03027385548609058,False
NCIH322_LUNG,4,6,-1.6487353639688702,-1.0189692434813395,0.02710364954450581,False
NCIH322_LUNG,4,7,-0.4440399638361892,1.720121377526556,0.024433154043672297,False
NCIH322_LUNG,4,8,-0.45394156557649046,0.38077462734533774,0.02386183277034201,False
NCIH322_LUNG,4,9,-1.8412777986430828,-1.0588985307639154,0.02326810101109254,False
NCIH322_LUNG,4,10,0.37318619595665686,-0.8340210897420856,0.021837312669596712,False
NCIH322_LUNG,4,11,1.3956798149221996,4.028851512953763,0.02147813746514201,False
NCIH322_LUNG,4,12,1.449548102794826,1.9579445719392097,0.02129322522442904,False
NCIH322_LUNG,4,13,0.3459784234445701,-0.9634834642097266,0.020619682022173555,False
NCIH322_LUNG,4,14,-0.3672142369334521,0.7178951610681648,0.019619415249490558,False
NCIH322_LUNG,4,15,3.4748891653909304,1.8729243104175801,0.018954584679123535,False
NCIH322_LUNG,4,16,-0.519468064752453,-1.1934227222652791,0.017317768617426812,False
NCIH322_LUNG,4,17,1.0969658587485718,1.762596026566477,0.016570387755434443,False
NCIH322_LUNG,4,18,0.09368841452743704,0.1634927655948339,0.0159624783932047,False
NCIH322_LUNG,4,19,-1.7684993944348906,-1.3495737932087193,0.015596100867483451,False
NCIH322_LUNG,4,20,-0.5318845253614203,-1.311150129140565,0.014553103999559046,False
NCIH838_LUNG,4,1,10.276330026121595,3.5979375430568488,0.06162397086811559,False
NCIH838_LUNG,4,2,-1.7421626637788379,-0.08362467124001662,0.04379411615718036,False
NCIH838_LUNG,4,3,0.8222263251338968,-0.08018258801623408,0.03711579416455177,False
NCIH838_LUNG,4,4,-3.92309865107257,0.6923441950355752,0.03461965614621904,False
NCIH838_LUNG,4,5,-2.0758268136125158,-1.6458490382854258,0.03027385548609058,False
NCIH838_LUNG,4,6,-0.4889307685725317,1.7408087317507586,0.02710364954450581,False
NCIH838_LUNG,4,7,-0.913044319806043,-0.6174739201098259,0.024433154043672297,False
NCIH838_LUNG,4,8,2.4366664455983678,2.3099645704547678,0.02386183277034201,False
NCIH838_LUNG,4,9,-1.136785863231537,0.13408824270171257,0.02326810101109254,False
NCIH838_LUNG,4,10,1.643551002545574,-0.4647199785022156,0.021837312669596712,False
NCIH838_LUNG,4,11,-0.39984693335534804,-1.0366330713761789,0.02147813746514201,False
NCIH838_LUNG,4,12,1.8591327619023488,-1.6655952542790449,0.02129322522442904,False
NCIH838_LUNG,4,13,0.2857363648396385,0.4826422700983581,0.020619682022173555,False
NCIH838_LUNG,4,14,-1.1646628065729079,-0.9309795839412665,0.019619415249490558,False
NCIH838_LUNG,4,15,0.2656593696009988,0.6924819915504251,0.018954584679123535,False
NCIH838_LUNG,4,16,-2.1405181447198753,0.5402905997770002,0.017317768617426812,False
NCIH838_LUNG,4,17,0.3080203903541589,-0.7917400926976316,0.016570387755434443,False
NCIH838_LUNG,4,18,-1.1652843493994658,-0.35761487601520636,0.0159624783932047,False
NCIH838_LUNG,4,19,0.7179373986404163,-0.6459272924074382,0.015596100867483451,False
NCIH838_LUNG,4,20,-1.4946901269768684,-0.8065848143001468,0.014553103999559046,False
NUGC3_STOMACH,4,1,0.0826838055453969,-1.9523863559993442,0.06162397086811559,False
NUGC3_STOMACH,4,2,3.367552241040568,3.8547758851531717,0.04379411615718036,False
NUGC3_STOMACH,4,3,-0.18395985143811533,-1.2455863706256936,0.03711579416455177,False
NUGC3_STOMACH,4,4,3.1352863566552482,1.7647901532985408,0.03461965614621904,False
NUGC3_STOMACH,4,5,-0.1957279708793589,-0.5324819735982517,0.03027385548609058,False
NUGC3_STOMACH,4,6,0.5372309894103604,0.7529082688386138,0.02710364954450581,False
NUGC3_STOMACH,4,7,-1.5896461845365084,-1.0644765067781854,0.024433154043672297,False
NUGC3_STOMACH,4,8,-0.9000654206917331,-2.1810926949737692,0.02386183277034201,False
NUGC3_STOMACH,4,9,-1.452972291697386,-1.6387669814754031,0.02326810101109254,False
NUGC3_STOMACH,4,10,1.8927017178520413,0.7132053539923816,0.021837312669596712,False
NUGC3_STOMACH,4,11,1.0692211369180613,1.6984858410235788,0.02147813746514201,False
NUGC3_STOMACH,4,12,-0.8273834610318747,0.16135068047934303,0.02129322522442904,False
NUGC3_STOMACH,4,13,1.5019720307827147,-0.4606792882265295,0.020619682022173555,False
NUGC3_STOMACH,4,14,2.2960759842966993,1.7297865187563009,0.019619415249490558,False
NUGC3_STOMACH,4,15,3.9192564549284934,1.3032160671065773,0.018954584679123535,False
NUGC3_STOMACH,4,16,1.1043114911110932,-0.6243993794593812,0.017317768617426812,False
NUGC3_STOMACH,4,17,0.698275861530745,0.5509457158657524,0.016570387755434443,False
NUGC3_STOMACH,4,18,1.9340176536554692,0.24773037040240514,0.0159624783932047,False
NUGC3_STOMACH,4,19,0.05052182960560403,0.9934457611412973,0.015596100867483451,False
NUGC3_STOMACH,4,20,0.9457686769556644,-0.09958408228889463,0.014553103999559046,False
OSRC2_KIDNEY,4,1,4.872240642104909,0.09070860881596822,0.06162397086811559,False
OSRC2_KIDNEY,4,2,-0.8545222060116262,0.4931077955583442,0.04379411615718036,False
OSRC2_KIDNEY,4,3,-0.7697731279106708,1.0660012944150599,0.03711579416455177,False
OSRC2_KIDNEY,4,4,0.04001353294378962,2.423387016203577,0.03461965614621904,False
OSRC2_KIDNEY,4,5,-0.8671559045414647,-1.0964207858836266,0.03027385548609058,False
OSRC2_KIDNEY,4,6,0.6123991707284815,1.0794925913893636,0.02710364954450581,False
OSRC2_KIDNEY,4,7,0.2587588992224956,-0.1216825568541808,0.024433154043672297,False
OSRC2_KIDNEY,4,8,2.9658228288976276,2.971233792144613,0.02386183277034201,False
OSRC2_KIDNEY,4,9,1.3592856772417745,0.6404078426183213,0.02326810101109254,False
OSRC2_KIDNEY,4,10,1.0683270233024489,0.7789443612032545,0.021837312669596712,False
OSRC2_KIDNEY,4,11,-1.9323123735149714,0.37768998982494545,0.02147813746514201,False
OSRC2_KIDNEY,4,12,0.7221293225241259,-1.4122286465189304,0.02129322522442904,False
OSRC2_KIDNEY,4,13,-0.05409456086309139,-0.09699144693919465,0.020619682022173555,False
OSRC2_KIDNEY,4,14,0.13041287010229108,0.5107037499861207,0.019619415249490558,False
OSRC2_KIDNEY,4,15,-0.47255045876130475,-2.71114369036079,0.018954584679123535,False
OSRC2_KIDNEY,4,16,-1.3875573378554749,-2.387188112514275,0.017317768617426812,False
OSRC2_KIDNEY,4,17,-1.4745416854655042,0.5159365733676686,0.016570387755434443,False
OSRC2_KIDNEY,4,18,0.46510005476882377,-0.6682584124478086,0.0159624783932047,False
OSRC2_KIDNEY,4,19,1.8879033253092237,2.2715541471534957,0.015596100867483451,False
OSRC2_KIDNEY,4,20,0.2799215193914697,1.1326618988958566,0.014553103999559046,False
QGP1_PANCREAS,4,1,-10.91179418325487,4.207886833183202,0.06162397086811559,False
QGP1_PANCREAS,4,2,-1.3721828667882146,-1.920104334498403,0.04379411615718036,False
QGP1_PANCREAS,4,3,-0.46171834655214905,0.675963511574823,0.03711579416455177,False
QGP1_PANCREAS,4,4,-6.807514423021766,-3.722410802630283,0.03461965614621904,False
QGP1_PANCREAS,4,5,0.2979118969753469,-1.278862813344832,0.03027385548609058,False
QGP1_PANCREAS,4,6,-3.2877604780270926,-5.17724732207073,0.02710364954450581,False
QGP1_PANCREAS,4,7,8.313438775352001,0.9038498240247271,0.024433154043672297,False
QGP1_PANCREAS,4,8,-5.186145525662104,-2.768898766691304,0.02386183277034201,False
QGP1_PANCREAS,4,9,0.8192599872423479,0.11790761741440353,0.02326810101109254,False
QGP1_PANCREAS,4,10,-2.953739026978671,-2.19448918533978,0.021837312669596712,False
QGP1_PANCREAS,4,11,0.9602784133607422,-2.337544741267312,0.02147813746514201,False
QGP1_PANCREAS,4,12,0.22311860926072802,1.457985910060543,0.02129322522442904,False
QGP1_PANCREAS,4,13,-2.731091080899853,-2.980701872933299,0.020619682022173555,False
QGP1_PANCREAS,4,14,1.108956356041054,4.582921806108106,0.019619415249490558,False
QGP1_PANCREAS,4,15,-0.9193372524732379,-2.037900846480043,0.018954584679123535,False
QGP1_PANCREAS,4,16,-1.1489744839127976,0.17094295878377624,0.017317768617426812,False
QGP1_PANCREAS,4,17,-3.134540961323179,0.9502121420488249,0.016570387755434443,False
QGP1_PANCREAS,4,18,-3.0756268156336306,0.7072200069233597,0.0159624783932047,False
QGP1_PANCREAS,4,19,0.4629243913281269,-1.2915875752532386,0.015596100867483451,False
QGP1_PANCREAS,4,20,-0.5624716996008406,-0.27807061611702427,0.014553103999559046,False
RH30_SOFT_TISSUE,4,1,10.825420362146556,2.3970674474425087,0.06162397086811559,False
RH30_SOFT_TISSUE,4,2,-2.1456007101969226,-1.369628830017005,0.04379411615718036,False
RH30_SOFT_TISSUE,4,3,1.0368934247386343,0.939671725896392,0.03711579416455177,False
RH30_SOFT_TISSUE,4,4,-3.179458024637312,0.33528388328354325,0.03461965614621904,False
RH30_SOFT_TISSUE,4,5,-2.1076014850476543,0.43357924489977806,0.03027385548609058,False
RH30_SOFT_TISSUE,4,6,-1.7823542610652596,2.3164701348658716,0.02710364954450581,False
RH30_SOFT_TISSUE,4,7,-0.09223747967802087,-0.12630031613650758,0.024433154043672297,False
RH30_SOFT_TISSUE,4,8,1.683051452891954,1.2156041710639427,0.02386183277034201,False
RH30_SOFT_TISSUE,4,9,-1.0166214277751096,0.12992472433714522,0.02326810101109254,False
RH30_SOFT_TISSUE,4,10,1.008383194602007,1.1197050111426223,0.021837312669596712,False
RH30_SOFT_TISSUE,4,11,-0.46039633729098584,-1.7597280418509391,0.02147813746514201,False
RH30_SOFT_TISSUE,4,12,0.922799719997736,0.030995051593811312,0.02129322522442904,False
RH30_SOFT_TISSUE,4,13,0.8526910078775394,-1.8629211024551198,0.020619682022173555,False
RH30_SOFT_TISSUE,4,14,-1.4139573132213914,-0.8049670312599239,0.019619415249490558,False
RH30_SOFT_TISSUE,4,15,0.5247642295197309,-1.5231557515797216,0.018954584679123535,False
RH30_SOFT_TISSUE,4,16,-2.2492964058145226,0.3790272421845837,0.017317768617426812,False
RH30_SOFT_TISSUE,4,17,0.36052240096646554,-0.9874666755589763,0.016570387755434443,False
RH30_SOFT_TISSUE,4,18,-0.6962141616467139,0.07714778239604259,0.0159624783932047,False
RH30_SOFT_TISSUE,4,19,0.023886082330558334,0.457408721741095,0.015596100867483451,False
RH30_SOFT_TISSUE,4,20,0.07598041271742662,-0.6446039934181269,0.014553103999559046,False
SNB75_CENTRAL_NERVOUS_SYSTEM,4,1,8.993105464203284,-0.773541139782608,0.06162397086811559,False
SNB75_CENTRAL_NERVOUS_SYSTEM,4,2,-2.052569883534291,-1.3285883502530087,0.04379411615718036,False
SNB75_CENTRAL_NERVOUS_SYSTEM,4,3,0.4280020015318593,0.16287062447787445,0.03711579416455177,False
SNB75_CENTRAL_NERVOUS_SYSTEM,4,4,-1.7540506600170471,-0.04387409123794606,0.03461965614621904,False
SNB75_CENTRAL_NERVOUS_SYSTEM,4,5,-0.06903268322205358,0.26002693857921416,0.03027385548609058,False
SNB75_CENTRAL_NERVOUS_SYSTEM,4,6,0.7042208980508797,2.74090243506783,0.02710364954450581,False
SNB75_CENTRAL_NERVOUS_SYSTEM,4,7,0.2584306692981817,1.1722761691592984,0.024433154043672297,False
SNB75_CENTRAL_NERVOUS_SYSTEM,4,8,2.7344792646666045,4.191279689330505,0.02386183277034201,False
SNB75_CENTRAL_NERVOUS_SYSTEM,4,9,-0.46585740963915323,0.33582412873809164,0.02326810101109254,False
SNB75_CENTRAL_NERVOUS_SYSTEM,4,10,1.7784715793700447,1.2106477159344466,0.021837312669596712,False
SNB75_CENTRAL_NERVOUS_SYSTEM,4,11,-1.3740043906770687,-2.0874317794760056,0.02147813746514201,False
SNB75_CENTRAL_NERVOUS_SYSTEM,4,12,1.3196599362618606,0.429329610291517,0.02129322522442904,False
SNB75_CENTRAL_NERVOUS_SYSTEM,4,13,0.23316267735765878,-2.090015233748459,0.020619682022173555,False
SNB75_CENTRAL_NERVOUS_SYSTEM,4,14,-2.220975015445429,-1.7184172392279562,0.019619415249490558,False
SNB75_CENTRAL_NERVOUS_SYSTEM,4,15,-2.1717292595338487,-2.7589990511074,0.018954584679123535,False
SNB75_CENTRAL_NERVOUS_SYSTEM,4,16,-0.9940065311838768,-0.130976487130109,0.017317768617426812,False
SNB75_CENTRAL_NERVOUS_SYSTEM,4,17,0.5899015324067686,2.182958024734849,0.016570387755434443,False
SNB75_CENTRAL_NERVOUS_SYSTEM,4,18,-1.050931923825,-0.011230280097736689,0.0159624783932047,False
SNB75_CENTRAL_NERVOUS_SYSTEM,4,19,0.8381703299190881,-0.23161144544141654,0.015596100867483451,False
SNB75_CENTRAL_NERVOUS_SYSTEM,4,20,-1.1159369897428943,-0.4713117313386288,0.014553103999559046,False
SNU245_BILIARY_TRACT,4,1,-3.184522423241944,-0.8227646176498433,0.06162397086811559,False
SNU245_BILIARY_TRACT,4,2,0.005090928069380052,1.309652411812245,0.04379411615718036,False
SNU245_BILIARY_TRACT,4,3,-0.30622310628605653,-0.5673497117224922,0.03711579416455177,False
SNU245_BILIARY_TRACT,4,4,-0.37817142496606415,0.7592443212573399,0.03461965614621904,False
SNU245_BILIARY_TRACT,4,5,-1.0544934127262149,0.519237709871798,0.03027385548609058,False
SNU245_BILIARY_TRACT,4,6,-2.843995671873851,-1.3694373317732893,0.02710364954450581,False
SNU245_BILIARY_TRACT,4,7,0.27692395243637025,-1.4541414246642606,0.024433154043672297,False
SNU245_BILIARY_TRACT,4,8,-5.110024477323295,-5.321223184883422,0.02386183277034201,False
SNU245_BILIARY_TRACT,4,9,0.28978782724576385,2.8220625300939592,0.02326810101109254,False
SNU245_BILIARY_TRACT,4,10,-2.268368484338958,0.8498347561200159,0.021837312669596712,False
SNU245_BILIARY_TRACT,4,11,2.796296462382216,3.615263621618375,0.02147813746514201,False
SNU245_BILIARY_TRACT,4,12,-0.17893678245928601,-3.1547065168222432,0.02129322522442904,False
SNU245_BILIARY_TRACT,4,13,0.15988391082663878,-0.29237346763312333,0.020619682022173555,False
SNU245_BILIARY_TRACT,4,14,2.1445155913889113,1.450337452574852,0.019619415249490558,False
SNU245_BILIARY_TRACT,4,15,3.913440458699602,1.0424413381872983,0.018954584679123535,False
SNU245_BILIARY_TRACT,4,16,2.4656575800482203,1.6545984432255776,0.017317768617426812,False
SNU245_BILIARY_TRACT,4,17,0.00022868929637406138,1.5523935734221717,0.016570387755434443,False
SNU245_BILIARY_TRACT,4,18,-1.876441543433216,0.2097650760883881,0.0159624783932047,False
SNU245_BILIARY_TRACT,4,19,-2.1724180335858216,-0.4610591169833133,0.015596100867483451,False
SNU245_BILIARY_TRACT,4,20,0.6569347622747881,-0.6728879800142822,0.014553103999559046,False
TE11_OESOPHAGUS,4,1,7.985169865627043,-4.6304004920516215,0.06162397086811559,False
TE11_OESOPHAGUS,4,2,0.8475622564077296,7.783033710653449,0.04379411615718036,False
TE11_OESOPHAGUS,4,3,2.1437603604158206,6.351348038997545,0.03711579416455177,False
TE11_OESOPHAGUS,4,4,-1.8846880493668738,-1.4605812392370408,0.03461965614621904,False
TE11_OESOPHAGUS,4,5,-0.8258043892085236,-1.4065894767709775,0.03027385548609058,False
TE11_OESOPHAGUS,4,6,-1.3261462394797099,0.2406361305380489,0.02710364954450581,False
TE11_OESOPHAGUS,4,7,-1.4433726343775004,1.015172309601811,0.024433154043672297,False
TE11_OESOPHAGUS,4,8,0.23221224193971157,0.14734395483399768,0.02386183277034201,False
TE11_OESOPHAGUS,4,9,-5.153638075234889,-5.62641168707647,0.02326810101109254,False
TE11_OESOPHAGUS,4,10,1.1083411020769967,1.5433311470377933,0.021837312669596712,False
TE11_OESOPHAGUS,4,11,0.8094823537178483,2.7743898045640085,0.02147813746514201,False
TE11_OESOPHAGUS,4,12,1.3839391880259595,0.5358268739121411,0.02129322522442904,False
TE11_OESOPHAGUS,4,13,0.38250228247551166,0.4670912017536631,0.020619682022173555,False
TE11_OESOPHAGUS,4,14,-0.04641756005553144,-1.318707200037492,0.019619415249490558,False
TE11_OESOPHAGUS,4,15,2.22916499269161,0.37755679020239163,0.018954584679123535,False
TE11_OESOPHAGUS,4,16,-0.2972851446499558,-0.33156285907905314,0.017317768617426812,False
TE11_OESOPHAGUS,4,17,3.153285787099276,1.435791680106118,0.016570387755434443,False
TE11_OESOPHAGUS,4,18,0.9422347730817928,0.75321776501431,0.0159624783932047,False
TE11_OESOPHAGUS,4,19,-1.794532527406349,-2.4532441202161834,0.015596100867483451,False
TE11_OESOPHAGUS,4,20,-2.0916167042459715,-3.12108542141519,0.014553103999559046,False
